

TRUNCATE TABLE TBBOLETO;
TRUNCATE TABLE TBBOLETOEMAILXHISTORICO;
TRUNCATE TABLE TBBOLETOXHISTORICOS;
TRUNCATE TABLE TBCENTROCUSTO;
TRUNCATE TABLE TBCOLABORADOR;
TRUNCATE TABLE TBCOLABORADOR_FUNCAO;
TRUNCATE TABLE TBCOMPXOBRIG;
TRUNCATE TABLE TBEMPRESA;
TRUNCATE TABLE TBEMPRESAPRODUTO;
TRUNCATE TABLE TBEMPRESAUSUARIO;
TRUNCATE TABLE TBEMPRESAXARQUIVOS;
TRUNCATE TABLE TBEMPRESAXCCEMAIL;
TRUNCATE TABLE TBEMPRESA_IMPORTACOES;
TRUNCATE TABLE TBEMPRESA_OBRIGACOES;
TRUNCATE TABLE TBEMPRESA_SINDICATO;
TRUNCATE TABLE TBESFERAOBRIGACAO;
TRUNCATE TABLE TBFORNEC;
TRUNCATE TABLE TBFORNECEDOR;
TRUNCATE TABLE TBFORNECEDORX;
TRUNCATE TABLE TBINDICEREAJUSTE;
TRUNCATE TABLE TBLOG;
TRUNCATE TABLE TBMOVIMENTACAO;
TRUNCATE TABLE TBMUNICIPIO;
TRUNCATE TABLE TBOBRIGACOES;
TRUNCATE TABLE TBOBRIGACOESMENSAL;
TRUNCATE TABLE TBORIGEMOBRIGACAO;
TRUNCATE TABLE TBPERIODICIDADE;
TRUNCATE TABLE TBPLANOCONTAS;
TRUNCATE TABLE TBPLCONTA;
TRUNCATE TABLE TBPRODUTO;
TRUNCATE TABLE TBPRODUTOSUBPRODUTO;
TRUNCATE TABLE TBRESPONSAVEL_EMPRESA;
TRUNCATE TABLE TBSETOR;
TRUNCATE TABLE TBSETORFTP;
TRUNCATE TABLE TBSINDICATO;
TRUNCATE TABLE TBSITUACAO;
TRUNCATE TABLE TBSTATUS;
TRUNCATE TABLE TBSUBPRODUTO;
TRUNCATE TABLE TBTEMP;
TRUNCATE TABLE TBTIPOCERTIFICADO;
TRUNCATE TABLE TBTIPOFATURAMENTO;
TRUNCATE TABLE TBTIPOOBRIGACAO;
TRUNCATE TABLE TBTRIBUTACAO;
TRUNCATE TABLE TBUSUARIO;
TRUNCATE TABLE TBBANCO;
TRUNCATE TABLE TBBANCOEMPRESA;
TRUNCATE TABLE TBCNAE;


INSERT INTO `TBBANCO` (`CODIGOBANCO`, `NOMEBANCO`) VALUES
(341, 'ITAU'),
(1, 'BANCO DO BRASIL'),
(399, 'HSBC'),
(9998, 'EVENTOS'),
(9999, 'FUNDO FIXO'),
(356, 'SANTANDER'),
(342, 'ITAU - LSC'),
(343, 'SCL - ITAU');



INSERT INTO `TBBOLETO` (`COD_BOLETO`, `COD_EMPRESA`, `STATUS`, `DATAREGISTRO`, `COD_USUARIO`, `DATACANCELAMENTO`, `COD_USUARIOCANCELAMENTO`) VALUES
(56, 1089, 1, '2020-06-21 22:26:26', '2', NULL, NULL),
(57, 443, 1, '2020-06-23 14:02:12', '1', NULL, NULL),
(58, 409, 1, '2020-06-26 09:48:58', '1', NULL, NULL),
(59, 657, 1, '2020-06-26 09:48:58', '1', NULL, NULL),
(60, 872, 1, '2020-06-26 09:48:58', '1', NULL, NULL),
(61, 579, 1, '2020-06-26 09:48:58', '1', NULL, NULL),
(62, 581, 1, '2020-06-26 09:48:58', '1', NULL, NULL),
(63, 684, 1, '2020-06-26 09:48:58', '1', NULL, NULL),
(64, 996, 1, '2020-06-26 09:48:58', '1', NULL, NULL),
(65, 991, 1, '2020-06-26 09:48:58', '1', NULL, NULL),
(66, 726, 1, '2020-06-26 09:48:58', '1', NULL, NULL),
(67, 566, 1, '2020-06-26 09:48:58', '1', NULL, NULL),
(68, 412, 1, '2020-06-26 09:48:58', '1', NULL, NULL),
(69, 1020, 1, '2020-06-26 09:48:58', '1', NULL, NULL),
(70, 689, 1, '2020-06-26 09:48:58', '1', NULL, NULL),
(71, 815, 1, '2020-06-26 09:48:58', '1', NULL, NULL),
(72, 1043, 1, '2020-06-26 09:48:58', '1', NULL, NULL),
(73, 1042, 1, '2020-06-26 09:48:58', '1', NULL, NULL),
(74, 1064, 1, '2020-06-26 09:48:58', '1', NULL, NULL),
(75, 1063, 1, '2020-06-26 09:48:58', '1', NULL, NULL),
(76, 414, 1, '2020-06-26 09:48:58', '1', NULL, NULL),
(77, 415, 1, '2020-06-26 09:48:58', '1', NULL, NULL),
(78, 1088, 1, '2020-06-26 09:48:58', '1', NULL, NULL),
(79, 416, 1, '2020-06-26 09:48:58', '1', NULL, NULL),
(80, 871, 1, '2020-06-26 09:48:58', '1', NULL, NULL),
(81, 633, 1, '2020-06-26 09:48:58', '1', NULL, NULL),
(82, 1006, 1, '2020-06-26 09:48:58', '1', NULL, NULL),
(83, 812, 1, '2020-06-26 09:48:58', '1', NULL, NULL),
(84, 418, 1, '2020-06-26 09:48:58', '1', NULL, NULL),
(85, 417, 1, '2020-06-26 09:48:58', '1', NULL, NULL),
(86, 907, 1, '2020-06-26 09:48:58', '1', NULL, NULL),
(87, 609, 1, '2020-06-26 09:48:58', '1', NULL, NULL),
(88, 891, 1, '2020-06-26 09:48:58', '1', NULL, NULL),
(89, 420, 1, '2020-06-26 09:48:58', '1', NULL, NULL),
(90, 899, 1, '2020-06-26 09:48:58', '1', NULL, NULL),
(91, 964, 1, '2020-06-26 09:48:58', '1', NULL, NULL),
(92, 924, 1, '2020-06-26 09:48:58', '1', NULL, NULL),
(93, 423, 1, '2020-06-26 09:48:58', '1', NULL, NULL),
(94, 923, 1, '2020-06-26 09:48:58', '1', NULL, NULL),
(95, 1039, 1, '2020-06-26 09:48:58', '1', NULL, NULL),
(96, 1085, 1, '2020-06-26 09:48:58', '1', NULL, NULL),
(97, 1025, 1, '2020-06-26 09:48:58', '1', NULL, NULL),
(98, 426, 1, '2020-06-26 09:48:58', '1', NULL, NULL),
(99, 427, 1, '2020-06-26 09:48:58', '1', NULL, NULL),
(100, 988, 1, '2020-06-26 09:48:58', '1', NULL, NULL),
(101, 462, 1, '2020-06-26 09:48:58', '1', NULL, NULL),
(102, 1068, 1, '2020-06-26 09:48:58', '1', NULL, NULL),
(103, 1038, 1, '2020-06-26 09:48:58', '1', NULL, NULL),
(104, 883, 1, '2020-06-26 09:48:58', '1', NULL, NULL),
(105, 893, 1, '2020-06-26 09:48:58', '1', NULL, NULL),
(106, 894, 1, '2020-06-26 09:48:58', '1', NULL, NULL),
(107, 857, 1, '2020-06-26 09:48:58', '1', NULL, NULL),
(108, 776, 1, '2020-06-26 09:48:58', '1', NULL, NULL),
(109, 777, 1, '2020-06-26 09:48:58', '1', NULL, NULL),
(110, 515, 1, '2020-06-26 09:48:58', '1', NULL, NULL),
(111, 1070, 1, '2020-06-26 09:48:58', '1', NULL, NULL),
(112, 851, 1, '2020-06-26 09:48:58', '1', NULL, NULL),
(113, 434, 1, '2020-06-26 09:48:58', '1', NULL, NULL),
(114, 1055, 1, '2020-06-26 09:48:58', '1', NULL, NULL),
(115, 1049, 1, '2020-06-26 09:48:58', '1', NULL, NULL),
(116, 981, 1, '2020-06-26 09:48:58', '1', NULL, NULL),
(117, 799, 1, '2020-06-26 09:48:58', '1', NULL, NULL),
(118, 913, 1, '2020-06-26 09:48:58', '1', NULL, NULL),
(119, 436, 1, '2020-06-26 09:48:58', '1', NULL, NULL),
(120, 1053, 1, '2020-06-26 09:48:58', '1', NULL, NULL),
(121, 939, 1, '2020-06-26 09:48:58', '1', NULL, NULL),
(122, 611, 1, '2020-06-26 09:48:58', '1', NULL, NULL),
(123, 782, 1, '2020-06-26 09:48:58', '1', NULL, NULL),
(124, 903, 1, '2020-06-26 09:48:59', '1', NULL, NULL),
(125, 965, 1, '2020-06-26 09:48:59', '1', NULL, NULL),
(126, 905, 1, '2020-06-26 09:48:59', '1', NULL, NULL),
(127, 877, 1, '2020-06-26 09:48:59', '1', NULL, NULL),
(128, 1056, 1, '2020-06-26 09:48:59', '1', NULL, NULL),
(129, 1048, 1, '2020-06-26 09:48:59', '1', NULL, NULL),
(130, 970, 1, '2020-06-26 09:48:59', '1', NULL, NULL),
(131, 1076, 1, '2020-06-26 09:48:59', '1', NULL, NULL),
(132, 850, 1, '2020-06-26 09:48:59', '1', NULL, NULL),
(133, 946, 1, '2020-06-26 09:48:59', '1', NULL, NULL),
(134, 640, 1, '2020-06-26 09:48:59', '1', NULL, NULL),
(135, 440, 1, '2020-06-26 09:48:59', '1', NULL, NULL),
(136, 648, 1, '2020-06-26 09:48:59', '1', NULL, NULL),
(137, 786, 1, '2020-06-26 09:48:59', '1', NULL, NULL),
(138, 813, 1, '2020-06-26 09:48:59', '1', NULL, NULL),
(139, 889, 1, '2020-06-26 09:48:59', '1', NULL, NULL),
(140, 982, 1, '2020-06-26 09:48:59', '1', NULL, NULL),
(141, 994, 1, '2020-06-26 09:48:59', '1', NULL, NULL),
(142, 805, 1, '2020-06-26 09:48:59', '1', NULL, NULL),
(143, 989, 1, '2020-06-26 09:48:59', '1', NULL, NULL),
(144, 446, 1, '2020-06-26 09:48:59', '1', NULL, NULL),
(145, 1013, 1, '2020-06-26 09:48:59', '1', NULL, NULL),
(146, 493, 1, '2020-06-26 09:48:59', '1', NULL, NULL),
(147, 659, 1, '2020-06-26 09:48:59', '1', NULL, NULL),
(148, 993, 1, '2020-06-26 09:48:59', '1', NULL, NULL),
(149, 984, 1, '2020-06-26 09:48:59', '1', NULL, NULL),
(150, 940, 1, '2020-06-26 09:48:59', '1', NULL, NULL),
(151, 904, 1, '2020-06-26 09:48:59', '1', NULL, NULL),
(152, 995, 1, '2020-06-26 09:48:59', '1', NULL, NULL),
(153, 775, 1, '2020-06-26 09:48:59', '1', NULL, NULL),
(154, 990, 1, '2020-06-26 09:48:59', '1', NULL, NULL),
(155, 992, 1, '2020-06-26 09:48:59', '1', NULL, NULL),
(156, 1024, 1, '2020-06-26 09:48:59', '1', NULL, NULL),
(157, 1071, 1, '2020-06-26 09:48:59', '1', NULL, NULL),
(158, 674, 1, '2020-06-26 09:48:59', '1', NULL, NULL),
(159, 1069, 1, '2020-06-26 09:48:59', '1', NULL, NULL),
(160, 986, 1, '2020-06-26 09:48:59', '1', NULL, NULL),
(161, 670, 1, '2020-06-26 09:48:59', '1', NULL, NULL),
(162, 460, 1, '2020-06-26 09:48:59', '1', NULL, NULL),
(163, 1002, 1, '2020-06-26 09:48:59', '1', NULL, NULL),
(164, 954, 1, '2020-06-26 09:48:59', '1', NULL, NULL),
(165, 969, 1, '2020-06-26 09:48:59', '1', NULL, NULL),
(166, 839, 1, '2020-06-26 09:48:59', '1', NULL, NULL),
(167, 908, 1, '2020-06-26 09:48:59', '1', NULL, NULL),
(168, 879, 1, '2020-06-26 09:48:59', '1', NULL, NULL),
(169, 1009, 1, '2020-06-26 09:48:59', '1', NULL, NULL),
(170, 723, 1, '2020-06-26 09:48:59', '1', NULL, NULL),
(171, 997, 1, '2020-06-26 09:48:59', '1', NULL, NULL),
(172, 960, 1, '2020-06-26 09:48:59', '1', NULL, NULL),
(173, 958, 1, '2020-06-26 09:48:59', '1', NULL, NULL),
(174, 465, 1, '2020-06-26 09:48:59', '1', NULL, NULL),
(175, 959, 1, '2020-06-26 09:48:59', '1', NULL, NULL),
(176, 573, 1, '2020-06-26 09:48:59', '1', NULL, NULL),
(177, 1058, 1, '2020-06-26 09:48:59', '1', NULL, NULL),
(178, 466, 1, '2020-06-26 09:48:59', '1', NULL, NULL),
(179, 600, 1, '2020-06-26 09:48:59', '1', NULL, NULL),
(180, 601, 1, '2020-06-26 09:48:59', '1', NULL, NULL),
(181, 602, 1, '2020-06-26 09:48:59', '1', NULL, NULL),
(182, 468, 1, '2020-06-26 09:48:59', '1', NULL, NULL),
(183, 843, 1, '2020-06-26 09:48:59', '1', NULL, NULL),
(184, 822, 1, '2020-06-26 09:48:59', '1', NULL, NULL),
(185, 814, 1, '2020-06-26 09:48:59', '1', NULL, NULL),
(186, 469, 1, '2020-06-26 09:48:59', '1', NULL, NULL),
(187, 937, 1, '2020-06-26 09:48:59', '1', NULL, NULL),
(188, 429, 1, '2020-06-26 09:48:59', '1', NULL, NULL),
(189, 1082, 1, '2020-06-26 09:48:59', '1', NULL, NULL),
(190, 727, 1, '2020-06-26 09:48:59', '1', NULL, NULL),
(191, 1004, 1, '2020-06-26 09:48:59', '1', NULL, NULL),
(192, 922, 1, '2020-06-26 09:48:59', '1', NULL, NULL),
(193, 881, 1, '2020-06-26 09:48:59', '1', NULL, NULL),
(194, 998, 1, '2020-06-26 09:48:59', '1', NULL, NULL),
(195, 925, 1, '2020-06-26 09:48:59', '1', NULL, NULL),
(196, 929, 1, '2020-06-26 09:48:59', '1', NULL, NULL),
(197, 1075, 1, '2020-06-26 09:48:59', '1', NULL, NULL),
(198, 873, 1, '2020-06-26 09:48:59', '1', NULL, NULL),
(199, 1080, 1, '2020-06-26 09:48:59', '1', NULL, NULL),
(200, 1041, 1, '2020-06-26 09:48:59', '1', NULL, NULL),
(201, 848, 1, '2020-06-26 09:48:59', '1', NULL, NULL),
(202, 819, 1, '2020-06-26 09:48:59', '1', NULL, NULL),
(203, 934, 1, '2020-06-26 09:48:59', '1', NULL, NULL),
(204, 1073, 1, '2020-06-26 09:48:59', '1', NULL, NULL),
(205, 649, 1, '2020-06-26 09:48:59', '1', NULL, NULL),
(206, 820, 1, '2020-06-26 09:48:59', '1', NULL, NULL),
(207, 535, 1, '2020-06-26 09:48:59', '1', NULL, NULL),
(208, 829, 1, '2020-06-26 09:48:59', '1', NULL, NULL),
(209, 1051, 1, '2020-06-26 09:48:59', '1', NULL, NULL),
(210, 882, 1, '2020-06-26 09:48:59', '1', NULL, NULL),
(211, 860, 1, '2020-06-26 09:48:59', '1', NULL, NULL),
(212, 795, 1, '2020-06-26 09:48:59', '1', NULL, NULL),
(213, 1077, 1, '2020-06-26 09:48:59', '1', NULL, NULL),
(214, 473, 1, '2020-06-26 09:48:59', '1', NULL, NULL),
(215, 838, 1, '2020-06-26 09:48:59', '1', NULL, NULL),
(216, 1007, 1, '2020-06-26 09:48:59', '1', NULL, NULL),
(217, 1001, 1, '2020-06-26 09:48:59', '1', NULL, NULL),
(218, 575, 1, '2020-06-26 09:48:59', '1', NULL, NULL),
(219, 1087, 1, '2020-06-26 09:48:59', '1', NULL, NULL),
(220, 564, 1, '2020-06-26 09:48:59', '1', NULL, NULL),
(221, 1081, 1, '2020-06-26 09:48:59', '1', NULL, NULL),
(222, 967, 1, '2020-06-26 09:48:59', '1', NULL, NULL),
(223, 1052, 1, '2020-06-26 09:48:59', '1', NULL, NULL),
(224, 828, 1, '2020-06-26 09:48:59', '1', NULL, NULL),
(225, 480, 1, '2020-06-26 09:48:59', '1', NULL, NULL),
(226, 598, 1, '2020-06-26 09:48:59', '1', NULL, NULL),
(227, 482, 1, '2020-06-26 09:48:59', '1', NULL, NULL),
(228, 729, 1, '2020-06-26 09:48:59', '1', NULL, NULL),
(229, 484, 1, '2020-06-26 09:48:59', '1', NULL, NULL),
(230, 869, 1, '2020-06-26 09:48:59', '1', NULL, NULL),
(231, 823, 1, '2020-06-26 09:48:59', '1', NULL, NULL),
(232, 673, 1, '2020-06-26 09:48:59', '1', NULL, NULL),
(233, 1045, 1, '2020-06-26 09:48:59', '1', NULL, NULL),
(234, 736, 1, '2020-06-26 09:48:59', '1', NULL, NULL),
(235, 942, 1, '2020-06-26 09:48:59', '1', NULL, NULL),
(236, 861, 1, '2020-06-26 09:48:59', '1', NULL, NULL),
(237, 837, 1, '2020-06-26 09:48:59', '1', NULL, NULL),
(238, 487, 1, '2020-06-26 09:48:59', '1', NULL, NULL),
(239, 916, 1, '2020-06-26 09:48:59', '1', NULL, NULL),
(240, 818, 1, '2020-06-26 09:48:59', '1', NULL, NULL),
(241, 825, 1, '2020-06-26 09:48:59', '1', NULL, NULL),
(242, 1074, 1, '2020-06-26 09:48:59', '1', NULL, NULL),
(243, 931, 1, '2020-06-26 09:48:59', '1', NULL, NULL),
(244, 631, 1, '2020-06-26 09:48:59', '1', NULL, NULL),
(245, 638, 1, '2020-06-26 09:48:59', '1', NULL, NULL),
(246, 863, 1, '2020-06-26 09:48:59', '1', NULL, NULL),
(247, 919, 1, '2020-06-26 09:48:59', '1', NULL, NULL),
(248, 920, 1, '2020-06-26 09:48:59', '1', NULL, NULL),
(249, 1067, 1, '2020-06-26 09:48:59', '1', NULL, NULL),
(250, 809, 1, '2020-06-26 09:48:59', '1', NULL, NULL),
(251, 1054, 1, '2020-06-26 09:48:59', '1', NULL, NULL),
(252, 1083, 1, '2020-06-26 09:48:59', '1', NULL, NULL),
(253, 607, 1, '2020-06-26 09:48:59', '1', NULL, NULL),
(254, 876, 1, '2020-06-26 09:48:59', '1', NULL, NULL),
(255, 807, 1, '2020-06-26 09:48:59', '1', NULL, NULL),
(256, 495, 1, '2020-06-26 09:48:59', '1', NULL, NULL),
(257, 1032, 1, '2020-06-26 09:48:59', '1', NULL, NULL),
(258, 497, 1, '2020-06-26 09:48:59', '1', NULL, NULL),
(259, 519, 1, '2020-06-26 09:48:59', '1', NULL, NULL),
(260, 968, 1, '2020-06-26 09:48:59', '1', NULL, NULL),
(261, 499, 1, '2020-06-26 09:48:59', '1', NULL, NULL),
(262, 1037, 1, '2020-06-26 09:48:59', '1', NULL, NULL),
(263, 1033, 1, '2020-06-26 09:48:59', '1', NULL, NULL),
(264, 1034, 1, '2020-06-26 09:48:59', '1', NULL, NULL),
(265, 1035, 1, '2020-06-26 09:48:59', '1', NULL, NULL),
(266, 797, 1, '2020-06-26 09:48:59', '1', NULL, NULL),
(267, 735, 1, '2020-06-26 09:48:59', '1', NULL, NULL),
(268, 1011, 1, '2020-06-26 09:48:59', '1', NULL, NULL),
(269, 902, 1, '2020-06-26 09:48:59', '1', NULL, NULL),
(270, 956, 1, '2020-06-26 09:48:59', '1', NULL, NULL),
(271, 974, 1, '2020-06-26 09:48:59', '1', NULL, NULL),
(272, 948, 1, '2020-06-26 09:48:59', '1', NULL, NULL),
(273, 510, 1, '2020-06-26 09:48:59', '1', NULL, NULL),
(274, 928, 1, '2020-06-26 09:48:59', '1', NULL, NULL),
(275, 745, 1, '2020-06-26 09:48:59', '1', NULL, NULL),
(276, 512, 1, '2020-06-26 09:48:59', '1', NULL, NULL),
(277, 641, 1, '2020-06-26 09:48:59', '1', NULL, NULL),
(278, 985, 1, '2020-06-26 09:48:59', '1', NULL, NULL),
(279, 976, 1, '2020-06-26 09:48:59', '1', NULL, NULL),
(280, 724, 1, '2020-06-26 09:48:59', '1', NULL, NULL),
(281, 1084, 1, '2020-06-26 09:48:59', '1', NULL, NULL),
(282, 570, 1, '2020-06-26 09:48:59', '1', NULL, NULL),
(283, 728, 1, '2020-06-26 09:48:59', '1', NULL, NULL),
(284, 737, 1, '2020-06-26 09:48:59', '1', NULL, NULL),
(285, 1057, 1, '2020-06-26 09:49:00', '1', NULL, NULL),
(286, 1086, 1, '2020-06-26 09:49:00', '1', NULL, NULL),
(287, 783, 1, '2020-06-26 09:49:00', '1', NULL, NULL),
(288, 955, 1, '2020-06-26 09:49:00', '1', NULL, NULL),
(289, 739, 1, '2020-06-26 09:49:00', '1', NULL, NULL),
(290, 966, 1, '2020-06-26 09:49:00', '1', NULL, NULL),
(291, 744, 1, '2020-06-26 09:49:00', '1', NULL, NULL),
(292, 1050, 1, '2020-06-26 09:49:00', '1', NULL, NULL),
(293, 874, 1, '2020-06-26 09:49:00', '1', NULL, NULL),
(294, 949, 1, '2020-06-26 09:49:00', '1', NULL, NULL),
(295, 522, 1, '2020-06-26 09:49:00', '1', NULL, NULL),
(296, 971, 1, '2020-06-26 09:49:00', '1', NULL, NULL),
(297, 880, 1, '2020-06-26 09:49:00', '1', NULL, NULL),
(298, 910, 1, '2020-06-26 09:49:00', '1', NULL, NULL),
(299, 1066, 1, '2020-06-26 09:49:00', '1', NULL, NULL),
(300, 983, 1, '2020-06-26 09:49:00', '1', NULL, NULL),
(301, 1060, 1, '2020-06-26 09:49:00', '1', NULL, NULL),
(302, 1036, 1, '2020-06-26 09:49:00', '1', NULL, NULL),
(303, 1072, 1, '2020-06-26 09:49:00', '1', NULL, NULL),
(304, 1078, 1, '2020-06-26 09:49:00', '1', NULL, NULL),
(305, 1091, 1, '2020-07-20 16:12:26', '1', NULL, NULL),
(306, 1090, 1, '2020-07-20 16:12:26', '1', NULL, NULL),
(307, 1092, 1, '2020-08-18 16:13:31', '863', NULL, NULL),
(308, 1093, 1, '2020-08-18 16:13:32', '863', NULL, NULL),
(309, 1097, 1, '2020-09-09 21:19:05', '2', NULL, NULL),
(310, 1095, 1, '2020-09-09 21:19:05', '2', NULL, NULL),
(311, 1095, 1, '2020-09-09 21:19:05', '2', NULL, NULL),
(312, 1096, 1, '2020-09-09 21:19:05', '2', NULL, NULL),
(313, 1096, 1, '2020-09-09 21:19:05', '2', NULL, NULL),
(314, 1094, 1, '2020-09-09 21:19:05', '2', NULL, NULL),
(315, 1094, 1, '2020-09-09 21:19:05', '2', NULL, NULL),
(316, 1100, 1, '2020-09-21 17:55:48', '863', NULL, NULL),
(317, 1101, 1, '2020-09-21 17:55:48', '863', NULL, NULL),
(318, 1099, 1, '2020-09-21 17:55:48', '863', NULL, NULL),
(319, 1102, 1, '2020-09-21 17:55:48', '863', NULL, NULL),
(320, 1098, 1, '2020-09-21 17:55:48', '863', NULL, NULL),
(321, 1103, 1, '2020-09-21 17:55:48', '863', NULL, NULL),
(322, 1104, 1, '2020-10-21 16:21:31', '863', NULL, NULL),
(323, 1108, 1, '2020-10-21 16:21:32', '863', NULL, NULL),
(324, 1106, 1, '2020-10-21 16:21:32', '863', NULL, NULL),
(325, 1107, 1, '2020-10-21 16:21:32', '863', NULL, NULL),
(326, 1105, 1, '2020-10-21 16:21:32', '863', NULL, NULL),
(327, 1111, 1, '2020-11-19 16:58:09', '863', NULL, NULL),
(328, 1112, 1, '2020-11-19 16:58:09', '863', NULL, NULL),
(329, 1110, 1, '2020-11-19 16:58:09', '863', NULL, NULL),
(330, 1109, 1, '2020-11-19 16:58:09', '863', NULL, NULL),
(331, 1113, 1, '2020-12-17 10:37:54', '863', NULL, NULL),
(332, 1116, 1, '2020-12-17 10:37:54', '863', NULL, NULL),
(333, 1115, 1, '2020-12-17 10:37:54', '863', NULL, NULL),
(334, 1117, 1, '2020-12-17 10:37:54', '863', NULL, NULL),
(335, 1114, 1, '2020-12-17 10:37:54', '863', NULL, NULL),
(336, 1118, 1, '2020-12-17 10:37:54', '863', NULL, NULL),
(337, 1119, 1, '2020-12-17 10:37:54', '863', NULL, NULL),
(338, 1125, 1, '2021-01-21 15:43:56', '863', NULL, NULL),
(339, 1122, 1, '2021-01-21 15:43:56', '863', NULL, NULL),
(340, 1126, 1, '2021-01-21 15:43:56', '863', NULL, NULL),
(341, 1123, 1, '2021-01-21 15:43:56', '863', NULL, NULL),
(342, 1120, 1, '2021-01-21 15:43:56', '863', NULL, NULL),
(343, 1124, 1, '2021-01-21 15:43:56', '863', NULL, NULL),
(344, 1121, 1, '2021-01-21 15:43:56', '863', NULL, NULL),
(345, 1127, 1, '2021-02-22 12:06:47', '863', NULL, NULL),
(346, 1128, 1, '2021-02-22 12:06:47', '863', NULL, NULL),
(347, 1131, 1, '2021-04-20 08:51:48', '863', NULL, NULL),
(348, 1130, 1, '2021-04-20 08:51:48', '863', NULL, NULL),
(349, 1129, 1, '2021-04-20 08:51:48', '863', NULL, NULL),
(350, 1133, 1, '2021-05-24 13:34:50', '867', NULL, NULL),
(351, 1132, 1, '2021-05-25 08:21:01', '863', NULL, NULL),
(352, 1134, 1, '2021-05-25 08:27:26', '863', NULL, NULL),
(353, 1136, 1, '2021-06-21 10:07:55', '863', NULL, NULL),
(354, 1135, 1, '2021-06-21 10:07:55', '863', NULL, NULL),
(355, 1139, 1, '2021-07-23 08:25:13', '863', NULL, NULL),
(356, 1137, 1, '2021-07-23 08:25:13', '863', NULL, NULL),
(357, 1142, 1, '2021-07-23 08:25:13', '863', NULL, NULL),
(358, 1140, 1, '2021-07-23 08:25:13', '863', NULL, NULL),
(359, 979, 1, '2021-07-23 08:25:13', '863', NULL, NULL),
(360, 1141, 1, '2021-07-23 08:25:13', '863', NULL, NULL),
(361, 932, 1, '2021-07-23 08:25:13', '863', NULL, NULL),
(362, 1147, 1, '2021-08-23 10:55:02', '863', NULL, NULL),
(363, 1164, 1, '2021-08-23 10:55:02', '863', NULL, NULL),
(364, 1165, 1, '2021-08-23 10:55:02', '863', NULL, NULL),
(365, 1143, 1, '2021-08-23 10:55:02', '863', NULL, NULL),
(366, 1159, 1, '2021-08-23 10:55:02', '863', NULL, NULL),
(367, 1153, 1, '2021-08-23 10:55:02', '863', NULL, NULL),
(368, 1146, 1, '2021-08-23 10:55:02', '863', NULL, NULL),
(369, 1158, 1, '2021-08-23 10:55:02', '863', NULL, NULL),
(370, 1149, 1, '2021-08-23 10:55:02', '863', NULL, NULL),
(371, 1150, 1, '2021-08-23 10:55:02', '863', NULL, NULL),
(372, 1163, 1, '2021-08-23 10:55:02', '863', NULL, NULL),
(373, 1144, 1, '2021-08-23 10:55:02', '863', NULL, NULL),
(374, 1157, 1, '2021-08-23 10:55:02', '863', NULL, NULL),
(375, 1151, 1, '2021-08-23 10:55:02', '863', NULL, NULL),
(376, 1154, 1, '2021-08-23 10:55:02', '863', NULL, NULL),
(377, 1160, 1, '2021-08-23 10:55:02', '863', NULL, NULL),
(378, 1161, 1, '2021-08-23 10:55:02', '863', NULL, NULL),
(379, 1162, 1, '2021-08-23 10:55:02', '863', NULL, NULL),
(380, 1145, 1, '2021-08-23 10:55:02', '863', NULL, NULL),
(381, 1152, 1, '2021-08-23 10:55:02', '863', NULL, NULL),
(382, 1156, 1, '2021-08-23 10:55:02', '863', NULL, NULL),
(383, 1155, 1, '2021-08-23 10:55:02', '863', NULL, NULL),
(384, 1148, 1, '2021-08-23 10:55:02', '863', NULL, NULL),
(385, 1169, 1, '2021-09-24 14:41:28', '863', NULL, NULL),
(386, 1166, 1, '2021-09-24 14:41:28', '863', NULL, NULL),
(387, 1168, 1, '2021-09-24 14:41:28', '863', NULL, NULL),
(388, 1167, 1, '2021-09-24 14:41:28', '863', NULL, NULL),
(389, 1171, 1, '2021-10-21 08:29:09', '863', NULL, NULL),
(390, 1172, 1, '2021-10-21 08:29:09', '863', NULL, NULL),
(391, 1173, 1, '2021-10-21 08:29:09', '863', NULL, NULL),
(392, 1170, 1, '2021-10-21 08:29:09', '863', NULL, NULL),
(393, 1174, 1, '2021-11-26 11:00:08', '863', NULL, NULL),
(394, 1176, 1, '2021-11-26 11:00:09', '863', NULL, NULL),
(395, 1175, 1, '2021-11-26 11:00:09', '863', NULL, NULL),
(396, 1177, 1, '2021-11-26 11:00:09', '863', NULL, NULL),
(397, 1178, 1, '2021-11-26 11:00:09', '863', NULL, NULL),
(398, 1187, 1, '2021-12-20 11:22:27', '863', NULL, NULL),
(399, 1181, 1, '2021-12-20 11:22:27', '863', NULL, NULL),
(400, 1180, 1, '2021-12-20 11:22:27', '863', NULL, NULL),
(401, 1179, 1, '2021-12-20 11:22:27', '863', NULL, NULL),
(402, 1186, 1, '2021-12-20 11:22:27', '863', NULL, NULL),
(403, 1184, 1, '2021-12-20 11:22:27', '863', NULL, NULL),
(404, 1185, 1, '2021-12-20 11:22:28', '863', NULL, NULL),
(405, 1182, 1, '2021-12-20 11:22:28', '863', NULL, NULL),
(406, 1183, 1, '2021-12-20 11:22:28', '863', NULL, NULL),
(407, 1192, 1, '2022-01-25 17:38:14', '863', NULL, NULL),
(408, 1189, 1, '2022-01-25 17:38:14', '863', NULL, NULL),
(409, 1193, 1, '2022-01-25 17:38:14', '863', NULL, NULL),
(410, 1191, 1, '2022-01-25 17:38:14', '863', NULL, NULL),
(411, 1188, 1, '2022-01-25 17:38:14', '863', NULL, NULL),
(412, 1190, 1, '2022-01-25 17:38:14', '863', NULL, NULL),
(413, 1197, 1, '2022-02-22 09:18:05', '863', NULL, NULL),
(414, 1195, 1, '2022-02-22 09:18:05', '863', NULL, NULL),
(415, 1198, 1, '2022-02-22 09:18:05', '863', NULL, NULL),
(416, 1199, 1, '2022-02-22 09:18:05', '863', NULL, NULL),
(417, 1196, 1, '2022-02-22 09:18:05', '863', NULL, NULL),
(418, 1200, 1, '2022-02-22 09:18:05', '863', NULL, NULL),
(419, 1201, 1, '2022-02-22 09:18:05', '863', NULL, NULL),
(420, 1194, 1, '2022-02-22 09:18:05', '863', NULL, NULL),
(421, 1203, 1, '2022-02-22 09:18:05', '863', NULL, NULL),
(422, 1206, 1, '2022-03-24 11:07:30', '863', NULL, NULL),
(423, 1211, 1, '2022-03-24 11:07:30', '863', NULL, NULL),
(424, 1205, 1, '2022-03-24 11:07:30', '863', NULL, NULL),
(425, 1204, 1, '2022-03-24 11:07:30', '863', NULL, NULL),
(426, 1210, 1, '2022-03-24 11:07:30', '863', NULL, NULL),
(427, 1208, 1, '2022-03-24 11:07:30', '863', NULL, NULL),
(428, 1209, 1, '2022-03-24 11:07:30', '863', NULL, NULL),
(429, 1207, 1, '2022-03-24 11:07:30', '863', NULL, NULL),
(430, 1218, 1, '2022-04-25 09:16:11', '863', NULL, NULL),
(431, 1215, 1, '2022-04-25 09:16:11', '863', NULL, NULL),
(432, 1216, 1, '2022-04-25 09:16:11', '863', NULL, NULL),
(433, 1213, 1, '2022-04-25 09:16:12', '863', NULL, NULL),
(434, 1217, 1, '2022-04-25 09:16:12', '863', NULL, NULL),
(435, 1214, 1, '2022-04-25 09:16:12', '863', NULL, NULL),
(436, 1212, 1, '2022-04-25 09:16:12', '863', NULL, NULL),
(437, 1219, 1, '2022-05-25 08:48:57', '863', NULL, NULL),
(438, 1220, 1, '2022-05-25 08:48:57', '863', NULL, NULL),
(439, 1223, 1, '2022-05-25 08:48:57', '863', NULL, NULL),
(440, 1222, 1, '2022-05-25 08:48:57', '863', NULL, NULL),
(441, 1221, 1, '2022-05-25 08:48:57', '863', NULL, NULL),
(442, 1225, 1, '2022-05-25 08:48:57', '863', NULL, NULL),
(443, 1226, 1, '2022-05-25 08:48:57', '863', NULL, NULL),
(444, 1224, 1, '2022-05-25 08:48:57', '863', NULL, NULL),
(445, 1227, 1, '2022-05-25 17:07:14', '863', NULL, NULL),
(446, 1228, 1, '2022-06-23 12:09:56', '863', NULL, NULL),
(447, 1230, 1, '2022-07-22 07:39:54', '863', NULL, NULL),
(448, 1229, 1, '2022-07-22 07:39:54', '863', NULL, NULL),
(449, 1231, 1, '2022-07-22 07:39:54', '863', NULL, NULL),
(450, 1243, 1, '2022-08-23 08:30:09', '1', NULL, NULL),
(451, 1232, 1, '2022-08-23 08:30:09', '1', NULL, NULL),
(452, 1236, 1, '2022-08-23 08:35:49', '1', NULL, NULL),
(453, 1235, 1, '2022-08-23 08:41:30', '1', NULL, NULL),
(454, 1239, 1, '2022-08-23 09:27:36', '1', NULL, NULL),
(455, 1234, 1, '2022-08-23 09:51:35', '1', NULL, NULL),
(456, 1233, 1, '2022-08-23 10:02:48', '1', NULL, NULL),
(457, 1241, 1, '2022-08-23 10:16:03', '1', NULL, NULL),
(458, 1238, 1, '2022-08-23 10:31:52', '1', NULL, NULL),
(459, 1237, 1, '2022-08-23 10:40:05', '1', NULL, NULL),
(460, 1240, 1, '2022-08-23 10:44:50', '1', NULL, NULL),
(461, 1242, 1, '2022-08-23 11:21:56', '1', NULL, NULL),
(462, 1244, 1, '2022-09-23 07:46:49', '863', NULL, NULL),
(463, 1245, 1, '2022-09-23 07:46:49', '863', NULL, NULL),
(464, 1247, 1, '2022-10-24 07:52:45', '863', NULL, NULL),
(465, 1248, 1, '2022-10-24 07:52:45', '863', NULL, NULL),
(466, 1246, 1, '2022-10-24 07:52:45', '863', NULL, NULL),
(467, 1249, 1, '2022-11-24 08:54:37', '863', NULL, NULL),
(468, 1252, 1, '2022-12-22 08:01:02', '863', NULL, NULL),
(469, 1253, 1, '2022-12-22 08:01:02', '863', NULL, NULL),
(470, 1256, 1, '2023-01-25 09:24:49', '863', NULL, NULL),
(471, 1254, 1, '2023-01-25 09:24:49', '863', NULL, NULL),
(472, 1257, 1, '2023-01-25 09:24:49', '863', NULL, NULL),
(473, 1255, 1, '2023-01-25 09:24:49', '863', NULL, NULL),
(474, 1258, 1, '2023-01-25 09:24:49', '863', NULL, NULL),
(475, 1259, 1, '2023-01-25 09:24:49', '863', NULL, NULL),
(476, 1260, 1, '2023-02-24 09:03:35', '863', NULL, NULL),
(477, 1263, 1, '2023-03-23 13:55:55', '863', NULL, NULL),
(478, 1264, 1, '2023-03-23 13:55:55', '863', NULL, NULL),
(479, 1262, 1, '2023-03-23 13:55:55', '863', NULL, NULL),
(480, 1265, 1, '2023-03-23 13:55:55', '863', NULL, NULL),
(481, 1261, 1, '2023-03-23 13:55:55', '863', NULL, NULL),
(482, 1272, 1, '2023-04-26 08:00:24', '863', NULL, NULL),
(483, 1271, 1, '2023-04-26 08:00:24', '863', NULL, NULL),
(484, 1266, 1, '2023-04-26 08:00:24', '863', NULL, NULL),
(485, 1270, 1, '2023-04-26 08:00:24', '863', NULL, NULL),
(486, 1268, 1, '2023-04-26 08:00:24', '863', NULL, NULL),
(487, 1267, 1, '2023-04-26 08:00:24', '863', NULL, NULL),
(488, 1269, 1, '2023-04-26 08:00:24', '863', NULL, NULL),
(489, 1277, 1, '2023-05-24 08:13:49', '863', NULL, NULL),
(490, 1275, 1, '2023-05-24 08:13:49', '863', NULL, NULL),
(491, 1276, 1, '2023-05-24 08:13:49', '863', NULL, NULL),
(492, 1273, 1, '2023-05-24 08:13:49', '863', NULL, NULL),
(493, 1278, 1, '2023-05-24 08:13:49', '863', NULL, NULL),
(494, 1274, 1, '2023-05-24 08:13:50', '863', NULL, NULL),
(495, 1279, 1, '2023-06-27 08:34:27', '863', NULL, NULL),
(496, 1281, 1, '2023-07-26 14:59:43', '863', NULL, NULL),
(497, 1280, 1, '2023-07-26 14:59:43', '863', NULL, NULL),
(498, 1282, 1, '2023-07-26 15:09:52', '863', NULL, NULL),
(499, 1283, 1, '2023-08-25 09:00:12', '863', NULL, NULL),
(500, 1288, 1, '2023-08-25 09:00:12', '863', NULL, NULL),
(501, 1292, 1, '2023-08-25 09:00:12', '863', NULL, NULL),
(502, 1286, 1, '2023-08-25 09:00:12', '863', NULL, NULL),
(503, 1289, 1, '2023-08-25 09:00:12', '863', NULL, NULL),
(504, 1285, 1, '2023-08-25 09:00:12', '863', NULL, NULL),
(505, 1284, 1, '2023-08-25 09:00:12', '863', NULL, NULL),
(506, 1287, 1, '2023-08-25 09:00:12', '863', NULL, NULL),
(507, 1291, 1, '2023-08-25 09:00:12', '863', NULL, NULL),
(508, 1290, 1, '2023-08-25 09:00:12', '863', NULL, NULL),
(509, 1293, 1, '2023-09-26 10:03:16', '863', NULL, NULL),
(510, 1294, 1, '2023-09-26 10:03:17', '863', NULL, NULL),
(511, 1295, 1, '2023-09-26 10:03:17', '863', NULL, NULL),
(512, 1297, 1, '2023-09-26 10:54:34', '863', NULL, NULL),
(513, 1296, 1, '2023-09-26 10:54:34', '863', NULL, NULL),
(514, 1298, 1, '2023-09-26 11:03:37', '863', NULL, NULL),
(515, 1299, 1, '2023-10-26 09:02:15', '863', NULL, NULL),
(516, 1301, 1, '2023-11-23 10:20:21', '863', NULL, NULL),
(517, 1300, 1, '2023-11-23 10:20:21', '863', NULL, NULL),
(518, 1302, 1, '2023-11-23 10:20:21', '863', NULL, NULL),
(519, 1303, 1, '2023-11-23 10:20:21', '863', NULL, NULL),
(520, 1306, 1, '2023-12-21 15:09:55', '863', NULL, NULL),
(521, 1304, 1, '2023-12-21 16:38:35', '863', NULL, NULL),
(522, 1305, 1, '2023-12-21 16:38:35', '863', NULL, NULL),
(523, 1307, 1, '2024-01-25 15:19:11', '863', NULL, NULL),
(524, 1311, 1, '2024-02-27 08:51:08', '863', NULL, NULL),
(525, 1310, 1, '2024-02-27 08:51:08', '863', NULL, NULL),
(526, 1308, 1, '2024-02-27 09:13:52', '863', NULL, NULL),
(527, 1309, 1, '2024-02-27 09:41:19', '863', NULL, NULL),
(528, 1314, 1, '2024-03-26 09:14:03', '863', NULL, NULL),
(529, 1312, 1, '2024-03-26 09:14:03', '863', NULL, NULL),
(530, 1313, 1, '2024-03-26 09:14:03', '863', NULL, NULL),
(531, 1315, 1, '2024-04-25 10:35:04', '863', NULL, NULL),
(532, 1320, 1, '2024-04-25 10:41:20', '863', NULL, NULL),
(533, 1319, 1, '2024-04-25 10:41:20', '863', NULL, NULL),
(534, 1318, 1, '2024-04-25 11:46:34', '863', NULL, NULL),
(535, 1317, 1, '2024-04-25 12:05:28', '863', NULL, NULL),
(536, 1316, 1, '2024-04-25 12:05:28', '863', NULL, NULL),
(537, 1321, 1, '2024-05-23 09:48:55', '863', NULL, NULL),
(538, 1322, 1, '2024-05-23 10:20:23', '863', NULL, NULL),
(539, 1323, 1, '2024-05-23 10:20:23', '863', NULL, NULL),
(540, 1326, 1, '2024-06-26 08:19:57', '863', NULL, NULL),
(541, 1324, 1, '2024-06-26 08:19:57', '863', NULL, NULL),
(542, 1325, 1, '2024-06-26 08:19:57', '863', NULL, NULL),
(543, 1327, 1, '2024-06-26 08:19:57', '863', NULL, NULL),
(544, 1328, 1, '2024-07-24 08:54:37', '863', NULL, NULL),
(545, 1331, 1, '2024-07-24 09:10:47', '863', NULL, NULL),
(546, 1333, 1, '2024-07-24 10:12:25', '863', NULL, NULL),
(547, 1330, 1, '2024-07-24 10:12:25', '863', NULL, NULL),
(548, 1332, 1, '2024-07-24 10:12:25', '863', NULL, NULL);


INSERT INTO `TBBOLETOEMAILXHISTORICO` 
(`CODTBBOLETOEMAILXHISTORICO`, `CODEMPRESA`, `DATAREGISTRO`, `COMPETENCIA`, `DE`, `CODUSUARIO`, `PARA`, `CC`) VALUES
(1, 684, '2021-01-12 00:20:01', '202012', 'financeiro@ageconsulting.com.br', 2, 'agalvao58@yahoo.com.br', ''),
(2, 409, '2021-02-22 12:06:50', '202102', 'financeiro@ageconsulting.com.br', 863, 'fcavalcanti@100porcento.srv.br', '0'),
(3, 657, '2021-02-22 12:06:52', '202102', 'financeiro@ageconsulting.com.br', 863, 'fcavalcanti@100porcento.srv.br', '0'),
(4, 872, '2021-02-22 12:06:55', '202102', 'financeiro@ageconsulting.com.br', 863, 'financeiro@jangadeirohotel.com.br', '0'),
(5, 579, '2021-02-22 12:06:59', '202102', 'financeiro@ageconsulting.com.br', 863, 'sidneysoares@outlook.com.br', '0'),
(6, 1091, '2021-02-22 12:07:01', '202102', 'financeiro@ageconsulting.com.br', 863, 'anaclaudia_sps@hotmail.com', '0'),
(7, 684, '2021-02-22 12:07:04', '202102', 'financeiro@ageconsulting.com.br', 863, 'agalvao58@yahoo.com.br', '0'),
(8, 996, '2021-02-22 12:07:08', '202102', 'financeiro@ageconsulting.com.br', 863, 'renata@adina.com.br', '0'),
(9, 412, '2021-02-22 12:07:09', '202102', 'financeiro@ageconsulting.com.br', 863, 'agilfactoring@outlook.com.br', '0'),
(10, 1020, '2021-02-22 12:07:11', '202102', 'financeiro@ageconsulting.com.br', 863, 'agnon.jr@uol.com.br', '0'),
(11, 815, '2021-02-22 12:07:18', '202102', 'financeiro@ageconsulting.com.br', 863, 'luciana@applysolutions.com.br', '0'),
(12, 1043, '2021-02-22 12:07:19', '202102', 'financeiro@ageconsulting.com.br', 863, 'airsoftcenterrecife@gmail.com', ';'),
(13, 1042, '2021-02-22 12:07:20', '202102', 'financeiro@ageconsulting.com.br', 863, 'agnon.jr@uol.com.br', '0'),
(14, 1064, '2021-02-22 12:07:22', '202102', 'financeiro@ageconsulting.com.br', 863, 'administrativo@argic.com.br', '0'),
(15, 1063, '2021-02-22 12:07:24', '202102', 'financeiro@ageconsulting.com.br', 863, 'administrativo@argic.com.br', '0'),
(16, 414, '2021-02-22 12:07:27', '202102', 'financeiro@ageconsulting.com.br', 863, 'adm@alecrimadvogados.com.br', '0'),
(17, 415, '2021-02-22 12:07:28', '202102', 'financeiro@ageconsulting.com.br', 863, 'ajpdrb@gmail.com', ';'),
(18, 416, '2021-02-22 12:07:29', '202102', 'financeiro@ageconsulting.com.br', 863, 'agilfactoring@outlook.com.br', '0'),
(19, 871, '2021-02-22 12:07:30', '202102', 'financeiro@ageconsulting.com.br', 863, 'antoniofigueiras@giraffas.com', '0'),
(20, 633, '2021-02-22 12:07:34', '202102', 'financeiro@ageconsulting.com.br', 863, 'selmacavi@yahoo.com.br', '0'),
(21, 1006, '2021-02-22 12:07:36', '202102', 'financeiro@ageconsulting.com.br', 863, 'antnow@hotmail.com', '0'),
(22, 907, '2021-02-22 12:07:38', '202102', 'financeiro@ageconsulting.com.br', 863, 'ar@iadmpe.com', '0'),
(23, 609, '2021-02-22 12:07:42', '202102', 'financeiro@ageconsulting.com.br', 863, 'gabriella.perazzo@lsra.adv.br', '0'),
(24, 891, '2021-02-22 12:07:44', '202102', 'financeiro@ageconsulting.com.br', 863, 'administrativo@argic.com.br', '0'),
(25, 420, '2021-02-22 12:07:46', '202102', 'financeiro@ageconsulting.com.br', 863, 'agfjaboataocentro@hotmail.com', '0'),
(26, 899, '2021-02-22 12:07:50', '202102', 'financeiro@ageconsulting.com.br', 863, 'lourdesanjo@yahoo.com.br', '0'),
(27, 924, '2021-02-22 12:07:52', '202102', 'financeiro@ageconsulting.com.br', 863, 'financeiro@lardonenen.com.br ', '0'),
(28, 423, '2021-02-22 12:07:54', '202102', 'financeiro@ageconsulting.com.br', 863, 'jlafigueiras@gmail.com', '0'),
(29, 923, '2021-02-22 12:07:56', '202102', 'financeiro@ageconsulting.com.br', 863, 'administrativo@argic.com.br', '0'),
(30, 1085, '2021-02-22 12:07:57', '202102', 'financeiro@ageconsulting.com.br', 863, 'bibradley20@gmail.com', '0'),
(31, 1025, '2021-02-22 12:07:58', '202102', 'financeiro@ageconsulting.com.br', 863, 'adm@bemind.com.br', '0'),
(32, 426, '2021-02-22 12:07:59', '202102', 'financeiro@ageconsulting.com.br', 863, 'netoeus@hotmail.com', ';'),
(33, 427, '2021-02-22 12:08:03', '202102', 'financeiro@ageconsulting.com.br', 863, 'camila@biofairtrade.com.br', '0'),
(34, 988, '2021-02-22 12:08:08', '202102', 'financeiro@ageconsulting.com.br', 863, 'carlosfrederico@brasitrans.com.br', '0'),
(35, 462, '2021-02-22 12:08:11', '202102', 'financeiro@ageconsulting.com.br', 863, 'adilma@bw.adv.br', '0'),
(36, 1038, '2021-02-22 12:08:12', '202102', 'financeiro@ageconsulting.com.br', 863, 'clinicavetbixosfinanceiro@gmail.com', '0'),
(37, 893, '2021-02-22 12:08:13', '202102', 'financeiro@ageconsulting.com.br', 863, 'camilomassa10@gmail.com', '0'),
(38, 894, '2021-02-22 12:08:14', '202102', 'financeiro@ageconsulting.com.br', 863, 'grupocampos.cacaushow@gmail.com', '0'),
(39, 857, '2021-02-22 12:08:15', '202102', 'financeiro@ageconsulting.com.br', 863, 'grupocampos.cacaushow@gmail.com', '0'),
(40, 1125, '2021-02-22 12:08:16', '202102', 'financeiro@ageconsulting.com.br', 863, 'adm@lelieubeaute.com.br', '0'),
(41, 776, '2021-02-22 12:08:19', '202102', 'financeiro@ageconsulting.com.br', 863, 'aline.velozo@castroprojetos.com.br', '0'),
(42, 777, '2021-02-22 12:08:21', '202102', 'financeiro@ageconsulting.com.br', 863, 'aline.velozo@castroprojetos.com.br', '0'),
(43, 1104, '2021-02-22 12:08:22', '202102', 'financeiro@ageconsulting.com.br', 863, 'arthur@centraldevendasbr.com.br', '0'),
(44, 1113, '2021-02-22 12:08:23', '202102', 'financeiro@ageconsulting.com.br', 863, 'patriciasouzabarroca@hotmail.com ', '0'),
(45, 515, '2021-02-22 12:08:27', '202102', 'financeiro@ageconsulting.com.br', 863, 'fabiola.porfirio@recife.softex.br', '0'),
(46, 1070, '2021-02-22 12:08:28', '202102', 'financeiro@ageconsulting.com.br', 863, 'antoniobrandao@ageconsulting.com.br', '0'),
(47, 1097, '2021-02-22 12:08:29', '202102', 'financeiro@ageconsulting.com.br', 863, 'aredefabio@gmail.com', '0'),
(48, 851, '2021-02-22 12:08:33', '202102', 'financeiro@ageconsulting.com.br', 863, 'patriciagama@damroupas.com.br', '0'),
(49, 434, '2021-02-22 12:08:35', '202102', 'financeiro@ageconsulting.com.br', 863, 'cherpaksm@gmail.com', '0'),
(50, 1115, '2021-02-22 12:08:41', '202102', 'financeiro@ageconsulting.com.br', 863, 'contasapagar.odontocapederby@gmail.com', '0'),
(51, 1055, '2021-02-22 12:08:43', '202102', 'financeiro@ageconsulting.com.br', 863, 'claudia.souto@lsra.adv.br', '0'),
(52, 1049, '2021-02-22 12:08:44', '202102', 'financeiro@ageconsulting.com.br', 863, 'ubaiasjato@gmail.com', '0'),
(53, 981, '2021-02-22 12:08:46', '202102', 'financeiro@ageconsulting.com.br', 863, 'joaquimdoregobarros@gmail.com', '0'),
(54, 446, '2021-02-22 13:54:08', '202102', 'financeiro@ageconsulting.com.br', 863, 'simonecamara@ageconsulting.com.br', ';'),
(55, 799, '2021-02-22 14:55:13', '202102', 'financeiro@ageconsulting.com.br', 863, 'clinicacabo@yahoo.com.br', '0'),
(56, 1053, '2021-02-22 14:57:38', '202102', 'financeiro@ageconsulting.com.br', 863, 'luciana.matos@clinkmed.com', '0'),
(57, 939, '2021-02-22 14:57:50', '202102', 'financeiro@ageconsulting.com.br', 863, 'daysebringel@hotmail.com', '0'),
(58, 611, '2021-02-22 14:58:01', '202102', 'financeiro@ageconsulting.com.br', 863, 'suprimentos@construsel.com.br', '0'),
(59, 782, '2021-02-22 14:58:12', '202102', 'financeiro@ageconsulting.com.br', 863, 'terralarimoveis@hotmail.com', '0'),
(60, 903, '2021-02-22 14:58:23', '202102', 'financeiro@ageconsulting.com.br', 863, 'suprimentos@construsel.com.br', '0'),
(61, 965, '2021-02-22 14:58:37', '202102', 'financeiro@ageconsulting.com.br', 863, 'mayumi.carvalho@lsra.adv.br', '0'),
(62, 905, '2021-02-22 14:59:03', '202102', 'financeiro@ageconsulting.com.br', 863, 'rogeriocoutinho10@gmail.com', '0'),
(63, 877, '2021-02-22 14:59:12', '202102', 'financeiro@ageconsulting.com.br', 863, 'carlos.robson.da.silva.gomes@gmail.com', '0'),
(64, 1056, '2021-02-22 14:59:19', '202102', 'financeiro@ageconsulting.com.br', 863, 'crisinhanobrega@gmail.com', '0'),
(65, 1048, '2021-02-22 14:59:28', '202102', 'financeiro@ageconsulting.com.br', 863, 'finaceiro@dafonteadv.com.br', '0'),
(66, 970, '2021-02-22 14:59:37', '202102', 'financeiro@ageconsulting.com.br', 863, 'finaceiro@dafonteadv.com.br', '0'),
(67, 850, '2021-02-22 14:59:45', '202102', 'financeiro@ageconsulting.com.br', 863, 'elanesilva@damroupas.com.br ', '0'),
(68, 946, '2021-02-22 14:59:52', '202102', 'financeiro@ageconsulting.com.br', 863, 'daniellamartinez@globo.com', '0'),
(69, 440, '2021-02-22 15:00:00', '202102', 'financeiro@ageconsulting.com.br', 863, 'financeiro@datavolus.com.br', '0'),
(70, 648, '2021-02-22 15:03:44', '202102', 'financeiro@ageconsulting.com.br', 863, 'vinicius.reis70@yahoo.com.br', '0'),
(71, 786, '2021-02-22 15:04:13', '202102', 'financeiro@ageconsulting.com.br', 863, 'mariadasnevesbvs@gmail.com', '0'),
(72, 813, '2021-02-22 15:04:14', '202102', 'financeiro@ageconsulting.com.br', 863, 'paulinhodm@hotmail.com', '0'),
(73, 889, '2021-02-22 15:04:17', '202102', 'financeiro@ageconsulting.com.br', 863, 'fmonteiro80@gmail.com', '0'),
(74, 982, '2021-02-22 15:04:43', '202102', 'financeiro@ageconsulting.com.br', 863, 'divinofrancogomes@hotmail.com', '0'),
(75, 443, '2021-02-22 15:04:45', '202102', 'financeiro@ageconsulting.com.br', 863, 'lucianocherpak@ageconsulting.com.br', '0'),
(76, 994, '2021-02-22 15:04:47', '202102', 'financeiro@ageconsulting.com.br', 863, 'administrativo@argic.com.br', '0'),
(77, 805, '2021-02-22 15:04:50', '202102', 'financeiro@ageconsulting.com.br', 863, 'conceicao@mixconsult.com.br', '0'),
(78, 989, '2021-02-22 15:04:56', '202102', 'financeiro@ageconsulting.com.br', 863, 'carlosfrederico@brasitrans.com.br', '0'),
(79, 446, '2021-02-22 15:04:57', '202102', 'financeiro@ageconsulting.com.br', 863, 'simonecamara@ageconsulting.com.br', ';'),
(80, 1117, '2021-02-22 15:04:58', '202102', 'financeiro@ageconsulting.com.br', 863, 'aurea@igb-embrasa.com.br', '0'),
(81, 1013, '2021-02-22 15:04:59', '202102', 'financeiro@ageconsulting.com.br', 863, 'joana.alves@epitrack.com.br', ';'),
(82, 493, '2021-02-22 15:05:06', '202102', 'financeiro@ageconsulting.com.br', 863, 'escolaariano@gmail.com', '0'),
(83, 659, '2021-02-22 15:05:08', '202102', 'financeiro@ageconsulting.com.br', 863, 'flavioneves@esferape.com.br', '0'),
(84, 993, '2021-02-22 15:06:56', '202102', 'financeiro@ageconsulting.com.br', 863, 'financeiro@euroservice.tur.br', '0'),
(85, 940, '2021-02-22 15:07:05', '202102', 'financeiro@ageconsulting.com.br', 863, 'ftincorporadora@gmail.com', '0'),
(86, 904, '2021-02-22 15:07:15', '202102', 'financeiro@ageconsulting.com.br', 863, 'paulinhodm@hotmail.com', '0'),
(87, 775, '2021-02-22 15:07:49', '202102', 'financeiro@ageconsulting.com.br', 863, 'aline.velozo@castroprojetos.com.br', '0'),
(88, 1024, '2021-02-22 15:07:50', '202102', 'financeiro@ageconsulting.com.br', 863, 'fernandovwf@gmail.com', '0'),
(89, 1122, '2021-02-22 15:07:51', '202102', 'financeiro@ageconsulting.com.br', 863, 'emmanuelfilho@brasitrans.com.br', '0'),
(90, 674, '2021-02-22 15:08:28', '202102', 'financeiro@ageconsulting.com.br', 863, 'contasapagar@gdradministracao.com.br', '0'),
(91, 1069, '2021-02-22 15:08:31', '202102', 'financeiro@ageconsulting.com.br', 863, 'agfbairrodoarruda@hotmail.com', '0'),
(92, 986, '2021-02-22 15:08:34', '202102', 'financeiro@ageconsulting.com.br', 863, 'patriciagama@damroupas.com.br', '0'),
(93, 670, '2021-02-22 15:08:37', '202102', 'financeiro@ageconsulting.com.br', 863, 'gustavorego@gmrprojetos.eng.br', '0'),
(94, 460, '2021-02-22 15:09:11', '202102', 'financeiro@ageconsulting.com.br', 863, 'Thiagomes76@gmail.com', '0'),
(95, 1002, '2021-02-22 15:09:14', '202102', 'financeiro@ageconsulting.com.br', 863, 'administrativo@argic.com.br', '0'),
(96, 954, '2021-02-22 15:10:02', '202102', 'financeiro@ageconsulting.com.br', 863, 'meduardafonte@hotmail.com', '0'),
(97, 969, '2021-02-22 15:10:05', '202102', 'financeiro@ageconsulting.com.br', 863, 'agalvao58@yahoo.com.br', '0'),
(98, 908, '2021-02-22 15:10:07', '202102', 'financeiro@ageconsulting.com.br', 863, 'ar@iadmpe.com', '0'),
(99, 879, '2021-02-22 15:10:09', '202102', 'financeiro@ageconsulting.com.br', 863, 'ferrazcps@gmail.com', ';'),
(100, 723, '2021-02-22 15:10:15', '202102', 'financeiro@ageconsulting.com.br', 863, 'andreavsilva01@gmail.com', '0'),
(101, 997, '2021-02-22 15:13:19', '202102', 'financeiro@ageconsulting.com.br', 863, 'alexandre_jgflima@yahoo.com.br', '0'),
(102, 958, '2021-02-22 15:14:35', '202102', 'financeiro@ageconsulting.com.br', 863, 'joaopetribu@borgespetribu.com.br', '0'),
(103, 465, '2021-02-22 15:14:54', '202102', 'financeiro@ageconsulting.com.br', 863, 'mvenceslau@informa.com.br', '0'),
(104, 1058, '2021-02-22 15:15:43', '202102', 'financeiro@ageconsulting.com.br', 863, 'fpinheirosilva@yahoo.com.br', '0'),
(105, 466, '2021-02-22 15:15:44', '202102', 'financeiro@ageconsulting.com.br', 863, 'paulotorban@interdentepe.com.br', '0'),
(106, 468, '2021-02-22 15:16:45', '202102', 'financeiro@ageconsulting.com.br', 863, 'pedrolferreira@hotmail.com', '0'),
(107, 469, '2021-02-22 15:17:23', '202102', 'financeiro@ageconsulting.com.br', 863, 'cmota@produtiva.srv.br', '0'),
(108, 937, '2021-02-22 15:17:25', '202102', 'financeiro@ageconsulting.com.br', 863, 'nubiadsantos@hotmail.com', '0'),
(109, 429, '2021-02-22 15:17:32', '202102', 'financeiro@ageconsulting.com.br', 863, 'guerravaleria09@gmail.com', '0'),
(110, 1082, '2021-02-22 15:17:35', '202102', 'financeiro@ageconsulting.com.br', 863, 'ch.cozinhahonesta.gestao@gmail.com', '0'),
(111, 1004, '2021-02-22 15:29:45', '202102', 'financeiro@ageconsulting.com.br', 863, 'vitoraandrade@outlook.com', '0'),
(112, 922, '2021-02-22 15:29:52', '202102', 'financeiro@ageconsulting.com.br', 863, 'devoti.carlos@hotmail.com', '0'),
(113, 881, '2021-02-22 15:29:58', '202102', 'financeiro@ageconsulting.com.br', 863, 'devoti.carlos@hotmail.com', '0'),
(114, 998, '2021-02-22 15:30:04', '202102', 'financeiro@ageconsulting.com.br', 863, 'devoti.carlos@hotmail.com', '0'),
(115, 925, '2021-02-22 15:30:10', '202102', 'financeiro@ageconsulting.com.br', 863, 'devoti.carlos@hotmail.com', '0'),
(116, 929, '2021-02-22 15:30:16', '202102', 'financeiro@ageconsulting.com.br', 863, 'devoti.carlos@hotmail.com', '0'),
(117, 1075, '2021-02-22 15:30:22', '202102', 'financeiro@ageconsulting.com.br', 863, 'loja.guararapes@farmaciaroval.com.br', '0'),
(118, 873, '2021-02-22 15:54:25', '202102', 'financeiro@ageconsulting.com.br', 863, 'financeiro@jangadeirohotel.com.br', '0'),
(119, 1080, '2021-02-22 15:54:36', '202102', 'financeiro@ageconsulting.com.br', 863, 'anapaula.odontocape@hotmail.com', '0'),
(120, 1041, '2021-02-22 15:54:42', '202102', 'financeiro@ageconsulting.com.br', 863, 'ilvio@hotmail.com', '0'),
(121, 848, '2021-02-22 15:55:07', '202102', 'financeiro@ageconsulting.com.br', 863, 'mazinhaejoao@hotmail.com', '0'),
(122, 819, '2021-02-22 15:56:39', '202102', 'financeiro@ageconsulting.com.br', 863, 'anapaula.odontocape@hotmail.com', '0'),
(123, 934, '2021-02-22 15:56:49', '202102', 'financeiro@ageconsulting.com.br', 863, 'anapaula.odontocape@hotmail.com', '0'),
(124, 1073, '2021-02-22 15:56:56', '202102', 'financeiro@ageconsulting.com.br', 863, 'financeiro@washingtonfrutas.com.br', '0'),
(125, 649, '2021-02-22 15:57:02', '202102', 'financeiro@ageconsulting.com.br', 863, 'luizasbarros2006@hotmail.com', '0'),
(126, 1112, '2021-02-22 15:57:33', '202102', 'financeiro@ageconsulting.com.br', 863, 'administrativo@argic.com.br', '0'),
(999999, 684, '2021-01-12 00:20:01', '202012', 'ednaldoluiz@ageconsulting.com.br', 2, 'agalvao58@yahoo.com.br', '0');




INSERT INTO `TBBOLETOXHISTORICOS` (`COD_BOLETOXHISTORICOS`, `COD_EMPRESA`, `COD_STATUS`, `OBS`, `DATAREGISTRO`, `COD_USUARIO`, `FLAG`, `COD_BOLETO`) VALUES
(58, 1089, 2, NULL, '2020-06-21 22:26:26', 2, 1, 56),
(59, 443, 2, NULL, '2020-06-23 14:02:12', 1, 1, 57),
(60, 409, 2, NULL, '2020-06-26 09:48:58', 1, 1, 58),
(61, 657, 2, NULL, '2020-06-26 09:48:58', 1, 1, 59),
(62, 872, 2, NULL, '2020-06-26 09:48:58', 1, 1, 60),
(63, 579, 2, NULL, '2020-06-26 09:48:58', 1, 1, 61),
(64, 581, 1, NULL, '2020-06-26 09:48:58', 1, 1, 62),
(65, 684, 1, NULL, '2020-06-26 09:48:58', 1, 1, 63),
(66, 996, 1, NULL, '2020-06-26 09:48:58', 1, 1, 64),
(67, 991, 1, NULL, '2020-06-26 09:48:58', 1, 1, 65),
(68, 726, 1, NULL, '2020-06-26 09:48:58', 1, 1, 66),
(69, 566, 2, NULL, '2020-06-26 09:48:58', 1, 1, 67),
(70, 412, 1, NULL, '2020-06-26 09:48:58', 1, 1, 68),
(71, 1020, 1, NULL, '2020-06-26 09:48:58', 1, 1, 69),
(72, 689, 1, NULL, '2020-06-26 09:48:58', 1, 1, 70),
(73, 815, 1, NULL, '2020-06-26 09:48:58', 1, 1, 71),
(74, 1043, 1, NULL, '2020-06-26 09:48:58', 1, 1, 72),
(75, 1042, 1, NULL, '2020-06-26 09:48:58', 1, 1, 73),
(76, 1064, 1, NULL, '2020-06-26 09:48:58', 1, 1, 74),
(77, 1063, 1, NULL, '2020-06-26 09:48:58', 1, 1, 75),
(78, 414, 1, NULL, '2020-06-26 09:48:58', 1, 1, 76),
(79, 415, 1, NULL, '2020-06-26 09:48:58', 1, 1, 77),
(80, 1088, 1, NULL, '2020-06-26 09:48:58', 1, 1, 78),
(81, 416, 1, NULL, '2020-06-26 09:48:58', 1, 1, 79),
(82, 871, 1, NULL, '2020-06-26 09:48:58', 1, 1, 80),
(83, 633, 1, NULL, '2020-06-26 09:48:58', 1, 1, 81),
(84, 1006, 1, NULL, '2020-06-26 09:48:58', 1, 1, 82),
(85, 812, 1, NULL, '2020-06-26 09:48:58', 1, 1, 83),
(86, 418, 1, NULL, '2020-06-26 09:48:58', 1, 1, 84),
(87, 417, 1, NULL, '2020-06-26 09:48:58', 1, 1, 85),
(88, 907, 1, NULL, '2020-06-26 09:48:58', 1, 1, 86),
(89, 609, 1, NULL, '2020-06-26 09:48:58', 1, 1, 87),
(90, 891, 1, NULL, '2020-06-26 09:48:58', 1, 1, 88),
(91, 420, 1, NULL, '2020-06-26 09:48:58', 1, 1, 89),
(92, 899, 1, NULL, '2020-06-26 09:48:58', 1, 1, 90),
(93, 964, 1, NULL, '2020-06-26 09:48:58', 1, 1, 91),
(94, 924, 1, NULL, '2020-06-26 09:48:58', 1, 1, 92),
(95, 423, 1, NULL, '2020-06-26 09:48:58', 1, 1, 93),
(96, 923, 1, NULL, '2020-06-26 09:48:58', 1, 1, 94),
(97, 1039, 1, NULL, '2020-06-26 09:48:58', 1, 1, 95),
(98, 1085, 1, NULL, '2020-06-26 09:48:58', 1, 1, 96),
(99, 1025, 1, NULL, '2020-06-26 09:48:58', 1, 1, 97),
(100, 426, 1, NULL, '2020-06-26 09:48:58', 1, 1, 98),
(101, 427, 1, NULL, '2020-06-26 09:48:58', 1, 1, 99),
(102, 988, 1, NULL, '2020-06-26 09:48:58', 1, 1, 100),
(103, 462, 1, NULL, '2020-06-26 09:48:58', 1, 1, 101),
(104, 1068, 1, NULL, '2020-06-26 09:48:58', 1, 1, 102),
(105, 1038, 1, NULL, '2020-06-26 09:48:58', 1, 1, 103),
(106, 883, 1, NULL, '2020-06-26 09:48:58', 1, 1, 104),
(107, 893, 1, NULL, '2020-06-26 09:48:58', 1, 1, 105),
(108, 894, 1, NULL, '2020-06-26 09:48:58', 1, 1, 106),
(109, 857, 1, NULL, '2020-06-26 09:48:58', 1, 1, 107),
(110, 776, 1, NULL, '2020-06-26 09:48:58', 1, 1, 108),
(111, 777, 1, NULL, '2020-06-26 09:48:58', 1, 1, 109),
(112, 515, 1, NULL, '2020-06-26 09:48:58', 1, 1, 110),
(113, 1070, 1, NULL, '2020-06-26 09:48:58', 1, 1, 111),
(114, 851, 1, NULL, '2020-06-26 09:48:58', 1, 1, 112),
(115, 434, 1, NULL, '2020-06-26 09:48:58', 1, 1, 113),
(116, 1055, 1, NULL, '2020-06-26 09:48:58', 1, 1, 114),
(117, 1049, 1, NULL, '2020-06-26 09:48:58', 1, 1, 115),
(118, 981, 1, NULL, '2020-06-26 09:48:58', 1, 1, 116),
(119, 799, 1, NULL, '2020-06-26 09:48:58', 1, 1, 117),
(120, 913, 1, NULL, '2020-06-26 09:48:58', 1, 1, 118),
(121, 436, 1, NULL, '2020-06-26 09:48:58', 1, 1, 119),
(122, 1053, 1, NULL, '2020-06-26 09:48:58', 1, 1, 120),
(123, 939, 1, NULL, '2020-06-26 09:48:58', 1, 1, 121),
(124, 611, 1, NULL, '2020-06-26 09:48:58', 1, 1, 122),
(125, 782, 1, NULL, '2020-06-26 09:48:59', 1, 1, 123),
(126, 903, 1, NULL, '2020-06-26 09:48:59', 1, 1, 124),
(127, 965, 1, NULL, '2020-06-26 09:48:59', 1, 1, 125),
(128, 905, 1, NULL, '2020-06-26 09:48:59', 1, 1, 126),
(129, 877, 1, NULL, '2020-06-26 09:48:59', 1, 1, 127),
(130, 1056, 1, NULL, '2020-06-26 09:48:59', 1, 1, 128),
(131, 1048, 1, NULL, '2020-06-26 09:48:59', 1, 1, 129),
(132, 970, 1, NULL, '2020-06-26 09:48:59', 1, 1, 130),
(133, 1076, 1, NULL, '2020-06-26 09:48:59', 1, 1, 131),
(134, 850, 1, NULL, '2020-06-26 09:48:59', 1, 1, 132),
(135, 946, 1, NULL, '2020-06-26 09:48:59', 1, 1, 133),
(136, 640, 1, NULL, '2020-06-26 09:48:59', 1, 1, 134),
(137, 440, 1, NULL, '2020-06-26 09:48:59', 1, 1, 135),
(138, 648, 1, NULL, '2020-06-26 09:48:59', 1, 1, 136),
(139, 786, 1, NULL, '2020-06-26 09:48:59', 1, 1, 137),
(140, 813, 1, NULL, '2020-06-26 09:48:59', 1, 1, 138),
(141, 889, 1, NULL, '2020-06-26 09:48:59', 1, 1, 139),
(142, 982, 1, NULL, '2020-06-26 09:48:59', 1, 1, 140),
(143, 994, 1, NULL, '2020-06-26 09:48:59', 1, 1, 141),
(144, 805, 1, NULL, '2020-06-26 09:48:59', 1, 1, 142),
(145, 989, 1, NULL, '2020-06-26 09:48:59', 1, 1, 143),
(146, 446, 1, NULL, '2020-06-26 09:48:59', 1, 1, 144),
(147, 1013, 1, NULL, '2020-06-26 09:48:59', 1, 1, 145),
(148, 493, 1, NULL, '2020-06-26 09:48:59', 1, 1, 146),
(149, 659, 1, NULL, '2020-06-26 09:48:59', 1, 1, 147),
(150, 993, 1, NULL, '2020-06-26 09:48:59', 1, 1, 148),
(151, 984, 1, NULL, '2020-06-26 09:48:59', 1, 1, 149),
(152, 940, 1, NULL, '2020-06-26 09:48:59', 1, 1, 150),
(153, 904, 1, NULL, '2020-06-26 09:48:59', 1, 1, 151),
(154, 995, 1, NULL, '2020-06-26 09:48:59', 1, 1, 152),
(155, 775, 1, NULL, '2020-06-26 09:48:59', 1, 1, 153),
(156, 990, 1, NULL, '2020-06-26 09:48:59', 1, 1, 154),
(157, 992, 1, NULL, '2020-06-26 09:48:59', 1, 1, 155),
(158, 1024, 1, NULL, '2020-06-26 09:48:59', 1, 1, 156),
(159, 1071, 1, NULL, '2020-06-26 09:48:59', 1, 1, 157),
(160, 674, 1, NULL, '2020-06-26 09:48:59', 1, 1, 158),
(161, 1069, 1, NULL, '2020-06-26 09:48:59', 1, 1, 159),
(162, 986, 1, NULL, '2020-06-26 09:48:59', 1, 1, 160),
(163, 670, 1, NULL, '2020-06-26 09:48:59', 1, 1, 161),
(164, 460, 1, NULL, '2020-06-26 09:48:59', 1, 1, 162),
(165, 1002, 1, NULL, '2020-06-26 09:48:59', 1, 1, 163),
(166, 954, 1, NULL, '2020-06-26 09:48:59', 1, 1, 164),
(167, 969, 1, NULL, '2020-06-26 09:48:59', 1, 1, 165),
(168, 839, 1, NULL, '2020-06-26 09:48:59', 1, 1, 166),
(169, 908, 1, NULL, '2020-06-26 09:48:59', 1, 1, 167),
(170, 879, 1, NULL, '2020-06-26 09:48:59', 1, 1, 168),
(171, 1009, 1, NULL, '2020-06-26 09:48:59', 1, 1, 169),
(172, 723, 1, NULL, '2020-06-26 09:48:59', 1, 1, 170),
(173, 997, 1, NULL, '2020-06-26 09:48:59', 1, 1, 171),
(174, 960, 1, NULL, '2020-06-26 09:48:59', 1, 1, 172),
(175, 958, 1, NULL, '2020-06-26 09:48:59', 1, 1, 173),
(176, 465, 1, NULL, '2020-06-26 09:48:59', 1, 1, 174),
(177, 959, 1, NULL, '2020-06-26 09:48:59', 1, 1, 175),
(178, 573, 1, NULL, '2020-06-26 09:48:59', 1, 1, 176),
(179, 1058, 1, NULL, '2020-06-26 09:48:59', 1, 1, 177),
(180, 466, 1, NULL, '2020-06-26 09:48:59', 1, 1, 178),
(181, 600, 1, NULL, '2020-06-26 09:48:59', 1, 1, 179),
(182, 601, 1, NULL, '2020-06-26 09:48:59', 1, 1, 180),
(183, 602, 1, NULL, '2020-06-26 09:48:59', 1, 1, 181),
(184, 468, 1, NULL, '2020-06-26 09:48:59', 1, 1, 182),
(185, 843, 1, NULL, '2020-06-26 09:48:59', 1, 1, 183),
(186, 822, 1, NULL, '2020-06-26 09:48:59', 1, 1, 184),
(187, 814, 1, NULL, '2020-06-26 09:48:59', 1, 1, 185),
(188, 469, 1, NULL, '2020-06-26 09:48:59', 1, 1, 186),
(189, 937, 1, NULL, '2020-06-26 09:48:59', 1, 1, 187),
(190, 429, 1, NULL, '2020-06-26 09:48:59', 1, 1, 188),
(191, 1082, 1, NULL, '2020-06-26 09:48:59', 1, 1, 189),
(192, 727, 1, NULL, '2020-06-26 09:48:59', 1, 1, 190),
(193, 1004, 1, NULL, '2020-06-26 09:48:59', 1, 1, 191),
(194, 922, 1, NULL, '2020-06-26 09:48:59', 1, 1, 192),
(195, 881, 1, NULL, '2020-06-26 09:48:59', 1, 1, 193),
(196, 998, 1, NULL, '2020-06-26 09:48:59', 1, 1, 194),
(197, 925, 1, NULL, '2020-06-26 09:48:59', 1, 1, 195),
(198, 929, 1, NULL, '2020-06-26 09:48:59', 1, 1, 196),
(199, 1075, 1, NULL, '2020-06-26 09:48:59', 1, 1, 197),
(200, 873, 1, NULL, '2020-06-26 09:48:59', 1, 1, 198),
(201, 1080, 1, NULL, '2020-06-26 09:48:59', 1, 1, 199),
(202, 1041, 1, NULL, '2020-06-26 09:48:59', 1, 1, 200),
(203, 848, 1, NULL, '2020-06-26 09:48:59', 1, 1, 201),
(204, 819, 1, NULL, '2020-06-26 09:48:59', 1, 1, 202),
(205, 934, 1, NULL, '2020-06-26 09:48:59', 1, 1, 203),
(206, 1073, 1, NULL, '2020-06-26 09:48:59', 1, 1, 204),
(207, 649, 1, NULL, '2020-06-26 09:48:59', 1, 1, 205),
(208, 820, 1, NULL, '2020-06-26 09:48:59', 1, 1, 206),
(209, 535, 1, NULL, '2020-06-26 09:48:59', 1, 1, 207),
(210, 829, 1, NULL, '2020-06-26 09:48:59', 1, 1, 208),
(211, 1051, 1, NULL, '2020-06-26 09:48:59', 1, 1, 209),
(212, 882, 1, NULL, '2020-06-26 09:48:59', 1, 1, 210),
(213, 860, 1, NULL, '2020-06-26 09:48:59', 1, 1, 211),
(214, 795, 1, NULL, '2020-06-26 09:48:59', 1, 1, 212),
(215, 1077, 1, NULL, '2020-06-26 09:48:59', 1, 1, 213),
(216, 473, 1, NULL, '2020-06-26 09:48:59', 1, 1, 214),
(217, 838, 1, NULL, '2020-06-26 09:48:59', 1, 1, 215),
(218, 1007, 1, NULL, '2020-06-26 09:48:59', 1, 1, 216),
(219, 1001, 1, NULL, '2020-06-26 09:48:59', 1, 1, 217),
(220, 575, 1, NULL, '2020-06-26 09:48:59', 1, 1, 218),
(221, 1087, 1, NULL, '2020-06-26 09:48:59', 1, 1, 219),
(222, 564, 1, NULL, '2020-06-26 09:48:59', 1, 1, 220),
(223, 1081, 1, NULL, '2020-06-26 09:48:59', 1, 1, 221),
(224, 967, 1, NULL, '2020-06-26 09:48:59', 1, 1, 222),
(225, 1052, 1, NULL, '2020-06-26 09:48:59', 1, 1, 223),
(226, 828, 1, NULL, '2020-06-26 09:48:59', 1, 1, 224),
(227, 480, 1, NULL, '2020-06-26 09:48:59', 1, 1, 225),
(228, 598, 1, NULL, '2020-06-26 09:48:59', 1, 1, 226),
(229, 482, 1, NULL, '2020-06-26 09:48:59', 1, 1, 227),
(230, 729, 1, NULL, '2020-06-26 09:48:59', 1, 1, 228),
(231, 484, 1, NULL, '2020-06-26 09:48:59', 1, 1, 229),
(232, 869, 1, NULL, '2020-06-26 09:48:59', 1, 1, 230),
(233, 823, 1, NULL, '2020-06-26 09:48:59', 1, 1, 231),
(234, 673, 1, NULL, '2020-06-26 09:48:59', 1, 1, 232),
(235, 1045, 1, NULL, '2020-06-26 09:48:59', 1, 1, 233),
(236, 736, 1, NULL, '2020-06-26 09:48:59', 1, 1, 234),
(237, 942, 1, NULL, '2020-06-26 09:48:59', 1, 1, 235),
(238, 861, 1, NULL, '2020-06-26 09:48:59', 1, 1, 236),
(239, 837, 1, NULL, '2020-06-26 09:48:59', 1, 1, 237),
(240, 487, 1, NULL, '2020-06-26 09:48:59', 1, 1, 238),
(241, 916, 1, NULL, '2020-06-26 09:48:59', 1, 1, 239),
(242, 818, 1, NULL, '2020-06-26 09:48:59', 1, 1, 240),
(243, 825, 1, NULL, '2020-06-26 09:48:59', 1, 1, 241),
(244, 1074, 1, NULL, '2020-06-26 09:48:59', 1, 1, 242),
(245, 931, 1, NULL, '2020-06-26 09:48:59', 1, 1, 243),
(246, 631, 1, NULL, '2020-06-26 09:48:59', 1, 1, 244),
(247, 638, 1, NULL, '2020-06-26 09:48:59', 1, 1, 245),
(248, 863, 1, NULL, '2020-06-26 09:48:59', 1, 1, 246),
(249, 919, 1, NULL, '2020-06-26 09:48:59', 1, 1, 247),
(250, 920, 1, NULL, '2020-06-26 09:48:59', 1, 1, 248),
(251, 1067, 1, NULL, '2020-06-26 09:48:59', 1, 1, 249),
(252, 809, 1, NULL, '2020-06-26 09:48:59', 1, 1, 250),
(253, 1054, 1, NULL, '2020-06-26 09:48:59', 1, 1, 251),
(254, 1083, 1, NULL, '2020-06-26 09:48:59', 1, 1, 252),
(255, 607, 1, NULL, '2020-06-26 09:48:59', 1, 1, 253),
(256, 876, 1, NULL, '2020-06-26 09:48:59', 1, 1, 254),
(257, 807, 1, NULL, '2020-06-26 09:48:59', 1, 1, 255),
(258, 495, 1, NULL, '2020-06-26 09:48:59', 1, 1, 256),
(259, 1032, 1, NULL, '2020-06-26 09:48:59', 1, 1, 257),
(260, 497, 1, NULL, '2020-06-26 09:48:59', 1, 1, 258),
(261, 519, 1, NULL, '2020-06-26 09:48:59', 1, 1, 259),
(262, 968, 1, NULL, '2020-06-26 09:48:59', 1, 1, 260),
(263, 499, 1, NULL, '2020-06-26 09:48:59', 1, 1, 261),
(264, 1037, 1, NULL, '2020-06-26 09:48:59', 1, 1, 262),
(265, 1033, 1, NULL, '2020-06-26 09:48:59', 1, 1, 263),
(266, 1034, 1, NULL, '2020-06-26 09:48:59', 1, 1, 264),
(267, 1035, 1, NULL, '2020-06-26 09:48:59', 1, 1, 265),
(268, 797, 1, NULL, '2020-06-26 09:48:59', 1, 1, 266),
(269, 735, 1, NULL, '2020-06-26 09:48:59', 1, 1, 267),
(270, 1011, 1, NULL, '2020-06-26 09:48:59', 1, 1, 268),
(271, 902, 1, NULL, '2020-06-26 09:48:59', 1, 1, 269),
(272, 956, 1, NULL, '2020-06-26 09:48:59', 1, 1, 270),
(273, 974, 1, NULL, '2020-06-26 09:48:59', 1, 1, 271),
(274, 948, 1, NULL, '2020-06-26 09:48:59', 1, 1, 272),
(275, 510, 1, NULL, '2020-06-26 09:48:59', 1, 1, 273),
(276, 928, 1, NULL, '2020-06-26 09:48:59', 1, 1, 274),
(277, 745, 1, NULL, '2020-06-26 09:48:59', 1, 1, 275),
(278, 512, 1, NULL, '2020-06-26 09:48:59', 1, 1, 276),
(279, 641, 1, NULL, '2020-06-26 09:48:59', 1, 1, 277),
(280, 985, 1, NULL, '2020-06-26 09:48:59', 1, 1, 278),
(281, 976, 1, NULL, '2020-06-26 09:48:59', 1, 1, 279),
(282, 724, 1, NULL, '2020-06-26 09:48:59', 1, 1, 280),
(283, 1084, 1, NULL, '2020-06-26 09:48:59', 1, 1, 281),
(284, 570, 1, NULL, '2020-06-26 09:48:59', 1, 1, 282),
(285, 728, 1, NULL, '2020-06-26 09:48:59', 1, 1, 283),
(286, 737, 1, NULL, '2020-06-26 09:48:59', 1, 1, 284),
(287, 1057, 1, NULL, '2020-06-26 09:49:00', 1, 1, 285),
(288, 1086, 1, NULL, '2020-06-26 09:49:00', 1, 1, 286),
(289, 783, 1, NULL, '2020-06-26 09:49:00', 1, 1, 287),
(290, 955, 1, NULL, '2020-06-26 09:49:00', 1, 1, 288),
(291, 739, 1, NULL, '2020-06-26 09:49:00', 1, 1, 289),
(292, 966, 1, NULL, '2020-06-26 09:49:00', 1, 1, 290),
(293, 744, 1, NULL, '2020-06-26 09:49:00', 1, 1, 291),
(294, 1050, 1, NULL, '2020-06-26 09:49:00', 1, 1, 292),
(295, 874, 1, NULL, '2020-06-26 09:49:00', 1, 1, 293),
(296, 949, 1, NULL, '2020-06-26 09:49:00', 1, 1, 294),
(297, 522, 1, NULL, '2020-06-26 09:49:00', 1, 1, 295),
(298, 971, 1, NULL, '2020-06-26 09:49:00', 1, 1, 296),
(299, 880, 1, NULL, '2020-06-26 09:49:00', 1, 1, 297),
(300, 910, 1, NULL, '2020-06-26 09:49:00', 1, 1, 298),
(301, 1066, 1, NULL, '2020-06-26 09:49:00', 1, 1, 299),
(302, 983, 1, NULL, '2020-06-26 09:49:00', 1, 1, 300),
(303, 1060, 1, NULL, '2020-06-26 09:49:00', 1, 1, 301),
(304, 1036, 1, NULL, '2020-06-26 09:49:00', 1, 1, 302),
(305, 1072, 1, NULL, '2020-06-26 09:49:00', 1, 1, 303),
(306, 1078, 1, NULL, '2020-06-26 09:49:00', 1, 1, 304),
(307, 1091, 1, NULL, '2020-07-20 16:12:26', 1, 1, 305),
(308, 1090, 1, NULL, '2020-07-20 16:12:26', 1, 1, 306),
(309, 1092, 1, NULL, '2020-08-18 16:13:31', 863, 1, 307),
(310, 1093, 1, NULL, '2020-08-18 16:13:32', 863, 1, 308),
(311, 1097, 1, NULL, '2020-09-09 21:19:05', 2, 1, 309),
(312, 1095, 1, NULL, '2020-09-09 21:19:05', 2, 1, 311),
(313, 1095, 1, NULL, '2020-09-09 21:19:05', 2, 1, 311),
(314, 1096, 1, NULL, '2020-09-09 21:19:05', 2, 1, 313),
(315, 1096, 1, NULL, '2020-09-09 21:19:05', 2, 1, 313),
(316, 1094, 1, NULL, '2020-09-09 21:19:05', 2, 1, 315),
(317, 1094, 1, NULL, '2020-09-09 21:19:05', 2, 1, 315),
(318, 1100, 1, NULL, '2020-09-21 17:55:48', 863, 1, 316),
(319, 1101, 1, NULL, '2020-09-21 17:55:48', 863, 1, 317),
(320, 1099, 1, NULL, '2020-09-21 17:55:48', 863, 1, 318),
(321, 1102, 1, NULL, '2020-09-21 17:55:48', 863, 1, 319),
(322, 1098, 1, NULL, '2020-09-21 17:55:48', 863, 1, 320),
(323, 1103, 1, NULL, '2020-09-21 17:55:48', 863, 1, 321),
(324, 1104, 1, NULL, '2020-10-21 16:21:31', 863, 1, 322),
(325, 1108, 1, NULL, '2020-10-21 16:21:32', 863, 1, 323),
(326, 1106, 1, NULL, '2020-10-21 16:21:32', 863, 1, 324),
(327, 1107, 1, NULL, '2020-10-21 16:21:32', 863, 1, 325),
(328, 1105, 1, NULL, '2020-10-21 16:21:32', 863, 1, 326),
(329, 1111, 1, NULL, '2020-11-19 16:58:09', 863, 1, 327),
(330, 1112, 1, NULL, '2020-11-19 16:58:09', 863, 1, 328),
(331, 1110, 1, NULL, '2020-11-19 16:58:09', 863, 1, 329),
(332, 1109, 1, NULL, '2020-11-19 16:58:09', 863, 1, 330),
(333, 1113, 1, NULL, '2020-12-17 10:37:54', 863, 1, 331),
(334, 1116, 1, NULL, '2020-12-17 10:37:54', 863, 1, 332),
(335, 1115, 1, NULL, '2020-12-17 10:37:54', 863, 1, 333),
(336, 1117, 1, NULL, '2020-12-17 10:37:54', 863, 1, 334),
(337, 1114, 1, NULL, '2020-12-17 10:37:54', 863, 1, 335),
(338, 1118, 1, NULL, '2020-12-17 10:37:54', 863, 1, 336),
(339, 1119, 1, NULL, '2020-12-17 10:37:54', 863, 1, 337),
(340, 1125, 1, NULL, '2021-01-21 15:43:56', 863, 1, 338),
(341, 1122, 1, NULL, '2021-01-21 15:43:56', 863, 1, 339),
(342, 1126, 1, NULL, '2021-01-21 15:43:56', 863, 1, 340),
(343, 1123, 1, NULL, '2021-01-21 15:43:56', 863, 1, 341),
(344, 1120, 1, NULL, '2021-01-21 15:43:56', 863, 1, 342),
(345, 1124, 1, NULL, '2021-01-21 15:43:56', 863, 1, 343),
(346, 1121, 1, NULL, '2021-01-21 15:43:56', 863, 1, 344),
(347, 1127, 1, NULL, '2021-02-22 12:06:47', 863, 1, 345),
(348, 1128, 1, NULL, '2021-02-22 12:06:47', 863, 1, 346),
(349, 1131, 1, NULL, '2021-04-20 08:51:48', 863, 1, 347),
(350, 1130, 1, NULL, '2021-04-20 08:51:48', 863, 1, 348),
(351, 1129, 1, NULL, '2021-04-20 08:51:48', 863, 1, 349),
(352, 1133, 1, NULL, '2021-05-24 13:34:50', 867, 1, 350),
(353, 1132, 1, NULL, '2021-05-25 08:21:01', 863, 1, 351),
(354, 1134, 1, NULL, '2021-05-25 08:27:26', 863, 1, 352),
(355, 1136, 1, NULL, '2021-06-21 10:07:55', 863, 1, 353),
(356, 1135, 1, NULL, '2021-06-21 10:07:55', 863, 1, 354),
(357, 1139, 1, NULL, '2021-07-23 08:25:13', 863, 1, 355),
(358, 1137, 1, NULL, '2021-07-23 08:25:13', 863, 1, 356),
(359, 1142, 1, NULL, '2021-07-23 08:25:13', 863, 1, 357),
(360, 1140, 1, NULL, '2021-07-23 08:25:13', 863, 1, 358),
(361, 979, 1, NULL, '2021-07-23 08:25:13', 863, 1, 359),
(362, 1141, 1, NULL, '2021-07-23 08:25:13', 863, 1, 360),
(363, 932, 1, NULL, '2021-07-23 08:25:13', 863, 1, 361),
(364, 1147, 1, NULL, '2021-08-23 10:55:02', 863, 1, 362),
(365, 1164, 1, NULL, '2021-08-23 10:55:02', 863, 1, 363),
(366, 1165, 1, NULL, '2021-08-23 10:55:02', 863, 1, 364),
(367, 1143, 1, NULL, '2021-08-23 10:55:02', 863, 1, 365),
(368, 1159, 1, NULL, '2021-08-23 10:55:02', 863, 1, 366),
(369, 1153, 1, NULL, '2021-08-23 10:55:02', 863, 1, 367),
(370, 1146, 1, NULL, '2021-08-23 10:55:02', 863, 1, 368),
(371, 1158, 1, NULL, '2021-08-23 10:55:02', 863, 1, 369),
(372, 1149, 1, NULL, '2021-08-23 10:55:02', 863, 1, 370),
(373, 1150, 1, NULL, '2021-08-23 10:55:02', 863, 1, 371),
(374, 1163, 1, NULL, '2021-08-23 10:55:02', 863, 1, 372),
(375, 1144, 1, NULL, '2021-08-23 10:55:02', 863, 1, 373),
(376, 1157, 1, NULL, '2021-08-23 10:55:02', 863, 1, 374),
(377, 1151, 1, NULL, '2021-08-23 10:55:02', 863, 1, 375),
(378, 1154, 1, NULL, '2021-08-23 10:55:02', 863, 1, 376),
(379, 1160, 1, NULL, '2021-08-23 10:55:02', 863, 1, 377),
(380, 1161, 1, NULL, '2021-08-23 10:55:02', 863, 1, 378),
(381, 1162, 1, NULL, '2021-08-23 10:55:02', 863, 1, 379),
(382, 1145, 1, NULL, '2021-08-23 10:55:02', 863, 1, 380),
(383, 1152, 1, NULL, '2021-08-23 10:55:02', 863, 1, 381),
(384, 1156, 1, NULL, '2021-08-23 10:55:02', 863, 1, 382),
(385, 1155, 1, NULL, '2021-08-23 10:55:02', 863, 1, 383),
(386, 1148, 1, NULL, '2021-08-23 10:55:02', 863, 1, 384),
(387, 1169, 1, NULL, '2021-09-24 14:41:28', 863, 1, 385),
(388, 1166, 1, NULL, '2021-09-24 14:41:28', 863, 1, 386),
(389, 1168, 1, NULL, '2021-09-24 14:41:28', 863, 1, 387),
(390, 1167, 1, NULL, '2021-09-24 14:41:28', 863, 1, 388),
(391, 1171, 1, NULL, '2021-10-21 08:29:09', 863, 1, 389),
(392, 1172, 1, NULL, '2021-10-21 08:29:09', 863, 1, 390),
(393, 1173, 1, NULL, '2021-10-21 08:29:09', 863, 1, 391),
(394, 1170, 1, NULL, '2021-10-21 08:29:09', 863, 1, 392),
(395, 1174, 1, NULL, '2021-11-26 11:00:08', 863, 1, 393),
(396, 1176, 1, NULL, '2021-11-26 11:00:09', 863, 1, 394),
(397, 1175, 1, NULL, '2021-11-26 11:00:09', 863, 1, 395),
(398, 1177, 1, NULL, '2021-11-26 11:00:09', 863, 1, 396),
(399, 1178, 1, NULL, '2021-11-26 11:00:09', 863, 1, 397),
(400, 1187, 1, NULL, '2021-12-20 11:22:27', 863, 1, 398),
(401, 1181, 1, NULL, '2021-12-20 11:22:27', 863, 1, 399),
(402, 1180, 1, NULL, '2021-12-20 11:22:27', 863, 1, 400),
(403, 1179, 1, NULL, '2021-12-20 11:22:27', 863, 1, 401),
(404, 1186, 1, NULL, '2021-12-20 11:22:27', 863, 1, 402),
(405, 1184, 1, NULL, '2021-12-20 11:22:27', 863, 1, 403),
(406, 1185, 1, NULL, '2021-12-20 11:22:28', 863, 1, 404),
(407, 1182, 1, NULL, '2021-12-20 11:22:28', 863, 1, 405),
(408, 1183, 1, NULL, '2021-12-20 11:22:28', 863, 1, 406),
(409, 1192, 1, NULL, '2022-01-25 17:38:14', 863, 1, 407),
(410, 1189, 1, NULL, '2022-01-25 17:38:14', 863, 1, 408),
(411, 1193, 1, NULL, '2022-01-25 17:38:14', 863, 1, 409),
(412, 1191, 1, NULL, '2022-01-25 17:38:14', 863, 1, 410),
(413, 1188, 1, NULL, '2022-01-25 17:38:14', 863, 1, 411),
(414, 1190, 1, NULL, '2022-01-25 17:38:14', 863, 1, 412),
(415, 1197, 1, NULL, '2022-02-22 09:18:05', 863, 1, 413),
(416, 1195, 1, NULL, '2022-02-22 09:18:05', 863, 1, 414),
(417, 1198, 1, NULL, '2022-02-22 09:18:05', 863, 1, 415),
(418, 1199, 1, NULL, '2022-02-22 09:18:05', 863, 1, 416),
(419, 1196, 1, NULL, '2022-02-22 09:18:05', 863, 1, 417),
(420, 1200, 1, NULL, '2022-02-22 09:18:05', 863, 1, 418),
(421, 1201, 1, NULL, '2022-02-22 09:18:05', 863, 1, 419),
(422, 1194, 1, NULL, '2022-02-22 09:18:05', 863, 1, 420),
(423, 1203, 1, NULL, '2022-02-22 09:18:05', 863, 1, 421),
(424, 1206, 1, NULL, '2022-03-24 11:07:30', 863, 1, 422),
(425, 1211, 1, NULL, '2022-03-24 11:07:30', 863, 1, 423),
(426, 1205, 1, NULL, '2022-03-24 11:07:30', 863, 1, 424),
(427, 1204, 1, NULL, '2022-03-24 11:07:30', 863, 1, 425),
(428, 1210, 1, NULL, '2022-03-24 11:07:30', 863, 1, 426),
(429, 1208, 1, NULL, '2022-03-24 11:07:30', 863, 1, 427),
(430, 1209, 1, NULL, '2022-03-24 11:07:30', 863, 1, 428),
(431, 1207, 1, NULL, '2022-03-24 11:07:30', 863, 1, 429),
(432, 1218, 1, NULL, '2022-04-25 09:16:11', 863, 1, 430),
(433, 1215, 1, NULL, '2022-04-25 09:16:11', 863, 1, 431),
(434, 1216, 1, NULL, '2022-04-25 09:16:11', 863, 1, 432),
(435, 1213, 1, NULL, '2022-04-25 09:16:12', 863, 1, 433),
(436, 1217, 1, NULL, '2022-04-25 09:16:12', 863, 1, 434),
(437, 1214, 1, NULL, '2022-04-25 09:16:12', 863, 1, 435),
(438, 1212, 1, NULL, '2022-04-25 09:16:12', 863, 1, 436),
(439, 1219, 1, NULL, '2022-05-25 08:48:57', 863, 1, 437),
(440, 1220, 1, NULL, '2022-05-25 08:48:57', 863, 1, 438),
(441, 1223, 1, NULL, '2022-05-25 08:48:57', 863, 1, 439),
(442, 1222, 1, NULL, '2022-05-25 08:48:57', 863, 1, 440),
(443, 1221, 1, NULL, '2022-05-25 08:48:57', 863, 1, 441),
(444, 1225, 1, NULL, '2022-05-25 08:48:57', 863, 1, 442),
(445, 1226, 1, NULL, '2022-05-25 08:48:57', 863, 1, 443),
(446, 1224, 1, NULL, '2022-05-25 08:48:57', 863, 1, 444),
(447, 1227, 1, NULL, '2022-05-25 17:07:14', 863, 1, 445),
(448, 1228, 1, NULL, '2022-06-23 12:09:56', 863, 1, 446),
(449, 1230, 1, NULL, '2022-07-22 07:39:54', 863, 1, 447),
(450, 1229, 1, NULL, '2022-07-22 07:39:54', 863, 1, 448),
(451, 1231, 1, NULL, '2022-07-22 07:39:54', 863, 1, 449),
(452, 1243, 1, NULL, '2022-08-23 08:30:09', 1, 1, 450),
(453, 1232, 1, NULL, '2022-08-23 08:30:09', 1, 1, 451),
(454, 1236, 1, NULL, '2022-08-23 08:35:49', 1, 1, 452),
(455, 1235, 1, NULL, '2022-08-23 08:41:30', 1, 1, 453),
(456, 1239, 1, NULL, '2022-08-23 09:27:36', 1, 1, 454),
(457, 1234, 1, NULL, '2022-08-23 09:51:35', 1, 1, 455),
(458, 1233, 1, NULL, '2022-08-23 10:02:48', 1, 1, 456),
(459, 1241, 1, NULL, '2022-08-23 10:16:03', 1, 1, 457),
(460, 1238, 1, NULL, '2022-08-23 10:31:52', 1, 1, 458),
(461, 1237, 1, NULL, '2022-08-23 10:40:05', 1, 1, 459),
(462, 1240, 1, NULL, '2022-08-23 10:44:50', 1, 1, 460),
(463, 1242, 1, NULL, '2022-08-23 11:21:56', 1, 1, 461),
(464, 1244, 1, NULL, '2022-09-23 07:46:49', 863, 1, 462),
(465, 1245, 1, NULL, '2022-09-23 07:46:49', 863, 1, 463),
(466, 1247, 1, NULL, '2022-10-24 07:52:45', 863, 1, 464),
(467, 1248, 1, NULL, '2022-10-24 07:52:45', 863, 1, 465),
(468, 1246, 1, NULL, '2022-10-24 07:52:45', 863, 1, 466),
(469, 1249, 1, NULL, '2022-11-24 08:54:37', 863, 1, 467),
(470, 1252, 1, NULL, '2022-12-22 08:01:02', 863, 1, 468),
(471, 1253, 1, NULL, '2022-12-22 08:01:02', 863, 1, 469),
(472, 1256, 1, NULL, '2023-01-25 09:24:49', 863, 1, 470),
(473, 1254, 1, NULL, '2023-01-25 09:24:49', 863, 1, 471),
(474, 1257, 1, NULL, '2023-01-25 09:24:49', 863, 1, 472),
(475, 1255, 1, NULL, '2023-01-25 09:24:49', 863, 1, 473),
(476, 1258, 1, NULL, '2023-01-25 09:24:49', 863, 1, 474),
(477, 1259, 1, NULL, '2023-01-25 09:24:49', 863, 1, 475),
(478, 1260, 1, NULL, '2023-02-24 09:03:35', 863, 1, 476),
(479, 1263, 1, NULL, '2023-03-23 13:55:55', 863, 1, 477),
(480, 1264, 1, NULL, '2023-03-23 13:55:55', 863, 1, 478),
(481, 1262, 1, NULL, '2023-03-23 13:55:55', 863, 1, 479),
(482, 1265, 1, NULL, '2023-03-23 13:55:55', 863, 1, 480),
(483, 1261, 1, NULL, '2023-03-23 13:55:55', 863, 1, 481),
(484, 1272, 1, NULL, '2023-04-26 08:00:24', 863, 1, 482),
(485, 1271, 1, NULL, '2023-04-26 08:00:24', 863, 1, 483),
(486, 1266, 1, NULL, '2023-04-26 08:00:24', 863, 1, 484),
(487, 1270, 1, NULL, '2023-04-26 08:00:24', 863, 1, 485),
(488, 1268, 1, NULL, '2023-04-26 08:00:24', 863, 1, 486),
(489, 1267, 1, NULL, '2023-04-26 08:00:24', 863, 1, 487),
(490, 1269, 1, NULL, '2023-04-26 08:00:24', 863, 1, 488),
(491, 1277, 1, NULL, '2023-05-24 08:13:49', 863, 1, 489),
(492, 1275, 1, NULL, '2023-05-24 08:13:49', 863, 1, 490),
(493, 1276, 1, NULL, '2023-05-24 08:13:49', 863, 1, 491),
(494, 1273, 1, NULL, '2023-05-24 08:13:49', 863, 1, 492),
(495, 1278, 1, NULL, '2023-05-24 08:13:49', 863, 1, 493),
(496, 1274, 1, NULL, '2023-05-24 08:13:50', 863, 1, 494),
(497, 1279, 1, NULL, '2023-06-27 08:34:27', 863, 1, 495),
(498, 1281, 1, NULL, '2023-07-26 14:59:43', 863, 1, 496),
(499, 1280, 1, NULL, '2023-07-26 14:59:43', 863, 1, 497),
(500, 1282, 1, NULL, '2023-07-26 15:09:52', 863, 1, 498),
(501, 1283, 1, NULL, '2023-08-25 09:00:12', 863, 1, 499),
(502, 1288, 1, NULL, '2023-08-25 09:00:12', 863, 1, 500),
(503, 1292, 1, NULL, '2023-08-25 09:00:12', 863, 1, 501),
(504, 1286, 1, NULL, '2023-08-25 09:00:12', 863, 1, 502),
(505, 1289, 1, NULL, '2023-08-25 09:00:12', 863, 1, 503),
(506, 1285, 1, NULL, '2023-08-25 09:00:12', 863, 1, 504),
(507, 1284, 1, NULL, '2023-08-25 09:00:12', 863, 1, 505),
(508, 1287, 1, NULL, '2023-08-25 09:00:12', 863, 1, 506),
(509, 1291, 1, NULL, '2023-08-25 09:00:12', 863, 1, 507),
(510, 1290, 1, NULL, '2023-08-25 09:00:12', 863, 1, 508),
(511, 1293, 1, NULL, '2023-09-26 10:03:17', 863, 1, 509),
(512, 1294, 1, NULL, '2023-09-26 10:03:17', 863, 1, 510),
(513, 1295, 1, NULL, '2023-09-26 10:03:17', 863, 1, 511),
(514, 1297, 1, NULL, '2023-09-26 10:54:34', 863, 1, 512),
(515, 1296, 1, NULL, '2023-09-26 10:54:34', 863, 1, 513),
(516, 1298, 1, NULL, '2023-09-26 11:03:37', 863, 1, 514),
(517, 1299, 1, NULL, '2023-10-26 09:02:15', 863, 1, 515),
(518, 1301, 1, NULL, '2023-11-23 10:20:21', 863, 1, 516),
(519, 1300, 1, NULL, '2023-11-23 10:20:21', 863, 1, 517),
(520, 1302, 1, NULL, '2023-11-23 10:20:21', 863, 1, 518),
(521, 1303, 1, NULL, '2023-11-23 10:20:21', 863, 1, 519),
(522, 1306, 1, NULL, '2023-12-21 15:09:55', 863, 1, 520),
(523, 1304, 1, NULL, '2023-12-21 16:38:35', 863, 1, 521),
(524, 1305, 1, NULL, '2023-12-21 16:38:35', 863, 1, 522),
(525, 1307, 1, NULL, '2024-01-25 15:19:11', 863, 1, 523),
(526, 1311, 1, NULL, '2024-02-27 08:51:08', 863, 1, 524),
(527, 1310, 1, NULL, '2024-02-27 08:51:08', 863, 1, 525),
(528, 1308, 1, NULL, '2024-02-27 09:13:52', 863, 1, 526),
(529, 1309, 1, NULL, '2024-02-27 09:41:19', 863, 1, 527),
(530, 1314, 1, NULL, '2024-03-26 09:14:03', 863, 1, 528),
(531, 1312, 1, NULL, '2024-03-26 09:14:03', 863, 1, 529),
(532, 1313, 1, NULL, '2024-03-26 09:14:03', 863, 1, 530),
(533, 1315, 1, NULL, '2024-04-25 10:35:04', 863, 1, 531),
(534, 1320, 1, NULL, '2024-04-25 10:41:20', 863, 1, 532),
(535, 1319, 1, NULL, '2024-04-25 10:41:20', 863, 1, 533),
(536, 1318, 1, NULL, '2024-04-25 11:46:34', 863, 1, 534),
(537, 1317, 1, NULL, '2024-04-25 12:05:28', 863, 1, 535),
(538, 1316, 1, NULL, '2024-04-25 12:05:28', 863, 1, 536),
(539, 1321, 1, NULL, '2024-05-23 09:48:55', 863, 1, 537),
(540, 1322, 1, NULL, '2024-05-23 10:20:23', 863, 1, 538),
(541, 1323, 1, NULL, '2024-05-23 10:20:23', 863, 1, 539),
(542, 1326, 1, NULL, '2024-06-26 08:19:57', 863, 1, 540),
(543, 1324, 1, NULL, '2024-06-26 08:19:57', 863, 1, 541),
(544, 1325, 1, NULL, '2024-06-26 08:19:57', 863, 1, 542),
(545, 1327, 1, NULL, '2024-06-26 08:19:57', 863, 1, 543),
(546, 1328, 1, NULL, '2024-07-24 08:54:37', 863, 1, 544),
(547, 1331, 1, NULL, '2024-07-24 09:10:47', 863, 1, 545),
(548, 1333, 1, NULL, '2024-07-24 10:12:25', 863, 1, 546),
(549, 1330, 1, NULL, '2024-07-24 10:12:25', 863, 1, 547),
(550, 1332, 1, NULL, '2024-07-24 10:12:25', 863, 1, 548);


INSERT INTO `TBCENTROCUSTO` (`CODIGOEMPRESA`, `CODIGOCCUSTO`, `DESCRICAOCCUSTO`, `TPLANCAMENTO`, `TIPO`, `CCSUPERIOR`, `SITUACAO`) VALUES
(567, '1.4', 'OUTROS GERAL', NULL, 'A', '1', 'A'),
(567, '1', 'ADMINISTRATIVO', NULL, 'S', '1', 'A'),
(567, '1.1', 'DIRETORIA', NULL, 'A', '1', 'A'),
(567, '1.2', 'ADM-FIN GERAL', NULL, 'A', '1', 'A'),
(567, '2', 'OPERACIONAL', NULL, 'S', '2', 'A'),
(567, '2.1', 'CONTABILIDADE', NULL, 'A', '2', 'A'),
(567, '2.2', 'FISCAL', NULL, 'A', '2', 'A'),
(567, '2.3', 'DP', NULL, 'A', '2', 'A'),
(567, '2.4', 'FATURAMENTO MEDICO', NULL, 'A', '2', 'A'),
(567, '2.5', 'OUTROS OPERACIONAL', NULL, 'A', '2', 'A'),
(567, '9', 'TEMPORARIO', NULL, 'A', '9', 'A'),
(567, '1.3', 'INFRAESTRUTURA', NULL, 'A', '1', 'A'),
(566, '1.4', '1.4 OUTROS GERAL', NULL, 'A', '1', 'A'),
(566, '1', '1. ADMINISTRATIVO', NULL, 'S', '1', 'A'),
(566, '1.1', '1.1 DIRETORIA', NULL, 'A', '1', 'A'),
(566, '1.2', '1.2 ADM-FIN GERAL', NULL, 'A', '1', 'A'),
(566, '2', '2. OPERACIONAL', NULL, 'S', '2', 'A'),
(566, '2.1', '2.1 CONTABILIDADE', NULL, 'A', '2', 'A'),
(566, '2.2', '2.2 FISCAL', NULL, 'A', '2', 'A'),
(566, '2.3', '2.3 DP', NULL, 'A', '2', 'A'),
(566, '2.4', '2.4 FATURAMENTO MEDICO', NULL, 'A', '2', 'A'),
(566, '2.5', '2.5 OUTROS OPERACIONAL', NULL, 'A', '2', 'A'),
(566, '9', '9. TEMPORARIO', NULL, 'A', '9', 'A'),
(566, '1.3', '1.3 INFRAESTRUTURA', NULL, 'A', '1', 'A'),
(566, '0', '0. RECEITA/TRANSFERENCIA', NULL, 'A', '0', 'A');

INSERT INTO `TBCNAE` (`CODIGOCNAE`, `DESCRICAOCNAE`) VALUES
('1         ', 'NAO DEFINIDO'),
('41.20.400 ', 'Construcao de Edificios'),
('45.21.700 ', 'Edificacoes (Residdencias, indust. Comerciais e de servicos)'),
('45.21.701 ', 'Edificacoes(residenciais,industriais,comerc. e de servicos)'),
('45.41.203 ', 'Comercio a Varejo de Motocicletas e Motonetas Novas'),
('47.51.200 ', 'Comercio Varejista Espec. de Equipam. E Suprim. De Inform.'),
('47.54.701 ', 'Comercio Varejista de Imoveis'),
('47.62.800 ', 'Comercio Varejista de Discos, CDs, DVs e Fitas'),
('47.74.100 ', 'Comercio Varejista de Artigos de Optica'),
('47.89.099 ', 'Comercio Varejista de Outros Produtos no Especificados Ant.'),
('53.10.502 ', 'Atividades de Franqueadas do Correio Nacional'),
('56.11.203 ', 'Lanchonetes, Casas de Cha, de Sucos e Similares.'),
('58.21.200 ', 'Edicao Integrada a impressao de livros'),
('62.01.500 ', 'DESENVOLVIMENTO DE PROGRAMAS DE COMPUTADOR SOB ENCOMENDA'),
('62.03.100 ', 'Desenvol. E licenciam. De Programas de Comp. N-Customizaveis'),
('62.04.000 ', 'CONSULTORIA EM TECNOLOGIA DA INFORMACAO'),
('62.09.100 ', 'Suporte Tecnico, Manut. e Outros serv. em Tec. Da Informacao'),
('63.19.400 ', 'Portais,Provedores de Cont. e out. Serv. de Inf. na Internet'),
('63.99.200 ', 'Outras Ativ. De Prest. De Serv. De Inf. No Esp. Anteriorm.'),
('64.91.300 ', 'Sociedades de Fomento Mercantil - Factoring'),
('65.50.200 ', 'Planos de Sade'),
('65.59.503 ', 'Factoring'),
('68.10.202 ', 'Aluguel de Imoveis Proprios'),
('69.11.701 ', 'Servicos Advocaticios'),
('70.20.400 ', 'Atividades de Consultoria em Gestao Empresarial'),
('70.32.700 ', 'Administracao de Imoveis por conta de Terceiros'),
('72.10.900 ', 'Consultoria em Hardware'),
('72.90.700 ', 'Outras Atividades de Informtica, no esp. Anteroirmente.'),
('73.11.400 ', 'Agencias de Publicidade'),
('74.16.002 ', 'Atividades de Assessoria em Gestao Empresarial'),
('82.11.300 ', 'Servicos Combinados de Escritorio e Apoio Administrativo'),
('85.13.802 ', 'Atividade de Clinica Odontologica (Clin., Consult. E Ambul)'),
('85.13.900 ', 'Ensino Fundamental'),
('85.15.499 ', 'OUTRAS ATIVIDADES DE SERVICOS PROFISSIONAIS DA AREA MEDICA'),
('86.30.503 ', 'Atividade Medica Ambulatorial Restrita a Consultas'),
('86.30.504 ', 'Atividade Odontologica'),
('86.40.205 ', 'Serv. de Diagnost. por Imagem c/ uso de Radiac. Ionizante.'),
('86.40.206 ', 'Servicos de Ressonancia Magnetica'),
('86.50.006 ', 'Atividades de Fonoaudiologia'),
('94.30.800 ', 'Atividades de Associacoes de Defesa de Direitos Sociais');




INSERT INTO `TBCOLABORADOR` (`CODIGOCOLABORADOR`, `NOMECOLABORADOR`, `EMAILCOLABORADOR`, `LOGINCOLABORADOR`, `SENHACOLABORADOR`, `CCUSTOCOLABORADOR`, `DVGCOLABORADOR`, `DVLCOLABORADOR`) VALUES
(1, 'ARMANDO', 'decon@ageconsulting.com.br', 'armando', '123456', '1.5', '2012-05-03', NULL),
(2, 'DENISE', 'sec@ageconsulting.com.br', 'denise', '123456', '1.6', '2012-05-03', '2013-03-07'),
(3, 'EDILEUZA', 'edileuzaferraz@ageconsulting.com.br', 'edileuza', '123456', '1.7', '2012-05-03', NULL),
(4, 'ELAINE SILVA', 'elainesilva@ageconsulting.com.br', 'elaine', '123456', '1.3', '2012-05-03', '2013-03-07'),
(5, 'EVANDRO FRANCISCO', 'evandrofrancisco@ageconsulting.com.br', 'evandro', '123456', '1.3', '2012-05-03', NULL),
(6, 'FABIANA MENEZES', 'fabianamenezes@ageconsulting.com.br', 'fabiana', '123456', '1.4', '2012-05-03', '2013-03-07'),
(7, 'FLAVIO TORRES', 'flaviotorres@ageconsulting.com.br', 'flaviotorres', '123456', '1.1', '2012-05-03', NULL),
(8, 'FLAVIO YAURA', 'flavioyaura@ageconsulting.com.br', 'flavioyaura', '123456', '1.8', '2012-05-03', NULL),
(9, 'FRANCISCA', 'franciscanunes@ageconsulting.com.br', 'francisca', '123456', '1.4', '2012-05-03', '2013-03-07'),
(10, 'GIL', 'gil@ageconsulting.com.br', 'gil', '123456', '1.2', '2012-05-03', NULL),
(11, 'GLEYBSON BARBOSA', 'gleybsonbarbosa@ageconsulting.com.br', 'gleybson', '123456', '1.3', '2012-05-03', '2013-03-07'),
(12, 'JOSE RICARDO MEDEIROS', 'josemedeiros@ageconsulting.com.br', 'ricardo', '123456', '1.3', '2012-05-03', NULL),
(13, 'LUCIANA DAMASCENA', 'lucianadamascena@ageconsulting.com.br', 'luciana', '123456', '1.9', '2012-05-03', NULL),
(14, 'LUCIANO CHERPAK', 'lucianocherpak@ageconsulting.com.br', 'lucianocherpak', '123456', '1.1', '2012-05-03', NULL),
(15, 'LUCIANO LEAO', 'lucianoleao@ageconsulting.com.br', 'lucianoleao', '123456', '1.10', '2012-05-03', NULL),
(16, 'MARCELO', 'informatica@ageconsulting.com.br', 'marcelo', '123456', '1.8', '2012-05-03', '2013-03-07'),
(17, 'MARCELO ARAUJO', 'marceloaraujo@ageconsulting.com.br', 'marceloaraujo', '123456', '1.5', '2012-05-03', '2013-03-07'),
(18, 'MARCONI', 'marconialves@ageconsulting.com.br', 'marconi', '123456', '1.4', '2012-05-03', '2013-03-07'),
(19, 'MARIA CAROLINA', 'mariacarolina@ageconsulting.com.br', 'carolina', '123456', '1.5', '2012-05-03', NULL),
(20, 'MARIA EMILIA', 'mariaemilia@ageconsulting.com.br', 'emilia', '123456', '1.4', '2012-05-03', '2013-03-07'),
(21, 'PATRICIA SOUZA', 'patriciasouza@ageconsulting.com.br', 'patricia', '123456', '1.5', '2012-05-03', '2013-03-07'),
(22, 'POLLYANA', 'decon3@ageconsulting.com.br', 'pollyana', '123456', '1.5', '2012-05-03', '2013-03-07'),
(23, 'SERGIO COSTA', 'sergiocosta@ageconsulting.com.br', 'sergiocosta', '123456', '1.1', '2012-05-03', NULL),
(24, 'SIMONE', 'simone@tourismedbrazil.com', 'simone', '123456', '1.11', '2012-05-03', NULL),
(25, 'TAMYRES MELO', 'tamyrismelo@ageconsulting.com.br', 'tamyres', '123456', '1.5', '2012-05-03', NULL),
(26, 'WANSBERG ANDRADE', 'bergandrade@ageconsulting.com.br', 'wansberg', '123456', '1.3', '2012-05-03', NULL);



INSERT INTO `TBCOLABORADOR_FUNCAO` (`CODIGOCOLABORADOR`, `CODIGOFUNCAO`) VALUES
(1, 5),
(2, 11),
(3, 12),
(4, 3),
(5, 3),
(6, 1),
(7, 9),
(8, 10),
(9, 1),
(10, 8),
(11, 3),
(12, 3),
(13, 2),
(14, 9),
(15, 7),
(16, 10),
(17, 5),
(18, 1),
(19, 6),
(20, 1),
(21, 5),
(22, 5),
(23, 9),
(24, 13),
(25, 5),
(26, 3);



INSERT INTO `TBCOMPXOBRIG` (`CODCOMPXOBRIG`, `CODOBRIGACAO`, `CODCOMPETENCIA`) VALUES
(684, 19, 12),
(683, 19, 11),
(682, 19, 10),
(681, 19, 9),
(680, 19, 8),
(45, 24, 1),
(46, 24, 2),
(47, 24, 3),
(48, 24, 4),
(49, 24, 5),
(50, 24, 6),
(51, 24, 7),
(52, 24, 8),
(53, 24, 9),
(54, 24, 10),
(55, 24, 11),
(56, 24, 12),
(69, 2, 1),
(70, 2, 2),
(71, 2, 3),
(72, 2, 4),
(73, 2, 5),
(74, 2, 6),
(75, 2, 7),
(76, 2, 8),
(77, 2, 9),
(78, 2, 10),
(79, 2, 11),
(80, 2, 12),
(81, 27, 1),
(82, 27, 2),
(83, 27, 3),
(84, 27, 4),
(85, 27, 5),
(86, 27, 6),
(87, 27, 7),
(88, 27, 8),
(89, 27, 9),
(90, 27, 10),
(91, 27, 11),
(92, 27, 12),
(93, 23, 1),
(94, 23, 2),
(95, 23, 3),
(96, 23, 4),
(97, 23, 5),
(98, 23, 6),
(99, 23, 7),
(100, 23, 8),
(101, 23, 9),
(102, 23, 10),
(103, 23, 11),
(104, 23, 12),
(590, 39, 10),
(589, 39, 7),
(588, 39, 4),
(587, 39, 1),
(109, 21, 1),
(110, 21, 2),
(111, 21, 3),
(112, 21, 4),
(113, 21, 5),
(114, 21, 6),
(115, 21, 7),
(116, 21, 8),
(117, 21, 9),
(118, 21, 10),
(119, 21, 11),
(120, 21, 12),
(144, 40, 12),
(143, 40, 11),
(142, 40, 10),
(141, 40, 9),
(140, 40, 8),
(139, 40, 7),
(138, 40, 6),
(137, 40, 5),
(136, 40, 4),
(135, 40, 3),
(134, 40, 2),
(133, 40, 1),
(602, 22, 12),
(601, 22, 11),
(600, 22, 10),
(599, 22, 9),
(598, 22, 8),
(597, 22, 7),
(596, 22, 6),
(595, 22, 5),
(594, 22, 4),
(593, 22, 3),
(592, 22, 2),
(591, 22, 1),
(157, 41, 1),
(158, 41, 4),
(159, 41, 7),
(160, 41, 10),
(161, 20, 1),
(162, 20, 2),
(163, 20, 3),
(164, 20, 4),
(165, 20, 5),
(166, 20, 6),
(167, 20, 7),
(168, 20, 8),
(169, 20, 9),
(170, 20, 10),
(171, 20, 11),
(172, 20, 12),
(173, 42, 1),
(174, 42, 2),
(175, 42, 3),
(176, 42, 4),
(177, 42, 5),
(178, 42, 6),
(179, 42, 7),
(180, 42, 8),
(181, 42, 9),
(182, 42, 10),
(183, 42, 11),
(184, 42, 12),
(185, 43, 1),
(186, 43, 2),
(187, 43, 3),
(188, 43, 4),
(189, 43, 5),
(190, 43, 6),
(191, 43, 7),
(192, 43, 8),
(193, 43, 9),
(194, 43, 10),
(195, 43, 11),
(196, 43, 12),
(197, 45, 1),
(198, 45, 2),
(199, 45, 3),
(200, 45, 4),
(201, 45, 5),
(202, 45, 6),
(203, 45, 7),
(204, 45, 8),
(205, 45, 9),
(206, 45, 10),
(207, 45, 11),
(208, 45, 12),
(209, 18, 1),
(210, 18, 2),
(211, 18, 3),
(212, 18, 4),
(213, 18, 5),
(214, 18, 6),
(215, 18, 7),
(216, 18, 8),
(217, 18, 9),
(218, 18, 10),
(219, 18, 11),
(220, 18, 12),
(221, 26, 1),
(222, 26, 2),
(223, 26, 3),
(224, 26, 4),
(225, 26, 5),
(226, 26, 6),
(227, 26, 7),
(228, 26, 8),
(229, 26, 9),
(230, 26, 10),
(231, 26, 11),
(232, 26, 12),
(233, 25, 1),
(234, 25, 2),
(235, 25, 3),
(236, 25, 4),
(237, 25, 5),
(238, 25, 6),
(239, 25, 7);


INSERT INTO `TBEMPRESA` (`CODIGOEMPRESA`, `RAZAOSOCIAL`, `NOMEFANTASIA`, `RESUMIDO`, `CNPJ`, `INSCESTADUAL`, `INSCMUNICIPAL`, `CODIGOMUNICIPIO`, `ENDERECOCNPJ`, `BAIRROCNPJ`, `CIDADECNPJ`, `CEPCNPJ`, `UFCNPJ`, `CODIGOSTATUS`, `DATACNPJ`, `CODIGOCNAE`, `ENDERECO`, `BAIRRO`, `CIDADE`, `CEP`, `UF`, `OBSERVACAO`, `SITE`, `DUA`, `IDUA`, `SITUACAO`, `DVG`, `DVL`, `CAPITALSOCIAL`, `CODIGOMATRIZ`, `IR`, `CODIGOTRIBUTACAO`, `PISCOFINSCUMULATIVO`, `CODIGOPATRONAL`, `CODIGOOBREIRO`, `RESPONSAVELRECEITAFEDERAL`, `CPFRESPONSAVELRECEITA`, `DTVIGENCIACERTDIGITAL`, `DTVALIDADECERTDIGITAL`, `DTVALIDADEPROCURACAOAGE`, `SenhaFicus`, `SenhaExtratoInss`, `email`, `deemail`, `MOVPROTOCOLO`) VALUES
(738, 'NGR COMERCIO DE PAPELARIA E INFORMATICA LTDA ', 'INFOMAIS', 'infomais', '08.235.761/0001-34', 'ISENTO', 'ISENTO', 1, 'no maximo 200 caracteres', ' ', ' ', ' ', 'PE', 1, '1900-01-01', '1', 'no maximo 200 caracteres', ' ', ' ', ' ', 'PE', 'no maximo 100 caracteres                                                ', ' ', '2013-06-03', 1, 'A', '2012-05-01', '2013-04-30', 0, 738, '', 1, 'NA', NULL, NULL, 'XXXXXXXXXXXXXXXXXX', 'XXXXXXXXXXXXXX', NULL, NULL, NULL, NULL, NULL, NULL, NULL, NULL),
(739, 'TOURISMED TURISMO MEDICO LTDA', 'TOURISMED BRAZIL', 'TOURISMED', '12.919.545/0001-85', 'ISENTO', 'ISENTO', 1, 'no maximo 200 caracteres', '', '', '', 'PE', 1, '1900-01-01', '1', 'no maximo 200 caracteres', '', '', '', 'PE', 'no maximo 100 caracteres', '', '2018-07-09', 1, 'A', '2012-06-01', NULL, 0, 739, '', 2, 'S', NULL, NULL, 'ALBERTO CHERPAK', '408.608.414-72', '2012-06-13', '2024-04-23', '2025-12-31', NULL, 'E-CNPJ CARTO', 'simonecamara@ageconsulting.com.br', 'financeiro@ageconsulting.com.br', 'FISICO'),
(740, 'EM4 COMERCIO DE MAQUINAS E SERVICOS DE ASSIT TEC LTDA', 'EM4 COMERCIO', 'em4', '08.992.843/0001-23', 'ISENTO', 'ISENTO', 1, 'no maximo 200 caracteres', '', '', '', 'PE', 1, '1900-01-01', '1', 'no maximo 200 caracteres', '', '', '', 'PE', 'no maximo 100 caracteres                ', '', '2012-10-25', 1, 'A', '2012-06-01', '2012-08-31', 0, 740, '', 2, 'S', NULL, NULL, NULL, NULL, NULL, NULL, NULL, NULL, NULL, NULL, NULL, NULL),
(741, 'CIDIZ COMERCIO LTDA', 'CIDIZ COMERCIO', 'cidiz', '15.690.552/0001-46', 'ISENTO', 'ISENTO', 1, 'no maximo 200 caracteres', '', '', '', 'PE', 1, '1900-01-01', '1', 'no maximo 200 caracteres', '', '', '', 'PE', 'no maximo 100 caracteres                                                ', '', '2017-01-26', 1, 'A', '2012-07-01', '2016-12-31', 0, 741, '', 2, 'S', NULL, NULL, 'ARTHUR CANEIRO CORDEIRO GALVAO', '750.158.381-15', '2012-09-28', '2015-09-27', '2015-09-28', '', '', NULL, NULL, NULL),
(742, 'TJA SERVIOS COMBINADOS DE ESCRITRIO E APOIO ADMININSTRATIVO LTDA', 'DELIFE COMERCIO', 'delife', '15.659.114/0001-15', 'ISENTA', 'ISENTA', 1, 'no maximo 200 caracteres', '', '', '', 'PE', 1, '1900-01-01', '1', 'no maximo 200 caracteres', '', '', '', 'PE', 'no maximo 100 caracteres                                                                ', '', '2017-01-26', 1, 'A', '2012-07-01', '2016-12-31', 0, 742, '', 2, 'S', NULL, NULL, 'TIAGO MENEZES HURTADO', '070.533.154-79', '2015-12-17', '2018-12-16', '2020-12-21', '', '', NULL, NULL, NULL),
(743, 'LIMA & LIMA ADVOCACIA E CONSULTORIA JURIDICA LTDA', 'LIMA E LIMA ADVOCACIA', 'lima', '06.203.502/0001-04', 'ISENTO', 'ISENTO', 1, 'no maximo 200 caracteres', '', '', '', 'PE', 1, '1900-01-01', '1', 'no maximo 200 caracteres', '', '', '', 'PE', 'no maximo 100 caracteres                                                                ', '', '2019-10-02', 1, 'A', '2012-07-01', '2019-09-30', 0, 743, '', 2, 'S', NULL, NULL, 'FREDERICO GUILHERME RODRIGUES DE LIMA', '036.364.614-00', '2012-07-13', '2013-11-03', '2017-07-13', NULL, NULL, NULL, NULL, NULL),
(744, 'TRIO EMPREENDIMENTOS LTDA.', 'TRIO UNICA', 'triounica', '16.432.842/0001-52', 'ISENTO', 'ISENTO', 1, 'no maximo 200 caracteres', '', '', '', 'PE', 1, '1900-01-01', '1', 'no maximo 200 caracteres', '', '', '', 'PE', 'no maximo 100 caracteres                                                                            ', '', '2023-12-21', 1, 'A', '2012-07-01', '2023-12-31', 0, 744, '', 2, 'S', NULL, NULL, 'JOO MARCELO ANDRADE DE OLIVEIRA', '008.295.224-84', '2016-06-26', '2023-06-28', '2050-12-31', '', 'E-CNPJ ARQUIVO ', 'julianamendonca@trioempreendimentos.com', 'financeiro@ageconsulting.com.br', 'FISICO'),
(745, 'SDT ELETRONICA BRASIL LTDA ', 'SDT ELETRONICA BRASIL', 'sdt', '15.478.999/0001-56', 'ISENTO', 'ISENTO', 1, 'no maximo 200 caracteres', '', '', '', 'PE', 1, '1900-01-01', '1', 'no maximo 200 caracteres', '', '', '', 'PE', 'no maximo 100 caracteres                                ', '', '2024-06-14', 1, 'A', '2012-07-01', '2024-06-30', 0, 745, '', 3, 'N', NULL, NULL, 'ALINE RAMOS LIMA', '032.743.444-94', '2012-08-06', '2024-05-19', '2050-12-31', 'SEM MOVIMENTO', 'E-CNPJ ARQUIVO ', 'bertrand.bouet@sdt.pt', 'financeiro@ageconsulting.com.br', 'E-MAIL'),
(540, 'Next Net', 'NEXT NET', 'NEXTNET', '', '', '', 9, '', NULL, NULL, '', NULL, 2, NULL, '1', '', NULL, NULL, NULL, NULL, NULL, '', '2010-01-21', NULL, 'A', '2009-01-01', '2009-04-30', NULL, 540, NULL, 7, 'NA', 1, 1, NULL, NULL, NULL, NULL, NULL, NULL, NULL, NULL, NULL, NULL),
(538, 'MORAIS CONSULTORIA E REPRESENTA++O LTDA', 'MORAIS REPRESENTACOES', 'moraisrep', '02.623.252/0001-00', '00000', '34745', 2, 'AV. DR.CLAUDIO JOSE GUEIROS LEITE, N 4351,CX POSTAL 298 ', 'JANGA', 'PAULISTA', '53435000', 'PE', 2, '1998-07-02', '1', 'AV. DR.CLAUDIO JOSE GUEIROS LEITE, N 4351,CX POSTAL 298', 'JANGA', 'PAULISTA', '53435000', 'PE', '                ', ' ', '2010-04-19', 831, 'A', '2009-01-01', '2009-07-31', NULL, 538, NULL, 5, 'NA', 1, 1, NULL, NULL, NULL, NULL, NULL, NULL, NULL, NULL, NULL, NULL),
(536, 'MERCADINHO OMENA - LANCHONETE', 'MERCADINHO OMENA - LANCHONETE', 'mercadomega', ' 99999999999999999', 'ISENTO', 'ISENTO', 1, ' ', ' ', ' ', ' ', 'PE', 2, '1900-01-01', '1', ' ', ' ', ' ', ' ', 'PE', '                                ', ' ', '2011-06-20', 1, 'A', '2009-01-01', '2009-04-30', 0, 536, '', 2, 'S', 1, 1, NULL, NULL, NULL, NULL, NULL, NULL, NULL, NULL, NULL, NULL),
(535, 'LIMONGI SIAL E REINALDO ALVES - ADVOCACIA E CONSULTORIA JURIDIUCA', 'LIMONGI SIAL', 'limongi', '04.394.393/0001-16', '00000', '00000', 1, 'RUA CARDEAL ARCOVERDE,127, 153', 'GRA+AS', 'RECIFE', '52011240', 'PE', 1, '2001-03-27', '69.11.701', 'RUA CARDEAL ARCOVERDE,127, 153', 'GRAAS', 'RECIFE', '52011240', 'PE', '                                ', ' ', '2023-06-20', 1, 'A', '2009-01-01', '2023-06-30', 0, 535, '', 2, 'S', 1, 1, 'PEDRO HENRIQUE BRAGA REYNALDO ALVES', '784.461.474-91', '2015-08-10', '2024-10-07', '2025-12-31', NULL, 'E-CNPJ CARTO ', 'mayumi.carvalho@lsra.adv.br', 'financeiro@ageconsulting.com.br', 'FISICO'),
(533, 'CONDOMINIO DO EDIFICIO MARIA ROBERTA', 'CONDOMINIO DO EDIFICIO MARIA ROBERTA', 'CONDMARIAROB', '', '', '', 9, '', NULL, NULL, '', NULL, 2, NULL, '1', '', NULL, NULL, NULL, NULL, NULL, '', '2010-01-21', NULL, 'A', '2009-01-01', '2009-06-30', NULL, 533, NULL, 7, 'NA', 1, 1, NULL, NULL, NULL, NULL, NULL, NULL, NULL, NULL, NULL, NULL),
(532, 'CBJ ATENDIMENTO EM AREA MEDICA LTDA-ME', 'CBJ ATENDIMENTO EM AREA MEDICA', 'cbjcons', '08.403.573/0001-78', '00000', '35167', 2, 'AV. DR. CLAUDIO JOSE GUEIROS LEITE, N 4351 - LOJA 12 CAIXA POSTAL 28.', 'JANGA', 'PAULISTA', '53435000', 'PE', 1, '2006-10-10', '74.16.002', 'AV. DR. CLAUDIO JOSE GUEIROS LEITE, N 4351 - LOJA 12 CAIXA POSTAL 28. ', 'JANGA', 'PAULISTA', '53435000', 'PE', '                                                                                                    ', ' ', '2016-05-23', 1, 'A', '2009-01-01', '2016-05-31', 0, 532, '', 2, 'S', 1, 1, 'CELSO RIBEIRO BOAVENTURA JUNIOR', '566.568.664-68', '2013-07-09', '2016-07-03', '2018-07-09', '', '', NULL, NULL, NULL),
(530, 'ALBUQUERQUE PINTO - COMISSOES', 'ALBUQUERQUE PINTO - COMISSOES', 'alburqpinto', ' 77777777777777777', ' ISENTO', 'ISENTO', 1, ' ', ' ', ' ', ' ', 'PE', 4, '1900-01-01', '1', ' ', ' ', ' ', ' ', 'AC', '                                                ', ' ', '2011-01-25', 1, 'A', '2009-01-01', '2009-01-31', 0, 530, '', 7, 'NA', 1, 1, NULL, NULL, NULL, NULL, NULL, NULL, NULL, NULL, NULL, NULL),
(529, 'AEROCLUBE DE PE', 'AEROCLUBE DE PE', 'aeroclube', ' 66666666666666666', 'ISENTO', 'ISENTO', 1, ' ', ' ', ' ', ' ', 'PE', 2, '1900-01-01', '1', ' ', ' ', ' ', ' ', 'PE', '                                                                ', ' ', '2011-06-20', 1, 'A', '2009-01-01', '2009-03-31', 0, 529, '', 7, 'NA', 1, 1, NULL, NULL, NULL, NULL, NULL, NULL, NULL, NULL, NULL, NULL),
(527, 'WENETUS INTERACTIVE INFORMATICA LTDA', 'WENETUS', 'wenettus', '08.962.168/0001-90', '00000', '379.578-0', 1, 'RUA DO APOLO, N 161 - CAIXA POSTAL 44 TERREO.', 'RECIFE ANTIGO', 'RECIFE', '50030220', 'PE', 1, '2007-07-11', '62.01.500', 'RUA DO APOLO, N 161 - CAIXA POSTAL 44 TERREO.', 'RECIFE ANTIGO ', 'RECIFE', '50030220', 'PE', '                                ', ' ', '2012-07-09', 1, 'A', '2009-01-01', '2012-06-30', 0, 527, '', 1, 'NA', 1, 1, NULL, NULL, NULL, NULL, NULL, NULL, NULL, NULL, NULL, NULL),
(526, 'VR COMERCIO DE CONFECCOES LTDA', 'VR', 'vrcomer', '10.298.543/0001-90', '18.5.001.0255206-4', '394681-9', 1, 'AV. CONSELHEIRO AGUIAR, N 2891 - TERREO SALA COMERCIAL 3.', 'BOA VIAGEM', 'RECIFE', '51020020', 'PE', 2, '2008-08-21', '1', 'AV. CONSELHEIRO AGUIAR, N 2891 - TERREO SALA COMERCIAL 3.', 'BOA VIAGEM', 'RECIFE', '51020020', 'PE', '                                                ', ' ', '2012-03-29', 1, 'A', '2009-01-01', '2012-03-31', 0, 526, '', 2, 'S', 1, 1, NULL, NULL, NULL, NULL, NULL, NULL, NULL, NULL, NULL, NULL),
(525, 'VISIVA CONSULTORIA EM GESTAO EMPRESARIAL LTDA', 'VISIVA CONSULTORIA', 'visivac', '09.196.869/0001-28', '00000', '37559', 3, 'AV. RIO CAPIBARIBE, N 11.', 'INTEGRACAO MURIBECA', 'JABOATAO DOS GUARARAPES', '54365030', 'PE', 1, '2007-11-19', '70.20.400', 'AV. RIO CAPIBARIBE, N 11.', 'INTEGRACAO MURIBECA', 'JABOATAO DOS GUARARAPES', '54365030', 'PE', '                                ', ' ', '2015-07-10', 1, 'A', '2009-01-01', '2015-06-30', 0, 525, '', 2, 'S', 1, 1, 'LUIZ ANDRE GOMES DE ARAUJO', '962.300.704-30', '2010-06-29', '2013-06-28', '2020-12-31', NULL, NULL, NULL, NULL, NULL),
(524, 'VINAGRETES ALIMENTACAO LTDA', 'VINAGRETES', 'vinagre', '02.889.843/0001-16', '18.5.001.0255206-4', '00000', 1, 'RUA DO HOSPICIO, N 203.', 'BOA VISTA', 'RECIFE', '50060080', 'PE', 2, '1998-11-26', '1', 'RUA DO HOSPICIO, N 203.', 'BOA VISTA', 'RECIFE', '50060080', 'PE', '                ', ' ', '2010-05-04', 831, 'A', '2009-01-01', '2009-12-31', NULL, 524, NULL, 1, 'NA', 1, 1, NULL, NULL, NULL, NULL, NULL, NULL, NULL, NULL, NULL, NULL),
(521, 'UNIFECTO SERVICOS MEDICOS LTDA.', 'UNIFECTO', 'uninfecto', '10.228.298/0001-45', 'ISENTO', 'ISENTO', 9, '0', ' ', ' ', ' ', 'PE', 1, '1900-01-01', '1', '0', ' ', ' ', ' ', 'AC', '                                                                ', ' ', '2010-11-08', 1, 'A', '2009-01-01', '2010-10-31', 0, 521, '', 2, 'S', 1, 1, NULL, NULL, NULL, NULL, NULL, NULL, NULL, NULL, NULL, NULL),
(520, 'TMG SERVICOS DE INFORMATICA LTDA - ME', 'TMG INFORMATICA', 'tmginfo', '03.498.567/0001-28', '00000', '33071', 2, 'AV. DR. CLAUDIO JOSE GUEIROS LEITE, N 4351 - LOJA 12.', 'JANGA', 'PAULISTA', '53435000', 'PE', 1, '1999-10-28', '1', 'AV. DR. CLAUDIO JOSE GUEIROS LEITE, N 4351 - LOJA 12.', 'JANGA', 'PAULISTA', '53435000', 'PE', '                                ', ' ', '2013-06-20', 1, 'A', '2009-01-01', '2013-05-31', 0, 520, '', 1, 'NA', 1, 1, 'MARCOS ANDR WANDERLEY GOMES', '084.432.384-53', '2010-07-06', '2012-06-29', '2020-12-31', NULL, NULL, NULL, NULL, NULL),
(517, 'SUCESSO IMOVEIS EMPRESARIAIS LTDA', 'SUCESSO IMOVEIS EMPRESARIAIS', 'sucesso', '69.900.751/0001-60', '00000', '228.575-4', 1, 'RUA BISPO CARDOSO AYRES, N 147 - SALA 205.', 'BOA VISTA', 'RECIFE', '50050100', 'PE', 1, '1993-02-19', '1', 'RUA BISPO CARDOSO AYRES, N 147 - SALA 205.', 'BOA VISTA', 'RECIFE', '50050100', 'PE', '                                                ', ' ', '2015-06-17', 1, 'A', '2009-01-01', '2015-06-30', 0, 517, '', 1, 'NA', 1, 1, 'GILVANDRO CESAR DA SILVA', '666.386.154-91', '2010-07-06', '2012-06-29', '2020-12-31', NULL, NULL, NULL, NULL, NULL),
(514, 'SILVIA DA FONTE', 'SILVIA DA FONTE', 'silvia', '11.505.574/0001-38', 'ISENTO', 'ISENTO', 9, '0', ' ', ' ', ' ', 'PE', 1, '1900-01-01', '1', '0', ' ', ' ', ' ', 'AC', '                                                                                                ', ' ', '2016-02-25', 1, 'A', '2009-01-01', '2016-02-29', 0, 514, '', 1, 'NA', 1, 1, 'SILVIA VIEIRA DA CUNHA FA FONTE', '653.476.684-15', '2010-10-04', '2013-09-30', '2020-12-31', NULL, NULL, NULL, NULL, NULL),
(513, 'SELIM ALIMENTACAO LTDA ME', 'SELIM ALIMENTACAO', 'selimal', '69.888.857/0001-96', '18.5.001.0187352-5', '00000', 1, 'RUA DO HOSPICIO, N 59 - LOJA A.', 'BOA VISTA', 'RECIFE', '50060080', 'PE', 2, '1993-01-12', '56.11.203', 'RUA DO HOSPICIO, N 59 - LOJA A.', 'BOA VISTA', 'RECIFE', '50060080', '', '                ', ' ', '2010-05-04', 831, 'A', '2009-01-01', '2009-12-31', NULL, 513, NULL, 1, 'NA', 1, 1, NULL, NULL, NULL, NULL, NULL, NULL, NULL, NULL, NULL, NULL),
(512, 'SECURITY CENTER DO BRASIL  LTDA', 'SECURITY CENTER', 'security', '03.563.674/0001-92', '00000', '300.167-9', 1, 'AV. SATURNO DE BRITO, N 146.', 'CABANGA', 'RECIFE', '50090310', 'PE', 1, '1999-12-07', '1', 'AV. SATURNO DE BRITO, N 146.', 'CABANGA', 'RECIFE', '50090310', 'PE', '                                                ', ' ', NULL, 865, 'A', '2009-01-01', NULL, 0, 512, '', 1, 'NA', 1, 1, 'MANFRIED CANDIDO MACIEL', '754.874.544-34', '2012-06-06', '2024-10-04', '2025-12-31', NULL, 'E-CNPJ ARQUIVO ', 'securitycenter@uol.com.br', 'financeiro@ageconsulting.com.br', 'FISICO'),
(511, 'EXCELSIOR MED. LTDA', 'SAUDE EXCELSIOR', 'SAUDEEXCEL', '03.517.055/0001-61', '0', '', 5, 'Ministro Marcos Freire Num. 1416 /  Bairro Bairro Novo', NULL, NULL, '', NULL, 2, NULL, '1', 'Ministro Marcos Freire Num. 1416 /  Bairro Bairro Novo', NULL, NULL, NULL, NULL, NULL, '', '2010-01-21', NULL, 'A', '2009-01-01', '2009-10-31', NULL, 511, NULL, 7, 'NA', 1, 1, NULL, NULL, NULL, NULL, NULL, NULL, NULL, NULL, NULL, NULL),
(510, 'SF & CIA LTDA', 'SF & CIA', 'sandrae', '05.948.717/0001-83', '00000', '8108129', 1, 'AV CONS AGUIAR, 4599, SL 0001, CXPST 0364', 'BOA VIAGEM', 'RECIFE', '51021020', 'PE', 1, '2003-10-15', '86.30.503', 'AV CONS AGUIAR, 4599, SL 0001, CXPST 0364', 'BOA VIAGEM', 'RECIFE', '51021020', 'PE', '                                ', ' ', '2023-09-06', 865, 'A', '2009-01-01', NULL, 0, 510, '', 2, 'S', 1, 1, 'SANDRA MARIA DE OLIVEIRA PEREIRA', '718.685.184-34', '2015-02-05', '2024-09-06', '2025-12-31', NULL, 'E-CNPJ ARQUIVO ', 'sandramariaop@hotmail.com', 'financeiro@ageconsulting.com.br', 'FISICO'),
(509, 'SABINO E SILVA ATENDIMENTO MEDICO AMBULATORIAL', 'SABINO E SILVA ATENDIMENTO MEDICO AMBULATORIAL', 'sabinoe', '11.143.008/0001-23', '00000', '37740', 2, 'AV. DR CLAUDIO JOSE GUEIROS LEITE, N 4351 - LOJA 12 CAIXA POSTAL 296.', 'JANGA', 'PAULISTA', '53435000', 'PE', 1, '2009-09-15', '86.30.503', 'AV. DR CLAUDIO JOSE GUEIROS LEITE, N 4351 - LOJA 12 CAIXA POSTAL 296.', 'JANGA', 'PAULISTA', '53435000', 'PE', '                                                                ', ' ', '2020-02-09', 1, 'A', '2009-01-01', '2020-01-31', 0, 509, '', 2, 'S', 1, 1, 'AGUERRA TENORIO SABINO', '208.715.034-68', '2010-07-06', '2018-06-28', '2025-12-31', NULL, NULL, NULL, NULL, NULL),
(508, 'ROMAPA COM. LTDA ME', 'ROMAPA', 'romapa', '01.833.026/0001-83', '00000', '00000', 1, 'AV. CONDE DA BOA VISTA, N 605 - LOJA 2.', 'BOA VISTA', 'RECIFE', '50060003', 'PE', 2, '1997-05-13', '47.51.200', 'AV. CONDE DA BOA VISTA, N 605 - LOJA 2.', 'BOA VISTA', 'RECIFE', '50060003', 'PE', '                ', ' ', '2010-05-03', 831, 'A', '2009-01-01', '2009-11-30', NULL, 508, NULL, 7, 'NA', 1, 1, NULL, NULL, NULL, NULL, NULL, NULL, NULL, NULL, NULL, NULL),
(507, 'RICCAS REPRESENTACOES DECONFECCOES LTDA', 'RICCAS', 'riccas', '07.835.410/0001-00', '00000', '369.147-0', 1, 'AV. ENGENHEIRO DOMINGOS FERREIRA, N 4371 - SALA 104 B, EMPRESARIAL BANTU CENTER.', 'BOA VIAGEM', 'RECIFE', '51021040', 'PE', 1, '2006-01-19', '1', 'AV. ENGENHEIRO DOMINGOS FERREIRA, N 4371 - SALA 104 B, EMPRESARIAL BANTU CENTER.', 'BOA VIAGEM', 'RECIFE', '51011180', 'PE', '                                                                ', ' ', '2016-02-02', 1, 'A', '2009-01-01', '2015-12-31', 0, 507, '', 2, 'S', 1, 1, 'ROSITELMA RICCA', '064.281.698-00', '2010-06-29', '2011-10-30', '2020-12-31', NULL, NULL, NULL, NULL, NULL),
(505, 'RESTREC COMERCIO DE ALIMENTOS LTDA', 'RESTREC (BOA VISTA)', 'restrecboa', '08.369.397/0002-86', ' 0345172-00', '379.239-0', 1, 'RUA DO GIRIQUITI, N 48 - LOJAS 210A 211 3 PAVIMENTO.', 'BOA VISTA', 'RECIFE', '50070010', 'PE', 1, '2006-10-18', '56.11.203', 'RUA DO GIRIQUITI, N 48 - LOJAS 210A 211 3 PAVIMENTO.', 'BOA VISTA', 'RECIFE', '50070010', 'PE', '                                                ', ' ', '2013-09-16', 1, 'A', '2009-01-01', '2013-08-31', 0, 502, '', 3, 'N', 1, 1, 'ANTNIO DA COSTA FIGUEIRAS JUNIOR', '223.284.404-87', NULL, NULL, NULL, NULL, NULL, NULL, NULL, NULL),
(504, 'RESTREC COMERCIO DE ALIMENTOS LTDA', 'RESTREC (RECIFE - BV)', 'restrecrec', '08.369.397/0004-48', '0372525-18', '00000', 1, 'RUA PADRE CARAPUCEIRO, N 777 - LOJA B118 PISO SUPERIOR.', 'BOA VIAGEM', 'RECIFE', '51020900', 'PE', 1, '2008-11-03', '56.11.203', 'RUA PADRE CARAPUCEIRO, N 777 - LOJA B118 PISO SUPERIOR. ', 'BOA VIAGEM', 'RECIFE', '51020900', 'PE', '                                                ', ' ', '2013-09-16', 1, 'A', '2009-01-01', '2013-08-31', 0, 502, '', 3, 'N', 1, 1, 'ANTNIO DA COSTA FIGUEIRAS JUNIOR', '223.284.404-87', NULL, NULL, NULL, NULL, NULL, NULL, NULL, NULL),
(619, 'DAMACENA CONSULTORIA', 'DAMACENA CONSULTORIA', 'damacena', '11.505.911/0001-97', 'ISENTO', 'ISENTO', 2, 'no maximo 200 caracteres', ' ', ' ', ' ', 'PE', 1, '1900-01-01', '1', 'no maximo 200 caracteres', ' ', ' ', ' ', 'PE', 'no maximo 100 caracteres                                                                            ', ' ', '2016-05-04', 1, '', '2009-01-01', '2015-07-31', 0, 619, '', 1, 'NA', 1, 1, 'ELENICE PEREIRA DE SANTANA', '142.342.624-04', '2010-09-29', '2013-09-26', '2020-12-31', NULL, NULL, NULL, NULL, NULL),
(464, 'IMG DIAGNOSTICO POR IMAGEM LTDA', 'IMG DIAGNOSTICO ', 'imgdiag', '08.953.612/0001-00', '00000', '00000', 1, 'AV. PORTUGAL, 52, CONJ 01', 'BOA VISTA', 'RECIFE', '52010010', 'PE', 1, '2007-07-24', '86.40.206', 'AV. PORTUGAL, 52, CONJ 01', 'BOA VISTA', 'RECIFE', '52010010', 'PE', 'no maximo 100 caracteres                                                ', '', '2013-06-03', 1, '', '2009-01-01', '2013-04-30', 0, 464, '', 2, 'S', 1, 1, 'ALBERTO CHERPAK', '408.608.414-72', '2013-02-14', '2016-02-06', '2016-02-14', NULL, NULL, NULL, NULL, NULL),
(610, 'CARLOS ROMA ADVOGADOS', 'CARLOS ROMA ADVOGADOS', 'carlosr', '08.143.810/0001-09', ' ISENTO', '093.986-2', 1, 'RUA CARLOS GOMES, N268.', 'PRADO', 'RECIFE', '50720110', 'PE', 1, '1982-07-07', '69.11.701', 'RUA CARLOS GOMES, N268.', 'PRADO', ' RECIFE', ' 5072011', 'PE', 'no maximo 100 caracteres                                                ', ' ', '2014-12-15', 1, '', '2009-01-01', '2014-12-31', 0, 610, '', 2, 'S', 1, 1, 'CARLOS ALBERTO ROMA', '012.944.584-34', '2010-10-04', '2013-08-18', '2020-12-31', '', '', NULL, NULL, NULL),
(612, 'LASER ELETRO', 'LASER ELETRO', 'laser', '40.841.728/0001-60', 'ISENTO', '', 1, ' ', ' ', ' ', ' ', 'PE', 2, '1900-01-01', '1', 'no maximo 200 caracteres', ' ', ' ', ' ', 'PE', 'no maximo 100 caracteres                                ', ' ', '2010-09-09', 1, 'A', '2009-01-01', '2010-07-31', 0, 612, '', 4, 'S', 1, 1, NULL, NULL, NULL, NULL, NULL, NULL, NULL, NULL, NULL, NULL),
(617, 'MONTEIRO E MONTEIRO ADVOGADOS ASSOCIADOS', 'MONTEIRO E MONTEIRO', 'monteir', '35.542.612/0001-90', '00000', '00000', 1, 'RUA ENG. OSCAR FERREIRA, N 47.', 'CASA FORTE', 'RECIFE', '52061020', 'PE', 1, '1991-02-15', '69.11.701', 'RUA ENG. OSCAR FERREIRA, N 47.', 'CASA FORTE', 'RECIFE', '52061020', 'PE', 'no maximo 100 caracteres                                ', ' ', '2017-05-12', 1, '', '2009-01-01', '2017-04-30', 0, 617, '', 2, 'S', 1, 1, 'CLUDIO AZEVEDO MONTEIRO', '018.728.264-15', '2013-06-14', '2016-06-12', '2020-06-14', NULL, NULL, NULL, NULL, NULL),
(618, 'ZUMMI', 'ZUMMI', 'zummi', '555555555555555555', 'ISENTO', 'ISENTO', 9, 'no maximo 200 caracteres', ' ', ' ', ' ', 'PE', 1, '1900-01-01', '1', 'no maximo 200 caracteres', ' ', ' ', ' ', 'PE', 'no maximo 100 caracteres                                ', ' ', '2017-06-02', 1, '', '2010-01-01', '2016-12-31', 0, 618, '', 7, 'NA', 1, 1, NULL, NULL, NULL, NULL, NULL, NULL, NULL, NULL, NULL, NULL),
(411, 'ACN - ASSESSORIA E CONSULTORIA EM GESTAO EMPRESARIAL LTDA', 'ACN', 'acnasse', '08.969.253/0001-80', 'ISENTO', '35983', 2, 'Av. Claudio Jose Gueiros Leite, n 435, Loja 12, Caixa Postal 153, Janga - Paulista/PE.', ' ', ' ', '53435000', 'AC', 1, '2007-07-18', '70.20.400', 'Av. Claudio Jose Gueiros Leite, n 435, Loja 12, Caixa Postal 153, Janga - Paulista/PE.', ' ', ' ', ' ', 'AC', '                                                ', ' ', '2015-01-07', 1, 'A', '2009-01-01', '2014-12-31', 0, 411, '', 1, 'NA', 1, 1, 'MANOEL ANTONIO PEREIRA BORBA FILHO', '294.995.424-34', NULL, NULL, NULL, '', '', NULL, NULL, NULL),
(566, 'AGE CONSULTING SERV. DE APOIO ADMIN. E CONTABILIDADE LTDA', 'AGE APOIO', 'ageapoi', '01.699.698/0001-48', '12345', '267.592-7', 1, 'RUA DR. VIRGILIO MOTA N 70.', 'PARNAMIRIM', 'RECIFE', '52060582', 'PR', 1, '1997-02-20', '70.20.400', 'RUA DR. VIRGILIO MOTA N 70.', 'PARNAMIRIM', 'RECIFE', '52060582', 'PE', '                                                                                 ', ' ', NULL, 865, 'A', '2009-01-01', NULL, 0, 566, '', 1, 'NA', 1, 1, 'SERGIO CORDEIRO COSTA', '659.522.354-68', '2013-03-19', '2024-09-27', '2025-12-31', '', 'E-CNPJ ARQUIVO ', 'age@ageconsulting.com.br', 'financeiro@ageconsulting.com.br', 'INTEGRAO'),
(579, 'A2E ADMINISTRADORA DE BENS LTDA', 'A2E', 'a2eadmi', '08.217.967/0001-31', ' 00000', '370.961-2', 1, 'Rua Silveira Lobo, n+ 32, Caixa Postal 159.', 'Poo', 'Recife', '52061030', 'PE', 1, '2006-08-09', '68.10.202', 'Rua Silveira Lobo, n+ 32, Caixa Postal 159.', 'Poo', 'Recife', '52061030', 'PE', '                                                                                ', ' ', NULL, 865, 'A', '2009-01-01', NULL, 0, 579, '', 2, 'S', 1, 1, 'AMERICO DA CUNHA PEREIRA FILHO', '846.681.724-72', '2013-11-14', '2025-02-09', '2025-12-31', NULL, 'E-CNPJ ARQUIVO ', 'sidneysoares@outlook.com.br', 'financeiro@ageconsulting.com.br', 'FISICO'),
(409, '100PORCENTO AUDIT - AUDITORES INDEPENDENTES S/S', '100% AUDIT', '100audit', '07.142.852/0001-62', '00000', '359.490-4', 1, 'AV. AGAMENON MAGALHAES, N+2615, 17+ ANDAR, SALA 1703.', 'BOA VISTA', 'RECIFE', '50050290', 'PE', 1, '2004-11-05', '1', 'AV. AGAMENON MAGALHAES, N+2615, 17+ ANDAR, SALA 1703.', 'BOA VISTA', 'RECIFE', '50050290', 'PE', '                                                                                                    ', ' ', '2024-03-28', 1, 'A', '2009-01-01', NULL, 0, 409, '', 2, 'S', 1, 1, 'FERNANDO ANTONIO DE BARROS CALDAS', '142.748.924-68', NULL, '2026-11-22', '2025-12-31', NULL, 'E-CPF CARTO', 'fcavalcanti@100porcento.srv.br', 'financeiro@ageconsulting.com.br', 'FISICO'),
(410, '100PORCENTO CONSULT - CONSULTORIA EMPRESARIAL LTDA', '100% CONSULT', '100consult', '06.312.140/0001-81', '00000', '352.349-7', 1, 'AV AGAMENON MAGALHAES, N+2615, SALA 1703 E 1704.', 'BOA VISTA', 'RECIFE', '50050290', 'PE', 1, '2004-06-16', '70.20.400', 'AV AGAMENON MAGALHAES, N+2615, SALA 1703 E 1704.', 'BOA VISTA', 'RECIFE', '50050290', 'PE', '                                                                                                    ', ' ', '2017-06-15', 1, 'A', '2009-01-01', '2017-06-30', 0, 410, '', 2, 'S', 1, 1, 'FERNANDO ANTNIO DE BARROS CALDAS', '142.748.924-68', '2014-11-07', '2017-11-06', '2020-12-03', NULL, 'A 1', NULL, NULL, NULL),
(414, 'ALEXANDRE ALECRIM & ADVOGADOS ASSOCIADOS', 'ALEXANDRE ALECRIM ADVOGADOS', 'alexalec', '03.709.208/0001-72', '00000', ' 307.002-6', 1, 'Rua M+rio Domingues, n91 - Conj.502', 'Boa Vista', 'Recife', '50070190', 'PE', 1, '1997-12-01', '69.11.701', 'Rua M+rio Domingues, n91 - Conj.502', 'Boa Vista', 'Recife', '50070190', 'PE', '                                                                                                    ', ' ', '2023-07-24', 1, 'A', '2009-01-01', '2023-07-31', 0, 414, '', 1, 'NA', 1, 1, 'ALEXANDRE JOS MATOS ALECRIM', '331.197.754-87', '2014-08-04', '2026-06-29', '2025-12-31', NULL, 'E-CNPJ CARTO', 'adm@alecrimadvogados.com.br', 'financeiro@ageconsulting.com.br', 'FISICO'),
(419, 'ARRUDA E MELO ALIMENTOS LTDA - ME', 'MAGIA DOS PAES', 'arrudamelo', '07.428.2150001-57 ', '00000', '00000', 1, 'Av. Arquiteto Luiz Nunes,N921/931.', 'Imbiribeira', 'Recife', '51170430', 'PE', 2, '2005-06-13', '1', 'Av. Arquiteto Luiz Nunes,N921/931.', 'Imbiribeira', 'Recife', '51170430', 'PE', '                                ', ' ', '2010-09-09', 1, 'A', '2009-01-01', '2010-05-31', 0, 419, '', 1, 'NA', 1, 1, NULL, NULL, NULL, NULL, NULL, NULL, NULL, NULL, NULL, NULL),
(437, 'RAPIDAO COMETA LOGISTICA E TRANSPORTE S/A.', 'COMETA (ASB, SMM, A2E, R2, RB, LSM)', 'cometa', ' 00000000000000000', '0000000000', '000000', 1, '0', '', '', ' ', '', 1, '1900-01-01', '1', '0', '', '', '', 'PE', '                                                                ', ' ', '2012-10-25', 1, 'A', '2009-01-01', '2012-08-31', 0, 437, '', 7, 'NA', 1, 1, NULL, NULL, NULL, NULL, NULL, NULL, NULL, NULL, NULL, NULL),
(503, 'RESTREC COMERCIO DE ALIMENTOS LTDA', 'RESTREC (GUARARAPES)', 'restrecgua', '08.369.397/0003-67', '0345176-34', ' 949.903-2', 3, 'AV. BARRETO DE MENEZES, N 800, SUC 107.', 'PRAZERES', 'JABOATAO DOS GUARARAPES', '54410902', 'PE', 1, '2006-10-18', '56.11.203', 'AV. BARRETO DE MENEZES, N 800, SUC 107. ', 'PRAZERES', 'JABOATAO DOS GUARARAPES', '54410902', 'PE', '                                                                ', ' ', '2013-09-16', 1, 'A', '2009-01-01', '2013-08-31', 0, 502, '', 3, 'N', 1, 1, 'ANTNIO DA COSTA FIGUEIRAS JUNIOR', '223.284.404-87', NULL, NULL, NULL, NULL, NULL, NULL, NULL, NULL),
(523, 'VIANA GALVAO CONSTRU+OES LTDA', 'VIANA GALVAO', 'vianaga', '02.837.542/0001-49', '00000', '287.245-5', 1, 'AV ENGENHEIRO DOMINGOS FERREIRA N 4023 - SALA 1102.', 'BOA VIAGEM', 'RECIFE', '51021040', 'PE', 1, '1998-08-17', '41.20.400', 'AV ENGENHEIRO DOMINGOS FERREIRA N 4023 -SALA 1102.', 'BOA VIAGEM', 'RECIFE', '51021040', 'PE', '                                                ', ' ', '2014-02-18', 1, 'A', '2009-01-01', '2014-01-31', 0, 523, '', 7, 'NA', 1, 1, 'XXXXXXXXXXXXXXXXXXXXXXXXXXXXXXXXXX', 'XXXXXXXXXXXXXX', NULL, NULL, NULL, NULL, NULL, NULL, NULL, NULL),
(522, 'V2F CORRETORA DE SEGUROS LTDA', 'V2F CORRETORA', 'v2f', '08.561.054/0001-38', '00000', '374.091-9', 1, 'AV. CONS AGUIAR N 456 - SALAS 101/102.', 'PINA', 'RECIFE', '51011030', 'PE', 1, '2006-12-06', '1', 'AV. CONS AGUIAR N 456 - SALAS 101/102.', 'PINA', 'RECIFE', '51011030', 'PE', '                                                                                ', ' ', '2021-01-05', 1, 'A', '2009-01-01', '2020-12-31', 0, 522, '', 1, 'NA', 1, 1, 'ANDRE VIERA DA CUNHA DA FONTE', '666.661.044-04', '2010-06-30', NULL, '2022-12-31', '', '', NULL, NULL, NULL),
(519, 'RADIUS EMPREENDIMENTOS LTDA', 'RADIUS', 'telus', '07.066.286/0001-57', '00000', '33702-01', 2, 'RUA DR. CL-UDIO JOS+ GUEIROS LEITE N 4351 - LOJA 12, CAIXA POSTAL 155.', 'JANGA', 'PAULISTA', '53435000', 'PE', 1, '2004-06-15', '62.09.100', 'RUA DR. CL-UDIO JOS+ GUEIROS LEITE N 4351 - LOJA 12, CAIXA POSTAL 155.', 'JANGA', 'PAULISTA', '53435000', 'PE', '                                                ', ' ', NULL, 865, 'A', '2009-01-01', NULL, 0, 519, '', 1, 'NA', 1, 1, 'FELIPE AGUIAR DE SOUZA LACERDA', '881.791.844-04', '2012-06-20', '2025-07-29', '2040-12-31', NULL, 'E-CNPJ ARQUIVO ', 'veronisemaia@gmail.com', 'financeiro@ageconsulting.com.br', 'INTEGRAO'),
(518, 'SURFIX TECNOLOGIA', 'SURFIX', 'surfix', '08.780.855/0001-94', '00000', '376.298-0', 1, 'RUA DONA MARIA CESAR N 170 - SALA 302-B.', 'BAIRRO DO RECIFE', 'RECIFE', '50030140', 'PE', 2, '2007-03-15', '63.19.400', 'RUA DONA MARIA CESAR N 170 - SALA 302-B.', 'BAIRRO DO RECIFE', 'RECIFE', '50030140', 'PE', '                                ', ' ', '2018-12-13', 1, 'A', '2009-01-01', '2009-12-31', 0, 518, '', 1, 'NA', 1, 1, NULL, NULL, NULL, NULL, NULL, NULL, NULL, NULL, NULL, NULL),
(515, 'CENTRO DE EXCELENCIA EM TECNOLOGIA DE SOFT DO RECIFE', 'SOFTEX', 'softex', '00.501.070/0001-23', ' 00000', '246.289-3', 1, 'RUA MADRE DE DEUS, N27, 2 ANDAR.', 'BAIRRO DO RECIFE', 'RECIFE', '50030110', 'PE', 1, '1995-03-23', '94.30.800', 'RUA MADRE DE DEUS, N27, 2 ANDAR.', 'BAIRRO DO RECIFE', 'RECIFE', '50030110', 'PE', '                                                                                                    ', ' ', '2023-10-11', 1, 'A', '2017-06-01', '2023-10-31', 0, 515, '', 6, 'NA', 1, 1, 'YVES CRISTIANO NOGUEIRA', '890.370.224-72', '2010-07-07', '2023-12-23', '2025-12-31', '', 'E-CNPJ ARQUIVO ', 'fabiola.porfirio@recife.softex.br', 'financeiro@ageconsulting.com.br', 'INTEGRAO'),
(422, 'ASSAMED ASSESSORIA E ATENDIMENTO EM AREA MEDICA LTDA', 'ASSAMED', 'assamed', '05.824.884/0001-12', '00000', '32953', 2, 'AV. DR. JOSE GUEIROS LEITE, N 4351 - LOJA 12, CAIXA POSTAL 59.', 'JANGA', 'PAULISTA', '53435000', 'PE', 1, '2009-01-01', '1', 'AV. DR. JOSE GUEIROS LEITE, N 4351 - LOJA 12, CAIXA POSTAL 59.', 'JANGA', 'PAULISTA', '53435000', 'PE', '                                                ', ' ', '2017-10-16', 1, '', '2009-01-01', '2016-10-31', 0, 422, '', 2, 'S', 1, 1, 'ROMUALDO RODRIGUES DE ALMEIDA FILHO', '612.771.504-00', '2015-01-28', '2018-01-27', '2020-03-08', NULL, NULL, NULL, NULL, NULL),
(428, 'BMF BUREAU MERCANTIL FACTORING LTDA', 'BMF', 'bmfbure', '00.323.354/0001-77', '00000', '244.811-4', 1, 'AV. ENGENHEIRO DOMINGOS FERREIRA, N 4023 - CONJUNTO 1101.', 'BOA VIAGEM', 'RECIFE', '51021040', 'PE', 1, '1994-12-01', '65.59.503', 'AV. ENGENHEIRO DOMINGOS FERREIRA, N 4023 - CONJUNTO 1101.', 'BOA VIAGEM', 'RECIFE', '51021040', 'PE', '                                                                                                ', ' ', '2016-10-20', 1, '', '2009-01-01', '2016-10-31', 0, 428, '', 4, 'N', 1, 1, 'FERNANDO DE VIANA GALVO', '008.005.724-16', '2013-10-04', '2013-06-20', '2015-04-10', NULL, NULL, NULL, NULL, NULL),
(435, 'CIB COMERCIO DE ALIMENTOS LTDA', 'CHINA IN BOX', 'CHINAIN', NULL, NULL, NULL, NULL, NULL, NULL, NULL, NULL, NULL, 2, NULL, NULL, NULL, NULL, NULL, NULL, NULL, NULL, NULL, '2010-04-18', NULL, NULL, '2009-01-01', '2009-10-30', NULL, 435, NULL, 7, 'NA', 1, 1, NULL, NULL, NULL, NULL, NULL, NULL, NULL, NULL, NULL, NULL),
(446, 'EMAP ADMINISTRACAO E PARTICIPACOES LTDA.', 'EMAP', 'emapadmi', '06.191.652/0001-37', 'ISENTO', 'ISENTO', 1, '', '', '', '', 'PE', 1, '1900-01-01', '1', '', '', '', '', '', '                ', '', NULL, 865, NULL, '2009-01-01', NULL, NULL, 446, NULL, 2, 'S', 1, 1, 'ALBERTO CHERPAK', '408.608.414-72', '2013-06-27', '2025-10-19', '2025-12-31', 'SEM MOVIMENTO', 'E-CNPJ TOKEN', 'simonecamara@ageconsulting.com.br', 'financeiro@ageconsulting.com.br', 'FISICO'),
(454, 'FENIX INFORM-TICA LTDA', 'FENIX', 'FENIXINF', NULL, NULL, NULL, NULL, NULL, NULL, NULL, NULL, NULL, 2, NULL, NULL, NULL, NULL, NULL, NULL, NULL, NULL, NULL, '2010-04-18', NULL, NULL, '2009-01-01', '2009-11-30', NULL, 454, NULL, 7, 'NA', 1, 1, NULL, NULL, NULL, NULL, NULL, NULL, NULL, NULL, NULL, NULL),
(465, 'IN FORMA SOFTWARE LTDA', 'IN FORMA', 'informas', '69.901.460/0001-97', '18.1.001.0263282-4', '228336-0', 1, '', '', '', '', '', 1, '1900-01-01', '1', '', '', '', '', 'PE', '                                                                                ', '', '2022-12-15', 1, '', '2009-01-01', '2022-12-31', 0, 465, '', 4, 'S', 1, 1, 'ISMAR NEUMANN KAUFMAN', '479.277.554-04', '2013-07-05', '2019-12-17', '2025-12-31', NULL, 'E-CNPJ A1', 'mvenceslau@informa.com.br', 'financeiro@ageconsulting.com.br', 'FISICO'),
(470, 'LMR CONSULTORIA EMPRESARIAL LTDA', 'LMR CONSULTORIA', 'lmrconsu', '08.375.344/0001-97', 'ISENTO', '35166', 2, '', '', '', '', 'PE', 1, '1900-01-01', '1', '', '', '', '', '', '                                                                ', '', '2017-06-08', 1, '', '2009-01-01', '2017-06-30', 0, 470, '', 2, 'S', 1, 1, 'FERNANDO ANTNIO DE BARROS CALDAS', '142.748.924-68', '2013-07-11', '2016-06-13', '2018-12-01', NULL, NULL, NULL, NULL, NULL),
(471, 'LSM CONSULTORIA EMPRESARIAL LTDA', 'LSM', 'lsmconsu', '08.359.641/0001-49', 'ISENTO', '372.311-9', 1, ' ', ' ', ' ', ' ', 'PE', 1, '1900-01-01', '1', ' ', ' ', ' ', ' ', 'AC', '                                                ', ' ', '2010-05-13', 847, NULL, '2009-01-01', '2012-06-30', NULL, 471, NULL, 2, 'S', 1, 1, NULL, NULL, NULL, NULL, NULL, NULL, NULL, NULL, NULL, NULL),
(473, 'LVN CONSULTORIA EM GESTAO EMPRESARIAL LTDA', 'LVN', 'lvnconsu', '09.531.944/0001-60', 'ISENTO', '36443', 1, '', '', '', '', '', 1, '1900-01-01', '1', '', '', '', '', '', '                ', '', NULL, 865, NULL, '2009-01-01', NULL, NULL, 473, NULL, 2, 'S', 1, 1, 'LUIZ VIEIRA DA SILVA FILHO', '439.436.914-20', '2011-01-05', '2023-05-12', '2025-12-31', NULL, 'E-CPF', 'luizvieiraf@gmail.com', 'financeiro@ageconsulting.com.br', 'FISICO'),
(475, 'MARIA DE FATIMA PINHEIRO SOUZA', 'MARIA DE FATIMA - MATRIZ', 'mariadef', '10.484.968/0001-94', '37336100', '4013158', 1, 'AV. GOVERNADOR AGAMENON MAGALHAES,N 153, LOJA 331.', 'SANTO AMARO', 'RECIFE', '50110900', 'PE', 2, '2008-11-14', '47.74.100', 'AV. GOVERNADOR AGAMENON MAGALHAES,N 153, LOJA 331.', 'SANTO AMARO', 'RECIFE', '50110900', 'PE', '                ', '', '2010-04-19', 831, NULL, '2009-01-01', '2009-12-31', NULL, 475, NULL, 1, 'NA', 1, 1, NULL, NULL, NULL, NULL, NULL, NULL, NULL, NULL, NULL, NULL),
(476, 'MARIA DE FATIMA PINHEIRO SOUZA', 'MARIA DE FATIMA - FILIAL', 'mariadef', '10.484.968/0002-75', '00000', '00000', 3, 'AV. BARRETO DE MENEZES, N 800, LOJA 197A.', 'PIEDADE', 'JABOATAO DOS GUARARAPES', '54410100', 'PE', 2, '2009-05-28', '1', 'AV. BARRETO DE MENEZES, N 800, LOJA 197A.', 'PIEDADE', 'JABOATAO DOS GUARARAPES', '54410100', 'PE', '                ', '', '2010-04-19', 831, NULL, '2009-01-01', '2009-12-31', NULL, 475, NULL, 1, 'NA', 1, 1, NULL, NULL, NULL, NULL, NULL, NULL, NULL, NULL, NULL, NULL),
(477, 'MAXCL-NICAS - CL-NICAS E DIAGNSTICOS LTDA.', 'MAXCLINICAS - OLINDA', '', NULL, NULL, NULL, NULL, NULL, NULL, NULL, NULL, NULL, 2, NULL, NULL, NULL, NULL, NULL, NULL, NULL, NULL, NULL, '2010-04-18', NULL, NULL, '2009-01-01', '2010-02-28', NULL, 477, NULL, 4, 'S', 1, 1, NULL, NULL, NULL, NULL, NULL, NULL, NULL, NULL, NULL, NULL),
(478, 'MELO E PRADO CONSULTORIA EM GESTAO EMP. DE SEGURANCA LTDA', 'MELO E PRADO', 'meloepra', '09.656.769/0001-37', '00000', '36522', 2, 'AV. DR.CLAUDIO JOSE GUEIROS, N 4351,LOJA CX POSTAL 386.', 'JANGA', 'PAULISTA', '53435000', 'PE', 1, '2008-06-18', '70.20.400', 'AV. DR.CLAUDIO JOSE GUEIROS, N 4351,LOJA CX POSTAL 386.', 'JANGA', 'PAULISTA', '53435000', 'PE', '                                ', '', '2015-12-18', 1, '', '2009-01-01', '2015-12-31', 0, 478, '', 2, 'S', 1, 1, 'RUBENS FERNANDES PRADO DE MELO', '857.365.114-87', '2013-02-22', '2016-02-22', '2016-02-22', NULL, NULL, NULL, NULL, NULL),
(479, 'MHS COMERCIO E SERVICOS LTDA', 'MHS COMERCIO ', 'mhscomer', '05.727.302/0001-80', '00000', '00000', 1, 'RUA PADRE CARAPUCEIRO, N 800, LOJA 09.', 'BOA VIAGEM', 'RECIFE', '51020280', 'PE', 1, '2003-06-13', '47.62.800', 'RUA PADRE CARAPUCEIRO, N 800, LOJA 09.', 'BOA VIAGEM', 'RECIFE', '51020280', 'PE', '                                                                                                ', ' ', '2014-03-26', 1, '', '2009-01-01', '2013-11-30', 0, 479, '', 2, 'S', 1, 1, 'MARCELO JOS  FERREIRS E SILVA', '018.752.214-68', '2013-09-18', '2016-09-11', '2018-09-18', '', '', NULL, NULL, NULL),
(484, 'MIX CONSULTORIA MARKETING E ADMINISTRACAO LTDA', 'MIX CONSULTORIA / MIX ADM', 'mixconsu', '05.255.644/0001-44', '00000', '3349756', 1, 'RUA ERNESTO DE PAULA SANTOS, N 1114, SALA 402.', 'BOA VIAGEM', 'RECIFE', '51021330', 'PE', 1, '2002-08-02', '70.20.400', 'RUA ERNESTO DE PAULA SANTOS, N 1114, SALA 402.', 'BOA VIAGEM', 'RECIFE', '51021330', 'PE', '                                ', '', NULL, 865, '', '2009-01-01', NULL, 0, 484, '', 2, 'S', 1, 1, 'GUSTAVO DE ALBUQUERQUE DRUMMOND DOS REIS', '922.185.124-91', '2013-11-12', '2025-06-03', '2025-12-31', NULL, 'E-CNPJ ARQUIVO ', 'conceicao@mixconsult.com.br', 'financeiro@ageconsulting.com.br', 'FISICO'),
(485, 'MUNDO GOSPEL COM+RCIO DE LIVROS LTDA.', 'Mundo Gospel', 'MUNDOGOS', NULL, NULL, NULL, NULL, NULL, NULL, NULL, NULL, NULL, 2, NULL, NULL, NULL, NULL, NULL, NULL, NULL, NULL, NULL, '2010-04-18', NULL, NULL, '2009-01-01', '2009-11-30', NULL, 485, NULL, 7, 'NA', 1, 1, NULL, NULL, NULL, NULL, NULL, NULL, NULL, NULL, NULL, NULL),
(537, 'MONTARROIOS  ASSESSORIA COMERCIAL LTDA', 'MONTARROIOS', 'montarro', '08.684.074/0001-04', '00000', '376.829-5', 1, 'RUA SILVEIRA LOBO, N 32, CAIXA POSTAL 596', 'POCO', 'RECIFE', '52061030', 'PE', 1, '2007-02-05', '70.20.400', 'RUA SILVEIRA LOBO, N 32, CAIXA POSTAL 596', 'POCO', 'RECIFE', '52061030', 'PE', '                                                                                ', '', '2013-10-24', 1, '', '2013-09-01', '2013-09-30', 0, 537, '', 2, 'S', 1, 1, 'FABIO MONTARROIOS DE OLIVEIRA', ' 043.186.114.5', NULL, NULL, NULL, NULL, NULL, NULL, NULL, NULL),
(539, 'MS CLINICAS E DIAGNOSTICOS LTDA', 'MS CLINICAS', 'msclinic', '888888888888888888', 'ISENTO', 'ISENTO', 1, '', '', '', '', 'PE', 2, '1900-01-01', '1', '', '', '', '', 'PE', '                ', '', '2010-06-22', 1, 'A', '2009-01-01', '2009-01-01', 0, 539, '', 7, 'NA', 1, 1, NULL, NULL, NULL, NULL, NULL, NULL, NULL, NULL, NULL, NULL),
(564, 'MAXIMA CONTROLADORIA E CONSULTORIA LTDA', 'MAXIMA CONTROLADORIA', 'maximaco', '04.946.969/0001-00', 'ISENTO', '328.691-6', 1, '', '', '', '', '', 1, '1900-01-01', '1', '', '', '', '', '', '                                                ', '', NULL, 865, '', '2009-01-01', NULL, 0, 564, '', 1, 'NA', 1, 1, 'CLARIBENOR DE OLIVEIRA FREITAS FILHO', '479.325.034-34', '2016-01-31', '2024-11-27', '2025-12-31', NULL, 'E-CNPJ ARQUIVO ', NULL, NULL, 'FISICO'),
(565, 'GEM COMERCIO DE MOVEIS LTDA', 'GEM COMERCIO', 'gemcome', '05.830.614/0001-14', 'ISENTO', 'ISENTO', 1, ' ', ' ', ' ', ' ', 'PE', 1, '1900-01-01', '1', ' ', ' ', ' ', ' ', 'PE', '                                                                ', ' ', '2015-06-17', 1, 'A', '2009-01-01', '2015-06-30', 0, 565, '', 1, 'NA', 1, 1, 'WILANEIDE SANTOS DE OLIVEIRA', '906.790.594-15', '2010-01-12', '2011-08-14', '2012-12-31', NULL, NULL, NULL, NULL, NULL),
(575, 'MARIA DAS GRACAS VIEIRA DE MELO', 'ESPACO CULTURAL ARIANO SUASSUNA CENTRO EDUCACIONAL', 'mariadas', '01.531.083/0001-08', 'ISENTO', 'ISENTO', 1, ' ', ' ', ' ', ' ', 'PE', 1, '1900-01-01', '1', ' ', ' ', ' ', ' ', 'AC', '                                                                ', ' ', '2023-03-27', 1, '', '2009-01-01', '2023-03-31', 0, 575, '', 2, 'S', 1, 1, 'MARIA DAS GRAAS VIEIRA DE MELO', '197.278.444-72', '2011-05-09', '2023-04-04', '2025-12-31', NULL, 'E-CNPJ ARQUIVO ', NULL, NULL, 'FISICO'),
(580, 'MERCONORTE - COMERCIO LTDA ME', 'MERCONORTE', 'MERCONOR', NULL, NULL, NULL, NULL, NULL, NULL, NULL, NULL, NULL, 2, NULL, NULL, NULL, NULL, NULL, NULL, NULL, NULL, NULL, '2010-04-18', NULL, NULL, '2009-01-01', '2009-11-30', NULL, 580, NULL, 7, 'NA', 1, 1, NULL, NULL, NULL, NULL, NULL, NULL, NULL, NULL, NULL, NULL),
(598, 'MIDIAVOX LTDA - FILIAL', 'MIDIAVOX - FILIAL', 'midiavox', '00.308.974/0002-18', '00000', '3539490', 1, 'RUA MADRE DE DEUS, N 27, SALA 1109.', 'BAIRRO DO RECIFE', 'RECIFE', '50030906', 'PE', 1, '2005-01-17', '62.09.100', 'RUA MADRE DE DEUS, N 27, SALA 1109.', 'BAIRRO DO RECIFE', 'RECIFE', '50030906', 'PE', '                                                                                                ', ' ', '2024-01-09', 1, '', '2016-01-01', NULL, 0, 482, '', 1, 'NA', 1, 1, 'ALCIDES NICEAS PIRES', '331.553.804-20', NULL, NULL, '2025-12-31', NULL, '', NULL, NULL, ''),
(606, 'FL EMPREENDIMENTO LTDA', 'FL EMPRENDIMENTOS', 'FLEMPREE', NULL, NULL, NULL, NULL, NULL, NULL, NULL, NULL, NULL, 2, NULL, NULL, NULL, NULL, NULL, NULL, NULL, NULL, NULL, '2010-04-18', NULL, NULL, '2009-01-01', '2009-10-31', NULL, 606, NULL, 7, 'NA', 1, 1, NULL, NULL, NULL, NULL, NULL, NULL, NULL, NULL, NULL, NULL),
(607, 'PRIME ODONTO SERVICOS ODONTOLOGICOS LTDA', 'PRIME ODONTO', 'primeod', '11.356.457/0001-50', '00000', '00000', 1, 'RUA JOAO SUASSUNA, N 16 - CONJ 01.', 'BOA VISTA', 'RECIFE', '50050350', 'PE', 1, '2009-11-27', '1', 'RUA JOAO SUASSUNA, N 16 - CONJ 01.', 'BOA VISTA', 'RECIFE', '50050350', 'PE', '                                ', '', NULL, 865, '', '2009-01-01', NULL, 0, 607, '', 1, 'NA', 1, 1, 'MARCOS CAVALCANTE DE ANDRADE', '047.734.224-83', '2013-07-31', '2026-02-01', '2025-12-31', 'SEM MOVIMENTO', 'E-CNPJ CARTO', 'primeodonto.recife@hotmail.com', 'financeiro@ageconsulting.com.br', 'FISICO'),
(608, 'LRW COBRANCA', 'LRW COBRANCA', 'lrw', '11.326.977/0001-10', 'ISENTO', 'ISENTO', 1, '', '', '', '', 'PE', 1, '1900-01-01', '1', '', '', '', '', 'PE', '                                ', '', '2017-07-20', 1, '', '2010-01-01', '2017-07-31', 0, 608, '', 2, 'S', 1, 1, 'HENRIQUE BURIL WEBER', '783.836.924-04', '2015-06-23', '2018-06-22', '2020-12-31', NULL, NULL, NULL, NULL, NULL),
(609, 'ARCOVERDE PARTICIPACOES E EMPREENDIMENTOS LTDA', 'ARCOVERDE PARTICIPACOES', 'arcover', '09.656.071/0001-11', '00000', '00000', 1, 'RUA CARDEAL ARCOVERDE, N 127.', 'GRACAS', 'RECIFE', '52011240', 'PE', 1, '2008-06-27', '1', 'RUA CARDEAL ARCOVERDE, N 127.', 'GRACAS', 'RECIFE', '52011240', 'PE', '                                                                ', ' ', '2023-06-20', 1, '', '2009-01-01', '2023-06-30', 0, 609, '', 2, 'S', 1, 1, 'ERICK LIMONGI SIAL', '667.674.234-91', '2013-03-14', '2025-06-08', '2025-12-31', 'SEM MOVIMENTO', 'E-CNPJ TOKEN', 'gabriella.perazzo@lsra.adv.br', 'financeiro@ageconsulting.com.br', 'FISICO'),
(439, 'PERNAMBUCANAS SIST. METODOS PROC.TEC.INF.LTDA.', 'DATASUL (PERNAMBUCANA)', 'datasul', '09.287.658/0001-09', '00000', '059.350-8', 5, 'RUA PROFESSOR JOSE CANDIDO PESSOA N 849.', 'BAIRRO NOVO', 'OLINDA', '53030020', 'PE', 1, '2008-01-07', '62.04.000', 'RUA PROFESSOR JOSE CANDIDO PESSOA N 849.', 'BAIRRO NOVO', 'OLINDA', '53030020', 'PE', '                                                                                                ', ' ', '2016-08-25', 1, 'A', '2009-01-01', '2016-08-31', 0, 439, '', 2, 'S', 1, 1, 'JULIO CERZAR FALBO', '099.178.024-87', '2013-09-20', '2016-09-09', '2020-12-31', NULL, NULL, NULL, NULL, NULL),
(447, 'INSTITUTO BRASILEIRO DE ENGENHARIA, INOVACAO E ESTRATEIGIA', 'ENGINE', 'engine', '08.923.143/0001-87', '00000', '00000', 1, 'RUA SILVEIRA LOBO, 32', 'PO DA PANELA', 'RECIFE', '52061030', 'PE', 1, '2007-07-04', '1', 'RUA SILVEIRA LOBO, 32', 'PO DA PANELA', 'RECIFE', '52061030', 'PE', '                                                ', ' ', '2016-08-09', 1, 'A', '2009-01-01', '2016-07-31', 0, 447, '', 6, 'NA', 1, 1, 'PAULO TADEU DE ARAJO', '399.584.504-53', '2012-06-27', '2013-07-29', '2017-06-27', NULL, NULL, NULL, NULL, NULL),
(448, 'ENSERV ENGENHARIA LTDA', 'ENSERV ENGENHARIA', 'enserveng', '01.016.852/0001-30', '00000', '037.811-9', 5, 'Presidente Kennedy N851.', 'VILA POPULAR', 'OLINDA', '53230630', 'PE', 1, '1900-01-01', '1', 'Presidente Kennedy N851.', 'VILA POPULAR', 'OLINDA', '53230630', 'PE', '                                                ', ' ', '2013-04-25', 1, 'A', '2009-01-01', '2013-03-31', 0, 448, '', 2, 'S', 1, 1, 'JOS MALQUIADES PEREIRA DO VALE', '042.703.634-87', '2010-07-07', '2013-06-29', '2020-12-31', NULL, NULL, NULL, NULL, NULL),
(450, 'F & F ORTODONTIA E ODONTOLOGIA LTDA', 'PRO SORRINDO', 'prosorr', '09.409.993/0001-24', '00000', ' 281.114-6', 5, 'AV. DR JOS+ AUGUSTO MOREIRA, N1241.', 'CASA CAIADA', 'OLINDA', '53130410', 'PE', 1, '2008-03-10', '86.30.504', 'AV. DR JOS+ AUGUSTO MOREIRA, N1241.', 'CASA CAIADA', 'OLINDA', '53130410', 'PE', '                                                ', ' ', '2010-07-03', 1, 'A', '2009-01-01', '2010-04-30', 0, 450, '', 2, 'S', 1, 1, NULL, NULL, NULL, NULL, NULL, NULL, NULL, NULL, NULL, NULL),
(452, 'Fabiana Maranho', 'FABIANA MARANHAO', 'FABIANAMAR', '', '0', '', 9, '0', NULL, NULL, '', NULL, 2, NULL, '1', '0', NULL, NULL, NULL, NULL, NULL, '', '2010-01-21', NULL, 'A', '2009-01-01', '2009-12-31', NULL, 452, NULL, 1, 'NA', 1, 1, NULL, NULL, NULL, NULL, NULL, NULL, NULL, NULL, NULL, NULL),
(453, 'FAMOSO CONFECAO INFANTIL LTDA', 'FAMOSO CONFECAO INFANTIL LTDA', 'famoso', '11.109.174/0001-03', 'ISENTE', 'ISENTO', 9, '0', ' ', ' ', ' ', 'PE', 1, '1900-01-01', '1', '0', ' ', ' ', ' ', 'AC', '                                                ', ' ', '2017-02-01', 1, 'A', '2009-01-01', '2017-01-31', 0, 453, '', 1, 'NA', 1, 1, 'CARLA MARIA FAM CARVALHO', '024.571.094-93', '2013-10-04', '2013-10-06', '2018-10-04', NULL, NULL, NULL, NULL, NULL),
(456, 'FUTURA RECIFE COMERCIO DE OCULOS E ACESSORIOS LTDA', 'FUTURA', 'FUTURARE', '10.380.013/0001-97', '0', '', 9, '0', NULL, NULL, '', NULL, 2, NULL, '1', '0', NULL, NULL, NULL, NULL, NULL, '', '2010-01-21', NULL, 'A', '2009-01-01', '2009-12-31', NULL, 456, NULL, 1, 'NA', 1, 1, NULL, NULL, NULL, NULL, NULL, NULL, NULL, NULL, NULL, NULL),
(463, 'Herman Diogo Braga', 'HERMAN DIOGO BRAGA', 'HERMAN', '', '0', '', 9, '0', NULL, NULL, '', NULL, 2, NULL, '1', '0', NULL, NULL, NULL, NULL, NULL, '', '2010-01-21', NULL, 'A', '2009-01-01', '2009-12-31', NULL, 463, NULL, 7, 'NA', 1, 1, NULL, NULL, NULL, NULL, NULL, NULL, NULL, NULL, NULL, NULL),
(466, 'INTERDENTE SERVIOS ODONTOLOGICOS LTDA', 'INTERDONT - MATRIZ', 'interdont', '00.128.916/0001-21', '00000', '251.061-8', 1, 'RUA DA HORA,543.', 'ESPINHEIRO', 'RECIFE', '52020010', 'PE', 1, '1994-08-02', '1', 'RUA DA HORA,543.', 'ESPINHEIRO', 'RECIFE', '52020010', 'PE', '                                                                ', ' ', NULL, 865, 'A', '2009-01-01', NULL, NULL, 466, NULL, 2, 'S', 1, 1, 'BRUNO TORBAN', '095.177.874-99', '2012-11-06', '2025-05-14', '2025-12-31', NULL, 'E-CNPJ ARQUIVO ', 'paulotorban@interdentepe.com.br', 'financeiro@ageconsulting.com.br', 'FISICO'),
(468, 'IPK CONSULTORIA', 'IPK CONSULTORIA', 'ipkconsu', '11.243.439/0001-61', '00000', '37843', 2, 'AV. DR.CLAUDIO JOSE GUEIROS LEITE,4351, LOJA 12 CXPST 322', 'JANGA', 'PAULISTA', '53435000', 'PE', 1, '2009-10-20', '1', 'AV. DR.CLAUDIO JOSE GUEIROS LEITE,4351, LOJA 12 CXPST 322', 'JANGA', 'PAULISTA', '53435000', 'PE', '                                ', ' ', NULL, 865, 'A', '2009-01-01', NULL, NULL, 468, NULL, 2, 'S', 1, 1, 'ANALEYDE JUCA E SILVA', '732.815.574-49', '2013-06-28', '2025-05-24', '2025-12-31', NULL, 'E-CPF ARQUIVO A', 'pedrolferreira@hotmail.com', 'financeiro@ageconsulting.com.br', 'FISICO'),
(474, 'MARIA DAS NEVES', 'MARIA DAS NEVES', 'marianeves', '000000000000000000', 'ISENTO', 'ISENTO', 9, '0', '', '', '', '', 1, NULL, '1', '0', '', '', '', '', '                                ', '', '2022-08-29', 1, 'A', '2009-01-01', '2013-03-31', 0, 474, '', 7, 'NA', 1, 1, 'XXXXXXXXXXXXXXXXXX', 'XXXXXXXXXXXXXX', NULL, NULL, NULL, NULL, NULL, NULL, NULL, NULL),
(480, 'MHS PARTICIPACOES LTDA.', 'MHS PARTICIPACOES', 'mhspart', '07.488.580/0001-57', 'ISENTO', 'ISENTO', 7, 'ESTRADA DE ALDEIA PE.27 KM.12,5 LT.137A Num. 0 /  Bairro ALDEIA BELA', ' ', ' ', ' ', 'PE', 1, '1900-01-01', '1', 'ESTRADA DE ALDEIA PE.27 KM.12,5 LT.137A Num. 0 /  Bairro ALDEIA BELA', ' ', ' ', ' ', 'PE', '                                 ', ' ', '2018-07-09', 1, 'A', '2009-01-01', NULL, 0, 480, '', 2, 'S', 1, 1, 'MARCELO JOSE FERREIRA E SILVA', '018.752.214-68', '2008-06-27', '2020-06-04', '2025-12-31', 'SEM MOVIMENTO', 'E-CPF', 'marcelo.silva@parlapizza.com.br', 'financeiro@ageconsulting.com.br', 'INTEGRAO'),
(483, 'MIRA ASSESSORIA DE COMUNICA+O LTDA', 'MIRA EVENTOS', 'miraevent', '01.861.675/0001-98', 'ISENTO', 'ISENTO', 9, '0', '', '', '', '', 1, NULL, '1', '0', '', '', '', '', '                ', '', '2014-12-15', 1, 'A', '2009-01-01', '2014-12-31', 0, 483, '', 1, 'NA', 1, 1, 'ISABELA PEREIRA DE SA DOS SANTOS', '715.562.144-72', '2012-09-06', '2015-08-28', '2017-09-06', '', '', NULL, NULL, NULL),
(681, 'UZIBELT INDUSTRIA COMERCIO E SERVICOS DE METAL LTDA ', 'UZIBELT', 'uzibelt', '13.051.328/0001-89', 'ISENTO', 'ISENTO', 1, 'no maximo 200 caracteres', ' ', ' ', ' ', 'PE', 1, '1900-01-01', '1', 'no maximo 200 caracteres', ' ', ' ', ' ', 'PE', 'no maximo 100 caracteres                ', ' ', '2012-02-01', 1, 'A', '2011-07-01', '2011-12-31', 0, 681, '', 2, 'S', 1, 1, NULL, NULL, NULL, NULL, NULL, NULL, NULL, NULL, NULL, NULL),
(661, 'LEAL ENGENHARIA EIRELI', 'LEAL ENGENHARIA EIRELI', 'leal', '12.453.819/0001-93', 'ISENTO', 'ISENTO', 1, 'no maximo 200 caracteres', ' ', ' ', ' ', 'PE', 1, '1900-01-01', '1', 'no maximo 200 caracteres', ' ', ' ', ' ', 'PE', 'no maximo 100 caracteres                                                                            ', ' ', '2018-12-13', 1, 'A', '2010-09-01', '2018-12-31', 0, 661, '', 2, 'S', 1, 1, 'DELMRIO ARAJO LEAL JUNIOR', '273.889.135-72', '2014-05-26', '2020-05-29', '2025-12-31', NULL, NULL, NULL, NULL, NULL),
(641, 'SECURITY CENTER FILIAL', 'SECURITY CENTER FILIAL', 'secfilial', '03.563.674/0001-92', 'ISENTO', 'ISENTO', 1, 'no maximo 200 caracteres', ' ', ' ', ' ', 'PE', 1, '1900-01-01', '1', 'no maximo 200 caracteres', ' ', ' ', ' ', 'PE', 'no maximo 100 caracteres                                                ', ' ', '2022-01-26', 1, '', '2009-01-01', NULL, 0, 512, '', 1, 'NA', 1, 1, 'MANFRIED CANDIDO MACIEL', '754.874.544-34', NULL, NULL, NULL, NULL, NULL, NULL, NULL, NULL),
(727, 'JOS COMERCIO DE VESTUARIO LTDA', 'JOE COMERCIO DE VESTUARIO', 'leomar', '15.009.387/0001-14', 'ISENTO', 'ISENTO', 1, 'no maximo 200 caracteres', ' ', ' ', ' ', 'PE', 1, '1900-01-01', '1', 'no maximo 200 caracteres', ' ', ' ', ' ', 'PE', 'no maximo 100 caracteres                                                                            ', ' ', '2023-12-21', 1, 'A', '2012-02-01', '2023-12-31', 0, 727, '', 2, 'S', 1, 1, 'JOO MARCELO DE ANDRADE OLIVEIRA', '008.295.224-84', NULL, '2022-06-28', '2013-10-04', 'SEM MOVIMENTO', 'E-CNPJ ARQUIVO ', NULL, NULL, 'FISICO'),
(647, 'TALENTIS TREINAMENTO', 'TALENTIS', 'talentis', '12.109.429/0001-09', 'ISENTO', 'ISENTO', 1, 'no maximo 200 caracteres', ' ', ' ', ' ', 'PE', 1, '1900-01-01', '1', 'no maximo 200 caracteres', ' ', ' ', ' ', 'PE', 'no maximo 100 caracteres                                                                            ', ' ', '2015-01-07', 1, 'A', '2010-06-01', '2014-12-31', 0, 647, '', 5, 'NA', 1, 1, 'MANOEL ANTONIO PEREIRA BORBA FILHO', '294.995.424-34', '2013-12-05', NULL, '2018-12-05', '', '', NULL, NULL, NULL),
(648, 'DCR EMPREENDIMENTOS IMOBILIARIOS', 'DCR EMPREENDIMENTOS', 'dcr', '10.544.758/0001-44', 'ISENTO', 'ISENTO', 1, 'no maximo 200 caracteres', ' ', ' ', ' ', 'PE', 1, '1900-01-01', '1', 'no maximo 200 caracteres', ' ', ' ', ' ', 'PE', 'no maximo 100 caracteres                                                ', ' ', NULL, 865, 'A', '2010-06-01', NULL, 0, 648, '', 2, 'S', 1, 1, 'VINICIUS EPAMINONDAS REIS', '653.473.584-91', '2013-06-07', '2026-03-07', '2025-12-31', 'SEM MOVIMENTO', 'E-CNPJ TOKEN', 'vinicius.reis70@yahoo.com.br', 'financeiro@ageconsulting.com.br', 'FISICO'),
(651, 'GIGAMUNDO', 'GIGAMUNDO', 'gigamundo', '11.849.206/0001-07', 'ISENTO', 'ISENTO', 1, 'no maximo 200 caracteres', ' ', ' ', ' ', 'PE', 1, '1900-01-01', '1', 'no maximo 200 caracteres', ' ', ' ', ' ', 'PE', 'no maximo 100 caracteres                                                                ', ' ', '2015-07-10', 1, 'A', '2010-06-01', '2015-06-30', 0, 651, '', 1, 'NA', 1, 1, 'ROSA DA CUNHA GOMES ARAUJO', '045.422.624-13', '2011-10-24', '2014-09-13', '2014-10-24', NULL, NULL, NULL, NULL, NULL),
(654, 'BRASCOLOR GRAFICA E EDITORA LTDA - ANTIGA', 'BRASCOLOR - ANTIGA', 'bracolor', '04.723.670/0001-97', 'ISENTO', 'ISENTO', 1, 'no maximo 200 caracteres', ' ', ' ', ' ', 'PE', 1, '1900-01-01', '1', 'no maximo 200 caracteres', ' ', ' ', ' ', 'AC', 'no maximo 100 caracteres                                                                            ', ' ', '2021-08-18', 1, 'A', '2010-07-01', '2012-06-30', 0, 654, '', 3, 'N', 1, 1, NULL, NULL, NULL, NULL, NULL, NULL, NULL, NULL, NULL, NULL),
(656, 'MRO SOLUTIONS ', 'MRO SOLUTIONS ', 'mro', '999999999999999999', 'ISENTO', 'ISENTO', 1, 'no maximo 200 caracteres', ' ', ' ', ' ', 'PE', 2, '1900-01-01', '1', 'no maximo 200 caracteres', ' ', ' ', ' ', 'PE', 'no maximo 100 caracteres                                ', ' ', '2010-12-01', 1, 'A', '2010-07-01', '2010-11-30', 0, 656, '', 2, 'S', 1, 1, NULL, NULL, NULL, NULL, NULL, NULL, NULL, NULL, NULL, NULL),
(657, '100PORCENTOSOLUCOES', '100% SOLUCOES', '100solucoes', '12.163.083/0001-19', 'ISENTO', 'ISENTO', 1, 'no maximo 200 caracteres', ' ', ' ', ' ', 'PE', 1, '1900-01-01', '1', 'no maximo 200 caracteres', ' ', ' ', ' ', 'PE', 'no maximo 100 caracteres                                                                            ', ' ', NULL, 865, 'A', '2010-07-01', NULL, 0, 657, '', 2, 'S', 1, 1, 'FERNANDO ANTNIO DE BARROS CALDAS', '142.748.924-68', '2010-07-28', '2026-11-22', '2025-12-31', NULL, 'E-CPF FERNANDO ', 'fcavalcanti@100porcento.srv.br', 'financeiro@ageconsulting.com.br', 'FISICO'),
(649, 'LB BARROS REPRESENTACAO', 'LB BARROS', 'lbbarros', '12.064.497/0001-90', 'ISENTO', 'ISENTO', 1, 'no maximo 200 caracteres', ' ', ' ', ' ', 'PE', 1, '1900-01-01', '1', 'no maximo 200 caracteres', ' ', ' ', ' ', 'PE', 'no maximo 100 caracteres                                                                ', ' ', '2022-09-23', 1, 'A', '2010-06-01', '2022-08-31', 0, 649, '', 2, 'S', 1, 1, 'LUIZ ALBERTO SILVEIRA BARROS', '225.204.654-68', '2016-07-18', '2023-08-09', '2025-12-31', NULL, 'E-CNPJ ARQUIVO ', 'luizasbarros2006@hotmail.com', 'financeiro@ageconsulting.com.br', 'FISICO'),
(725, 'JGA CONSULTORIA EM GESTAO EMPRESARIAL LTDA ', 'JGA CONSULTORIA', 'jgaconsultoria', '14.939.866/0001-77', 'ISENTA', 'ISENTA', 1, 'no maximo 200 caracteres', ' ', ' ', ' ', 'PE', 1, '1900-01-01', '1', 'no maximo 200 caracteres', ' ', ' ', ' ', 'PE', 'no maximo 100 caracteres                                ', ' ', '2013-06-03', 1, 'A', '2012-02-01', '2013-05-31', 0, 725, '', 2, 'S', 1, 1, 'JOO GILBERTO DE ARAUJO', '137.790.364-87', '2012-03-14', '2015-02-15', '2017-03-14', NULL, NULL, NULL, NULL, NULL),
(655, 'GRAFICA E EDITORA BRASILEIRA LTDA', 'GRAFICA E EDITORA BRASILEIRA ', 'editorabrasileira', '09.653.697/0001-74', 'ISENTO', 'ISENTO', 1, 'no maximo 200 caracteres', ' ', ' ', ' ', 'PE', 1, '1900-01-01', '1', 'no maximo 200 caracteres', ' ', ' ', ' ', 'AC', 'no maximo 100 caracteres                                ', ' ', '2012-07-09', 1, 'A', '2010-07-01', '2012-06-30', 0, 655, '', 1, 'NA', 1, 1, NULL, NULL, NULL, NULL, NULL, NULL, NULL, NULL, NULL, NULL),
(658, '100% VAREJO', '100% VAREJO', '100varejo', '999999999999999999', 'ISENTO', 'ISENTO', 1, 'no maximo 200 caracteres', ' ', ' ', ' ', 'PE', 2, '1900-01-01', '1', 'no maximo 200 caracteres', ' ', ' ', ' ', 'PE', 'no maximo 100 caracteres                                ', ' ', '2010-09-13', 1, 'S', '2010-08-01', '2010-08-01', 0, 658, '', 1, 'NA', 1, 1, NULL, NULL, NULL, NULL, NULL, NULL, NULL, 'teste@gmail.com', NULL, NULL),
(659, 'ESFERA SERVICOS DE MONTAGENS', 'ESFERA MONTAGENS', 'esfera', '12.558.275/0001-24', 'ISENTO', 'ISENTO', 1, 'no maximo 200 caracteres', ' ', ' ', ' ', 'PE', 1, '1900-01-01', '1', 'no maximo 200 caracteres', ' ', ' ', ' ', 'PE', 'no maximo 100 caracteres                                                                            ', ' ', NULL, 865, 'A', '2010-09-01', NULL, 0, 659, '', 1, 'NA', 1, 1, 'FLVIO ANTNIO DAS NEVES', '316.231.154-34', '2013-10-23', '2025-04-01', '2025-12-31', NULL, 'E-CNPJ ARQUIVO ', 'flavioneves.esfera@gmail.com', 'financeiro@ageconsulting.com.br', 'FISICO'),
(660, 'ERDNA TRANSPORTES E LOCA+iES LTDA', 'ERDNA TRANSPORTES E LOCA+iES LTDA', 'transpa3m', '11.111.987/0001-38', 'ISENTO', 'ISENTO', 1, 'no maximo 200 caracteres', ' ', ' ', ' ', 'PE', 1, '1900-01-01', '1', 'no maximo 200 caracteres', ' ', ' ', ' ', 'PE', 'no maximo 100 caracteres                                                                ', ' ', '2013-02-19', 1, 'A', '2010-09-01', '2012-12-31', 0, 660, '', 5, 'NA', 1, 1, NULL, NULL, NULL, NULL, NULL, NULL, NULL, NULL, NULL, NULL),
(662, 'CAFE DA GUIA COMERCIO DE ALIMENTOS LTDA ', 'CAFE DA GUIA ', 'cafedaguia', '12.521.737/0001-39', 'ISENTO', 'ISENTO', 1, 'no maximo 200 caracteres', ' ', ' ', ' ', 'PE', 1, '1900-01-01', '1', 'no maximo 200 caracteres', ' ', ' ', ' ', 'PE', 'no maximo 100 caracteres                                                ', ' ', '2015-07-27', 1, 'A', '2010-10-01', '2015-06-30', 0, 662, 'S', 1, 'NA', 1, 1, 'MANOEL ANTONIO PEREIRA BORBA FILHO', '294.995.242-34', '2012-05-10', '2015-03-30', '2017-05-10', NULL, NULL, NULL, NULL, NULL),
(664, 'METHODOS BETA CONSULTORIA', 'METHODOS', 'methodos', '12.818.569/0001-48', 'ISENTO', 'ISENTO', 1, 'no maximo 200 caracteres', ' ', ' ', ' ', 'AC', 1, '1900-01-01', '1', 'no maximo 200 caracteres', ' ', ' ', ' ', 'AC', 'no maximo 100 caracteres                                                ', ' ', '2016-05-26', 1, 'A', '2010-10-01', '2016-05-31', 0, 664, '', 2, 'S', 1, 1, 'MARCEL LEVI DE SOUTO BARRETO', '031.802.234-64', '2011-01-07', '2014-01-06', '2015-12-31', NULL, NULL, NULL, NULL, NULL),
(665, 'CTIS - INFORMATICA', 'CTIS', 'ctis', '01.644.731/0001-32', '07.317.370/001-84', 'ISENTO', 1, 'no maximo 200 caracteres', ' ', ' ', ' ', 'PE', 1, '1900-01-01', '1', 'no maximo 200 caracteres', ' ', ' ', ' ', 'PE', 'no maximo 100 caracteres                                                ', ' ', '2012-10-25', 1, 'A', '2010-10-01', '2011-12-31', 0, 665, '', 7, 'NA', 1, 1, NULL, NULL, NULL, NULL, NULL, NULL, NULL, NULL, NULL, NULL),
(666, 'UNIDADE DE PATOLOGIA', 'UNIDADE DE PATOLOGIA', 'patologia', '35.327.758/0001-13', 'ISENTO', 'ISENTO', 1, 'no maximo 200 caracteres', ' ', ' ', ' ', 'PE', 1, '1900-01-01', '1', 'no maximo 200 caracteres', ' ', ' ', ' ', 'PE', 'no maximo 100 caracteres                                ', ' ', '2016-04-11', 1, 'A', '2010-11-01', '2016-03-31', 0, 666, '', 2, 'S', 1, 1, 'TELMA REJANE DE MORAIS CAMPELLO', '128.562.404-10', '2011-01-04', '2012-01-19', '2015-12-31', NULL, NULL, NULL, NULL, NULL);


INSERT INTO `TBEMPRESAPRODUTO` (`CODIGOEMPRESA`, `CODIGOPRODUTO`, `DUA`, `SITUACAO`, `DVL`, `DVG`, `IDUA`, `VALORFATURAMENTO`, `CODIGOEMPRESAPROVEDORA`, `CODIGOTPFATURAMENTO`, `CODIGOINDICEREAJUSTE`, `MESREAJUSTE`, `DIAVENCIMENTO`, `MESATUALOUSEGUINTE`, `CODIGOEMPRESAFATURADORA`, `AGRUPAPRODUTOS`, `FATURAPORUNIDADE`, `EMITENF`) VALUES
(4, 1, '1900-01-01', 'A', NULL, '2010-01-01', NULL, 0.00, 566, 1, 3, 1, 5, 'S', 4, 'S', 'N', 'N'),
(409, 1, '2010-03-02', 'A', NULL, '2009-02-01', 1, 510.00, 566, 1, 3, 1, 5, 'S', 409, 'S', 'N', 'N'),
(410, 1, '2010-12-01', 'A', NULL, '2009-02-01', 1, 255.00, 566, 1, 3, 1, 5, 'S', 410, 'S', 'N', 'N'),
(411, 1, '2010-04-29', 'A', NULL, '2009-01-01', 1, 255.00, 566, 1, 3, 1, 5, 'S', 411, 'S', 'N', 'N'),
(412, 1, '2010-01-27', 'A', NULL, '2009-01-01', NULL, 1020.00, 566, 1, 3, 1, 5, 'S', 412, 'S', 'N', 'S'),
(413, 1, '1900-01-01', 'A', NULL, '2009-02-01', NULL, 255.00, 566, 1, 3, 1, 5, 'S', 413, 'S', 'N', 'N'),
(414, 1, '1900-01-01', 'A', NULL, '2009-02-01', NULL, 510.00, 566, 2, 3, 1, 12, 'S', 414, 'S', 'N', 'N'),
(415, 1, '1900-01-01', 'A', NULL, '2009-02-01', NULL, 255.00, 566, 1, 3, 1, 5, 'S', 415, 'S', 'N', 'N'),
(416, 1, '2010-11-18', 'A', NULL, '2009-02-01', 1, 510.00, 566, 2, 3, 1, 5, 'S', 416, 'S', 'N', 'S'),
(417, 1, '2010-07-22', 'A', NULL, '2009-01-01', 1, 2499.00, 566, 1, 3, 1, 15, 'S', 417, 'S', 'N', 'S'),
(418, 1, '2010-07-22', 'A', NULL, '2009-01-01', 1, 510.00, 566, 1, 3, 1, 5, 'S', 418, 'S', 'N', 'S'),
(419, 1, '2010-07-22', 'A', '2010-05-31', '2009-02-01', 1, 438.71, 566, 1, 3, 1, 5, 'S', 419, 'S', 'N', 'N'),
(420, 1, '2010-05-03', 'A', NULL, '2009-01-01', NULL, 510.00, 566, 1, 3, 1, 20, 'S', 420, 'S', 'N', 'N'),
(421, 1, '1900-01-01', 'A', NULL, '2009-02-01', NULL, 3205.71, 566, 1, 3, 1, 12, 'S', 421, 'S', 'N', 'S'),
(422, 1, '2010-05-03', 'A', NULL, '2009-01-01', NULL, 291.43, 566, 1, 3, 1, 5, 'S', 422, 'S', 'N', 'N'),
(422, 5, '2010-10-14', 'A', NULL, '2010-07-01', 1, 2599.95, 566, 2, 2, 1, 30, 'S', 422, 'S', 'N', 'N'),
(423, 1, '2010-05-03', 'A', NULL, '2009-01-01', NULL, 255.00, 566, 1, 3, 1, 5, 'S', 423, 'S', 'N', 'N'),
(424, 1, '2010-05-03', 'A', NULL, '2009-03-01', NULL, 510.00, 566, 1, 3, 1, 5, 'S', 424, 'S', 'N', 'N'),
(425, 1, '2010-07-22', 'A', NULL, '2009-02-01', 1, 265.00, 566, 1, 3, 1, 5, 'S', 425, 'S', 'N', 'S'),
(426, 1, '2010-05-03', 'A', NULL, '2009-01-01', NULL, 510.00, 566, 1, 3, 1, 10, 'S', 426, 'S', 'N', 'S'),
(427, 1, '1900-01-01', 'A', NULL, '2009-02-01', NULL, 510.00, 566, 1, 3, 1, 5, 'S', 427, 'S', 'N', 'S'),
(428, 1, '2010-10-14', 'A', NULL, '2009-02-01', 1, 1577.23, 566, 1, 1, 7, 5, 'S', 428, 'S', 'N', 'S'),
(429, 1, '1900-01-01', 'A', NULL, '2009-02-01', NULL, 392.31, 566, 1, 3, 1, 10, 'S', 429, 'S', 'N', 'N'),
(430, 1, '2010-06-23', 'A', NULL, '2009-01-01', 1, 200.00, 566, 1, 3, 1, 5, 'S', 430, 'S', 'N', 'N'),
(431, 1, '2010-05-03', 'A', NULL, '2009-01-01', NULL, 510.00, 566, 1, 3, 1, 5, 'S', 431, 'S', 'N', 'S'),
(432, 1, '2010-05-03', 'A', NULL, '2009-01-01', NULL, 375.79, 566, 1, 3, 1, 5, 'S', 432, 'S', 'N', 'N'),
(433, 1, '2010-05-03', 'A', NULL, '2009-01-01', NULL, 510.00, 566, 1, 3, 1, 5, 'S', 433, 'S', 'N', 'N'),
(434, 1, '2010-07-22', 'A', NULL, '2009-01-01', 1, 127.50, 566, 1, 3, 1, 20, 'S', 434, 'S', 'N', 'N'),
(435, 1, '2010-05-11', 'A', '2009-10-31', '2009-02-01', NULL, 0.00, 566, 1, 3, 1, 5, 'S', 435, 'S', 'N', 'N'),
(436, 1, '2010-05-03', 'A', NULL, '2009-01-01', NULL, 510.00, 566, 1, 3, 1, 5, 'S', 436, 'S', 'N', 'N'),
(437, 1, '1900-01-01', 'A', NULL, '2009-02-01', NULL, 3230.78, 566, 1, 3, 1, 5, 'S', 437, 'S', 'N', 'S'),
(438, 1, '2010-10-14', 'A', NULL, '2009-01-01', 1, 255.00, 566, 2, 3, 1, 28, 'A', 438, 'S', 'N', 'N'),
(439, 1, '2011-08-26', 'A', NULL, '2009-02-01', 1, 1966.27, 566, 1, 3, 1, 20, 'S', 628, 'S', 'N', 'S'),
(440, 1, '1900-01-01', 'A', NULL, '2009-02-01', NULL, 422.48, 566, 1, 3, 1, 10, 'S', 440, 'S', 'N', 'S'),
(441, 1, '2010-05-03', 'A', NULL, '2009-01-01', NULL, 255.00, 566, 1, 3, 1, 12, 'S', 441, 'S', 'N', 'N'),
(442, 1, '1900-01-01', 'A', NULL, '2009-02-01', NULL, 939.47, 566, 1, 3, 1, 5, 'S', 442, 'S', 'N', 'S'),
(442, 4, '2011-09-21', 'A', '2011-08-31', '2009-02-01', 1, 2522.64, 566, 1, 3, 1, 5, 'S', 442, 'S', 'N', 'S'),
(443, 1, '1900-01-01', 'A', NULL, '2009-02-01', NULL, 510.00, 566, 1, 3, 1, 5, 'S', 443, 'S', 'N', 'S'),
(444, 1, '1900-01-01', 'A', NULL, '2009-02-01', NULL, 510.00, 566, 1, 3, 1, 5, 'S', 444, 'S', 'N', 'S'),
(445, 1, '2010-04-30', 'A', '2010-03-31', '2009-02-01', 1, 0.00, 566, 1, 3, 1, 5, 'S', 445, 'S', 'N', 'S'),
(446, 1, '2010-05-03', 'A', NULL, '2009-01-01', NULL, 0.00, 566, 1, 3, 1, 5, 'S', 446, 'S', 'N', 'S'),
(447, 1, '1900-01-01', 'A', NULL, '2009-02-01', NULL, 510.00, 566, 1, 3, 1, 5, 'S', 447, 'S', 'N', 'N'),
(448, 11, '1900-01-01', 'A', NULL, '2009-02-01', NULL, 1096.77, 566, 1, 3, 1, 5, 'S', 448, 'S', 'N', 'S'),
(449, 1, '2010-05-03', 'A', NULL, '2009-01-01', NULL, 860.24, 566, 1, 3, 1, 5, 'S', 449, 'S', 'N', 'N'),
(450, 1, '2010-07-23', 'A', '2010-04-30', '2009-02-01', 1, 255.00, 566, 1, 3, 1, 15, 'S', 450, 'S', 'N', 'N'),
(451, 1, '2010-05-03', 'A', NULL, '2009-04-01', NULL, 1020.00, 566, 1, 3, 1, 5, 'S', 451, 'S', 'N', 'S'),
(452, 1, '2010-04-10', 'A', '2009-11-30', '2009-02-01', 1, 0.00, 566, 1, 3, 1, 5, 'S', 452, 'S', 'N', 'N'),
(453, 1, '1900-01-01', 'A', NULL, '2009-02-01', NULL, 510.00, 566, 1, 3, 1, 5, 'S', 453, 'S', 'N', 'N'),
(454, 1, '2010-05-11', 'A', '2009-11-30', '2009-02-01', NULL, 0.00, 566, 1, 3, 1, 15, 'S', 454, 'S', 'N', 'N'),
(455, 1, '2010-05-03', 'A', NULL, '2009-01-01', NULL, 445.20, 566, 1, 3, 1, 10, 'S', 455, 'S', 'N', 'S'),
(456, 1, '2010-04-10', 'A', '2009-11-30', '2009-02-01', 1, 0.00, 566, 1, 3, 1, 5, 'S', 456, 'S', 'N', 'N'),
(457, 1, '2010-05-03', 'A', NULL, '2009-01-01', NULL, 335.53, 566, 1, 3, 1, 10, 'S', 457, 'S', 'N', 'N'),
(458, 1, '2010-07-22', 'A', NULL, '2009-02-01', 1, 510.00, 566, 1, 3, 1, 10, 'S', 458, 'S', 'N', 'S'),
(459, 10, '2010-07-23', 'A', NULL, '2009-02-01', 1, 784.85, 566, 2, 4, 6, 25, 'S', 459, 'S', 'N', 'S'),
(460, 1, '2010-05-03', 'A', NULL, '2009-01-01', NULL, 510.00, 566, 1, 3, 1, 10, 'S', 460, 'S', 'N', 'N'),
(461, 1, '2010-05-03', 'A', NULL, '2009-01-01', NULL, 445.20, 566, 1, 3, 1, 10, 'S', 461, 'S', 'N', 'S'),
(462, 1, '2010-10-14', 'A', NULL, '2009-10-01', 1, 1020.00, 566, 1, 3, 1, 28, 'S', 462, 'S', 'N', 'N');


INSERT INTO `TBEMPRESAUSUARIO` (`CODIGO_USUARIO`, `CODIGOPRODUTO`, `CODIGOEMPRESA`, `CODIGOSUBPRODUTO`, `SITUACAO`, `DVG`, `DVL`) VALUES
(1, 1, 566, 1, 'A', NULL, NULL),
(1, 1, 566, 2, 'A', NULL, NULL),
(1, 1, 566, 3, 'A', NULL, NULL),
(2, 1, 610, 1, 'A', '2010-01-26', '2010-01-26'),
(2, 1, 610, 3, 'A', '2010-01-26', '2010-01-26'),
(3, 1, 4, 1, 'A', NULL, NULL),
(3, 1, 4, 2, 'A', NULL, NULL),
(3, 1, 4, 3, 'A', '1900-01-01', '1900-01-01'),
(3, 1, 610, 1, 'A', NULL, NULL),
(3, 1, 610, 2, 'A', NULL, NULL),
(579, 1, 409, 1, 'A', '2009-01-01', NULL),
(579, 1, 409, 2, 'A', '2009-01-01', NULL),
(579, 1, 409, 3, 'A', '2009-01-01', NULL),
(579, 1, 410, 1, 'A', '2009-01-01', NULL),
(579, 1, 410, 2, 'A', '2009-01-01', NULL),
(579, 1, 410, 3, 'A', '2009-01-01', NULL),
(579, 1, 411, 1, 'A', '2010-01-26', NULL),
(579, 1, 411, 2, 'A', '2010-01-26', NULL),
(579, 1, 411, 3, 'A', '2010-01-26', NULL),
(580, 1, 409, 1, 'A', '2009-01-01', NULL),
(580, 1, 409, 2, 'A', '2009-01-01', NULL),
(580, 1, 409, 3, 'A', '2009-01-01', NULL),
(580, 1, 410, 1, 'A', '2009-01-01', NULL),
(580, 1, 410, 2, 'A', '2009-01-01', NULL),
(580, 1, 410, 3, 'A', '2009-01-01', NULL),
(585, 1, 529, 1, 'A', '2009-01-01', '2009-03-31'),
(585, 1, 529, 2, 'A', '2009-01-01', '2009-03-31'),
(585, 1, 529, 3, 'A', '2009-01-01', '2009-03-31'),
(587, 1, 566, 1, 'A', '2009-01-01', NULL),
(587, 1, 566, 2, 'A', '2009-01-01', NULL),
(587, 1, 566, 3, 'A', '2009-01-01', NULL),
(587, 1, 567, 1, 'A', '2009-01-01', NULL),
(587, 1, 567, 2, 'A', '2009-01-01', NULL),
(587, 1, 567, 3, 'A', '2009-01-01', NULL),
(590, 1, 412, 1, 'A', '2009-01-01', NULL),
(590, 1, 412, 2, 'A', '2009-01-01', NULL),
(590, 1, 412, 3, 'A', '2009-01-01', NULL),
(591, 1, 413, 1, 'A', '2009-01-01', NULL),
(591, 1, 413, 2, 'A', '2009-01-01', NULL),
(591, 1, 413, 3, 'A', '2009-01-01', NULL),
(593, 1, 414, 1, 'A', '2009-01-01', NULL),
(593, 1, 414, 2, 'A', '2009-01-01', NULL),
(593, 1, 414, 3, 'A', '2009-01-01', NULL),
(593, 1, 581, 1, 'A', '2009-01-01', NULL),
(593, 1, 581, 2, 'A', '2009-01-01', NULL),
(593, 1, 581, 3, 'A', '2009-01-01', NULL),
(594, 1, 415, 1, 'A', '2009-01-01', NULL),
(594, 1, 415, 2, 'A', '2009-01-01', NULL),
(594, 1, 415, 3, 'A', '2009-01-01', NULL),
(602, 1, 419, 1, 'A', '2009-01-01', '2010-05-31'),
(602, 1, 419, 2, 'A', '2009-01-01', '2010-05-31'),
(602, 1, 419, 3, 'A', '2009-01-01', '2010-05-31'),
(604, 1, 421, 1, 'A', '2009-01-01', NULL),
(604, 1, 421, 2, 'A', '2009-01-01', NULL),
(604, 1, 421, 3, 'A', '2009-01-01', NULL),
(604, 1, 561, 1, 'A', '2009-01-01', NULL),
(604, 1, 561, 2, 'A', '2009-01-01', NULL),
(616, 1, 518, 1, 'A', '2009-01-01', '2009-12-31'),
(616, 1, 518, 2, 'A', '2009-01-01', '2009-12-31'),
(616, 1, 518, 3, 'A', '2009-01-01', '2009-12-31'),
(616, 1, 519, 1, 'A', '2009-01-01', NULL),
(616, 1, 519, 2, 'A', '2009-01-01', NULL),
(616, 1, 519, 3, 'A', '2009-01-01', NULL),
(618, 1, 486, 1, 'A', '2009-01-01', '2010-03-31'),
(618, 1, 486, 2, 'A', '2009-01-01', '2010-03-31'),
(618, 1, 486, 3, 'A', '2009-01-01', '2010-03-31'),
(618, 1, 568, 1, 'A', '2009-01-01', '2010-03-31'),
(618, 1, 568, 2, 'A', '2009-01-01', '2010-03-31'),
(618, 1, 568, 3, 'A', '2009-01-01', '2010-03-31'),
(618, 9, 486, 5, 'A', '2009-01-01', '2009-08-31'),
(619, 1, 427, 1, 'A', '2009-01-01', NULL),
(867, 1, 882, 3, 'A', NULL, NULL);



INSERT INTO `TBEMPRESAXARQUIVOS` (`COD_EMPRESAXARQUIVOS`, `COD_EMPRESA`, `ANO`, `MES`, `NOMEARQUIVO`, `EXTENSAO`, `TAMANHO`, `URL`, `DATAREGISTRO`) VALUES
(1157, 409, 2020, 4, '100PORCENTO AUDIT - AUDITORES INDEPENDENTES S/S', NULL, NULL, NULL, '2020-04-08 10:07:12'),
(1158, 410, 2020, 4, '100PORCENTO CONSULT - CONSULTORIA EMPRESARIAL LTDA', NULL, NULL, NULL, '2020-04-08 10:07:12'),
(1159, 657, 2020, 4, '100PORCENTOSOLUCOES', NULL, NULL, NULL, '2020-04-08 10:07:12'),
(1160, 897, 2020, 4, 'A FONTE - PURIFICADORES DE AGUA - LTDA', NULL, NULL, NULL, '2020-04-08 10:07:12'),
(1161, 872, 2020, 4, 'A. L. EMPREENDIMENTOS TURISTICOS LTDA - ME', NULL, NULL, NULL, '2020-04-08 10:07:12'),
(1162, 895, 2020, 4, 'A. R. V. DE GOES EIRELI - ME', NULL, NULL, NULL, '2020-04-08 10:07:12'),
(1163, 579, 2020, 4, 'A2E ADMINISTRADORA DE BENS LTDA', NULL, NULL, NULL, '2020-04-08 10:07:12'),
(1164, 1028, 2020, 4, 'A2M TECNOLOGIA EM INTERNET LTDA', NULL, NULL, NULL, '2020-04-08 10:07:12'),
(1165, 581, 2020, 4, 'ABA EMPREENDIMENTOS', NULL, NULL, NULL, '2020-04-08 10:07:12'),
(1166, 1008, 2020, 4, 'AC2 LOGISTICA LTDA', NULL, NULL, NULL, '2020-04-08 10:07:12'),
(1167, 758, 2020, 4, 'ACGN COMERCIO DE ALIMENTOS SUPRIMENTOS DE INFORMATICA OBRAS DE ACABAMENTO E PUBLICIDADE LTDA', NULL, NULL, NULL, '2020-04-08 10:07:12'),
(1168, 411, 2020, 4, 'ACN - ASSESSORIA E CONSULTORIA EM GESTAO EMPRESARIAL LTDA', NULL, NULL, NULL, '2020-04-08 10:07:12'),
(1169, 996, 2020, 4, 'ADINA INDUSTRIA E COMERCIO DE FECHOS LTDA', NULL, NULL, NULL, '2020-04-08 10:07:12'),
(1170, 529, 2020, 4, 'AEROCLUBE DE PE', NULL, NULL, NULL, '2020-04-08 10:07:12'),
(1171, 991, 2020, 4, 'AF APOIO ADMINISTRATIVO LTDA - ME', NULL, NULL, NULL, '2020-04-08 10:07:12'),
(1172, 726, 2020, 4, 'AFP ASSESSORIA E ATENDIMENTO EM AREA MEDICA LTDA', NULL, NULL, NULL, '2020-04-08 10:07:12'),
(1173, 567, 2020, 4, 'AGE CONSULTING ASSESSORIA E GESTAO EMPRESARIAL LTDA', NULL, NULL, NULL, '2020-04-08 10:07:12'),
(1174, 566, 2020, 4, 'AGE CONSULTING SERV. DE APOIO ADMIN. E CONTABILIDADE LTDA', NULL, NULL, NULL, '2020-04-08 10:07:12'),
(1175, 412, 2020, 4, 'AGIL FACTORING FOMENTO MERCANTIL LTDA', NULL, NULL, NULL, '2020-04-08 10:07:12'),
(1176, 1020, 2020, 4, 'AGQ RESTAURANTES EIRELI', NULL, NULL, NULL, '2020-04-08 10:07:12'),
(1177, 689, 2020, 4, 'AGUIAR E CAMPOS ADVOGADOS ASSOCIADOS ', NULL, NULL, NULL, '2020-04-08 10:07:12'),
(1178, 864, 2020, 4, 'AGUIAR NUTRICAO ESPORTIVA - EIRELI - EPP', NULL, NULL, NULL, '2020-04-08 10:07:12'),
(1179, 810, 2020, 4, 'AH COMERCIO DE ALIMENTOS LTDA', NULL, NULL, NULL, '2020-04-08 10:07:12'),
(1180, 815, 2020, 4, 'AIRAM TECNOLOGIA DA INFORMACAO LTDA', NULL, NULL, NULL, '2020-04-08 10:07:12'),
(1181, 1043, 2020, 4, 'AIRSOFT ACTION CENTER ATIVIDADES DE ESTANDE DE TIROS LTDA', NULL, NULL, NULL, '2020-04-08 10:07:12'),
(1182, 1042, 2020, 4, 'AJR RESTAURANTES LTDA', NULL, NULL, NULL, '2020-04-08 10:07:12'),
(1183, 754, 2020, 4, 'AKEFI CONSULTORIO DE PSICOLOGIA LTDA', NULL, NULL, NULL, '2020-04-08 10:07:12'),
(1184, 413, 2020, 4, 'AKGS CONSULTORIA E SERVICOS LTDA.', NULL, NULL, NULL, '2020-04-08 10:07:12'),
(1185, 1064, 2020, 4, 'ALAMEDA BAIRRO NOVO INCORPORACOES LTDA', NULL, NULL, NULL, '2020-04-08 10:07:12'),
(1186, 1063, 2020, 4, 'ALAMEDA PIO IX INCORPORACOES LTDA', NULL, NULL, NULL, '2020-04-08 10:07:12'),
(1187, 530, 2020, 4, 'ALBUQUERQUE PINTO - COMISSOES', NULL, NULL, NULL, '2020-04-08 10:07:12'),
(1188, 414, 2020, 4, 'ALEXANDRE ALECRIM & ADVOGADOS ASSOCIADOS', NULL, NULL, NULL, '2020-04-08 10:07:12'),
(1189, 415, 2020, 4, 'ALEXANDRE JOSE PINTO DO REGO BARROS', NULL, NULL, NULL, '2020-04-08 10:07:12'),
(1190, 416, 2020, 4, 'ALP CONSULTORIA EMPRESARIAL LTDA', NULL, NULL, NULL, '2020-04-08 10:07:12'),
(1191, 871, 2020, 4, 'AMF SERVICOS DE APOIO ADMINISTRATIVO - ME', NULL, NULL, NULL, '2020-04-08 10:07:12'),
(1192, 1062, 2020, 4, 'ANA PAULA COSTA BEZERRA', NULL, NULL, NULL, '2020-04-08 10:07:12'),
(1193, 701, 2020, 4, 'ANANDHAS COMERCIO DE COSMTICOS LTDA ME ', NULL, NULL, NULL, '2020-04-08 10:07:12'),
(1194, 700, 2020, 4, 'ANDERSON SILVIO DOS SANTOS MENEZES - ME', NULL, NULL, NULL, '2020-04-08 10:07:12'),
(1195, 757, 2020, 4, 'ANDRADE LIMA E ALENCAR LTDA - ME', NULL, NULL, NULL, '2020-04-08 10:07:12'),
(1196, 781, 2020, 4, 'ANDREYSON LUCAS DOS SANTOS MENEZES - ME', NULL, NULL, NULL, '2020-04-08 10:07:12'),
(1197, 1006, 2020, 4, 'ANTONIO GONCALVES DOS SANTOS SILVA FILHO', NULL, NULL, NULL, '2020-04-08 10:07:12'),
(1198, 812, 2020, 4, 'APA EMPREENDIMENTOS IMOBILIARIOS EIRELI', NULL, NULL, NULL, '2020-04-08 10:07:12'),
(1199, 907, 2020, 4, 'AR NOVOS NEGOCIOS CONSULTORIA EMPRESARIAL LTDA', NULL, NULL, NULL, '2020-04-08 10:07:12'),
(1200, 891, 2020, 4, 'ARG INCORPORACAO E CONSTRUCAO LTDA', NULL, NULL, NULL, '2020-04-08 10:07:12'),
(1201, 653, 2020, 4, 'ARHEN INDUSTRIA DE COSMETICOS LTDA', NULL, NULL, NULL, '2020-04-08 10:07:12'),
(1202, 884, 2020, 4, 'ARIZQ TECNOLOGIA EM DEFESA E SEGURANA LTDA', NULL, NULL, NULL, '2020-04-08 10:07:12'),
(1203, 668, 2020, 4, 'ARM MULTI- REPRESENTACOES LTDA', NULL, NULL, NULL, '2020-04-08 10:07:12'),
(1204, 1017, 2020, 4, 'ARMAZEM FLUMINENSE COMERCIO VAREJISTA DE TINTAS EIRELI', NULL, NULL, NULL, '2020-04-08 10:07:12'),
(1205, 419, 2020, 4, 'ARRUDA E MELO ALIMENTOS LTDA - ME', NULL, NULL, NULL, '2020-04-08 10:07:12'),
(1206, 899, 2020, 4, 'AS RESTAURANTES LTDA', NULL, NULL, NULL, '2020-04-08 10:07:12'),
(1207, 590, 2020, 4, 'ASA DE PRATA  - IMIBIRIBEIRA', NULL, NULL, NULL, '2020-04-08 10:07:12'),
(1208, 604, 2020, 4, 'ASA DE PRATA - ARM GERAL', NULL, NULL, NULL, '2020-04-08 10:07:12'),
(1209, 591, 2020, 4, 'ASA DE PRATA - FORTALEZA', NULL, NULL, NULL, '2020-04-08 10:07:12'),
(1210, 593, 2020, 4, 'ASA DE PRATA - S+O PAULO', NULL, NULL, NULL, '2020-04-08 10:07:12'),
(1211, 592, 2020, 4, 'ASA DE PRATA - SALVADOR', NULL, NULL, NULL, '2020-04-08 10:07:12'),
(1212, 563, 2020, 4, 'ASB ADMINISTRADORA DE BENS S.A.', NULL, NULL, NULL, '2020-04-08 10:07:12'),
(1213, 980, 2020, 4, 'ASSOCIACAO BENEFICENTE DO BRASIL -ABBRA', NULL, NULL, NULL, '2020-04-08 10:07:12'),
(1214, 947, 2020, 4, 'ASSOCIACAO BRASILEIRA DE RECURSOS HUMANOS SECCIONAL PE ', NULL, NULL, NULL, '2020-04-08 10:07:12'),
(1215, 1022, 2020, 4, 'ASSOCIACAO CLUBE CONDOMINIOS', NULL, NULL, NULL, '2020-04-08 10:07:12'),
(1216, 964, 2020, 4, 'ASSOCIACAO DE PILOTOS E NAVEGADORES DE RALLY DE PERNAMBUCO', NULL, NULL, NULL, '2020-04-08 10:07:12'),
(1217, 896, 2020, 4, 'ASSOCIACAO DOS ANALISTAS DE PLANEJAMENTO, ORCAMENTO E GESTAO DO ESTADO DE PERNAMBUCO - AAPOG/PE', NULL, NULL, NULL, '2020-04-08 10:07:12'),
(1218, 924, 2020, 4, 'ASSOCIACAO LAR DO NENEN ', NULL, NULL, NULL, '2020-04-08 10:07:12'),
(1219, 424, 2020, 4, 'AUDIOCLINICA LTDA', NULL, NULL, NULL, '2020-04-08 10:07:12'),
(1220, 801, 2020, 4, 'AUTO POSTO COSTA DOURADA LTDA', NULL, NULL, NULL, '2020-04-08 10:07:12'),
(1221, 561, 2020, 4, 'AVANCO EMPREENDIMENTO LTDA', NULL, NULL, NULL, '2020-04-08 10:07:12'),
(1222, 923, 2020, 4, 'AVER O MAR IMOVEIS LTDA', NULL, NULL, NULL, '2020-04-08 10:07:12'),
(1223, 1027, 2020, 4, 'AWM COMERCIO E SERVICO LTDA', NULL, NULL, NULL, '2020-04-08 10:07:12'),
(1224, 962, 2020, 4, 'B C F DISTRIBUIDORA E ARMAZENAMENTO DE ALIMENTOS LTDA - EPP', NULL, NULL, NULL, '2020-04-08 10:07:12'),
(1225, 1039, 2020, 4, 'B. H. CAVALCANTI MARTINS', NULL, NULL, NULL, '2020-04-08 10:07:12'),
(1226, 1085, 2020, 4, 'BBA INFORMACAO E COMUNICACAO LTDA', NULL, NULL, NULL, '2020-04-08 10:07:12'),
(1227, 718, 2020, 4, 'BELA IMPORT COMERCIO DE PRODUTOS IMPORTADOS LTDA ', NULL, NULL, NULL, '2020-04-08 10:07:12'),
(1228, 425, 2020, 4, 'BELWEB SERVICOS DE INFORMATICA LTDA ME', NULL, NULL, NULL, '2020-04-08 10:07:12'),
(1229, 1025, 2020, 4, 'BEMIND TECNOLOGIA DA INFORMACAO LTDA', NULL, NULL, NULL, '2020-04-08 10:07:12'),
(1230, 930, 2020, 4, 'BGA COMERCIO DE ALIMENTOS LTDA', NULL, NULL, NULL, '2020-04-08 10:07:12'),
(1231, 568, 2020, 4, 'BIA CONSULTORIA E TECNOLOGIA LTDA', NULL, NULL, NULL, '2020-04-08 10:07:12'),
(1232, 778, 2020, 4, 'BIDCORP SOLUCOES EM ATIVO EXCEDENTES ', NULL, NULL, NULL, '2020-04-08 10:07:12'),
(1233, 427, 2020, 4, 'BIO FAIR TRADE COM. EXP. DE PRODUTOS ARTESANAIS LTDA', NULL, NULL, NULL, '2020-04-08 10:07:12'),
(1234, 943, 2020, 4, 'BMAC - COMERCIO DE MATERIAL DE CONSTRUCAO LTDA - ME', NULL, NULL, NULL, '2020-04-08 10:07:12'),
(1235, 588, 2020, 4, 'BMF - SAO PAULO', NULL, NULL, NULL, '2020-04-08 10:07:12'),
(1236, 587, 2020, 4, 'BMF BUREAU MERCANTIL FACTORING LTDA', NULL, NULL, NULL, '2020-04-08 10:07:12'),
(1237, 654, 2020, 4, 'BRASCOLOR GRAFICA E EDITORA LTDA', NULL, NULL, NULL, '2020-04-08 10:07:12'),
(1238, 961, 2020, 4, 'BRASIL CARNES LTDA', NULL, NULL, NULL, '2020-04-08 10:07:12'),
(1239, 988, 2020, 4, 'BRASITRANS LTDA', NULL, NULL, NULL, '2020-04-08 10:07:12'),
(1240, 620, 2020, 4, 'BRENCORP - CONSULTORIA, MEIO AMBIENTE E EMPREENDIMENTOS LTDA', NULL, NULL, NULL, '2020-04-08 10:07:12'),
(1241, 941, 2020, 4, 'BRINGEL CONSTRUTORA E EMPREENDIMENTOS LTDA - EPP', NULL, NULL, NULL, '2020-04-08 10:07:12'),
(1242, 680, 2020, 4, 'BRINGEL CONSTRUTORA LTDA', NULL, NULL, NULL, '2020-04-08 10:07:12'),
(18077, 1309, 2024, 8, 'YURI NUNES MIRANDA SOCIEDADE INDIVIDUAL DE ADVOCACIA', NULL, NULL, NULL, '2024-08-16 13:35:46');


INSERT INTO `TBEMPRESAXCCEMAIL` (`COD_CCEMAIL`, `EMAIL_CC`, `COD_EMPRESA`) VALUES
(14, 'marcelocherpak@gmail.com', 1089),
(21, 'e.guilherme.barros@outlook.com', 566),
(22, 'lucianocherpak@gmail.com', 566),
(23, 'raquelcpk@gmail.com', 443),
(28, 'diretoria@jangadeirohotel.com.br', 872),
(29, 'controladoria@jangadeirohotel.com.br', 872),
(32, 'cleidemoraes08@gmail.com', 579),
(33, 'marinhosmm@gmail.com', 579),
(35, 'ahgalvao@hotmail.com', 684),
(37, 'contasapagar@adina.com.br', 996),
(39, 'ana.carolina@frutuosoadvocacia.adv.br', 991),
(40, 'alex.cunha1978@hotmail.com', 726),
(41, 'alex.cunha1978@me.com', 726),
(42, '', 412),
(43, '', 1020),
(44, 'josecampos@aguiarecampos.com.br', 689),
(45, 'eucampos@gmail.com', 689),
(46, 'ingrid@applysolutions.com.br', 815),
(47, 'acastin@applysolutions.com.br', 815),
(48, 'guy@applysolutions.com.br', 815),
(50, '', 1042),
(53, 'alexandre@alecrimadvogados.com.br', 414),
(55, '', 1088),
(56, '', 416),
(59, '', 1006),
(60, 'rodrigo@neurotech.com', 812),
(61, 'cacaushow.costadourada@gmail.com', 812),
(62, 'ingrid@applysolutions.com.br', 418),
(63, 'acastin@applysolutions.com.br', 418),
(64, 'guy@applysolutions.com.br', 418),
(65, 'ingrid@applysolutions.com.br', 417),
(66, 'acastin@applysolutions.com.br', 417),
(67, 'guy@applysolutions.com.br', 417),
(69, 'gleice.medeiros@lsra.adv.br', 609),
(70, 'mayumi.carvalho@lsra.adv.br', 609),
(73, 'clariceccorrea@hotmail.com', 420),
(75, 'leonardoselva.eng@gmail.com', 964),
(77, '', 423),
(80, 'herraravps@gmail.com', 1039),
(81, '', 1085),
(82, '', 1025),
(86, 'nivania@brasitrans.com.br', 988),
(87, 'valeria@brasitrans.com.br', 988),
(88, 'raphaela@brasitrans.com.br', 988),
(89, 'carlospaixao@brasitrans.com.br', 988),
(90, 'henrique@bw.adv.br', 462),
(91, '', 1038),
(92, 'gilcosta@ageconsulting.com.br', 883),
(93, '', 893),
(94, 'sandrabringel@uol.com.br', 939),
(95, 'cobril@uol.com.br', 939),
(100, 'patricia@dafonteadv.com.br', 970),
(101, '', 1076),
(102, '', 982),
(103, 'nivania@brasitrans.com.br', 989),
(104, 'valeria@brasitrans.com.br', 989),
(105, 'raphaela@brasitrans.com.br', 989),
(106, 'carlospaixao@brasitrans.com.br', 989),
(109, 'restauranteleite@terra.com.br', 984),
(110, 'francisco.ftcn@gmail.com', 940),
(111, 'ana.carolina@frutuosodoadvocacia.adv.br', 990),
(113, 'kaudantas@gmail.com', 937),
(115, '', 1041),
(116, '', 1073),
(117, 'fmagalhaes@loglinelogistica.com.br', 1051),
(118, 'lmacedo@loglinelogistica.com.br', 1051),
(119, '', 1077),
(120, 'adm.tecpos@gmail.com', 1087),
(122, 'kaudantas@gmail.com', 942),
(123, 'cristiana@clinicallatende.com.br', 1054),
(125, 'financeiro2@serramorena.com', 976),
(126, 'financeiro3@serramorena.com', 976),
(128, 'adm.tecpos@gmail.com', 1086),
(129, 'herraravps@gmail.com', 1060),
(130, '', 1072),
(134, '', 729),
(135, '', 1101),
(136, '', 1099),
(137, '', 1102),
(138, '', 1098),
(139, '', 1100),
(140, 'financeiro@restauranteleite.tur.br', 984),
(141, 'compras@restauranteleite.tur.br', 984),
(144, '', 1096),
(145, '', 1097),
(146, '', 1103),
(148, 'financeiro@manifestogames.com.br', 1095),
(150, 'financeiro@raidhut.com', 1094),
(153, 'bpofinanceiro@ageconsulting.com.br', 958),
(154, 'bpofinanceiro@ageconsulting.com.br', 1075),
(155, 'SOSTENES.SILVA@GMAIL.COM', 1054),
(156, '', 1104),
(159, '', 1110),
(160, '', 1111),
(161, '', 1113),
(162, '', 1116),
(164, 'cacilda@boxebox.com.br', 1109),
(170, 'ana.claudia@insole.com.br', 1091),
(173, 'otorrinosrecife@gmail.com', 1124),
(175, '', 1126),
(178, '', 739),
(179, 'caldelene@applysolutions.com.b', 815),
(180, 'financeiro@cronos-tech.com.br', 815),
(182, 'caldelene@applysolutions.com.br', 418),
(183, 'caldelene@applysolutions.com.br', 417),
(184, 'arthurmribeiro@gmail.com', 907),
(187, 'marcio@biofairtrade.com.br', 427),
(188, 'marcio.waked@terra.com.br', 427),
(189, '', 1068),
(193, 'adm@castroprojetos.com.br', 776),
(194, 'adm@castroprojetos.com.br', 777),
(195, 'fabiola.porfirio@next.org.br', 515),
(196, 'Jorge.almeida@next.org.br', 515),
(197, '', 1070),
(198, 'meiremonteiro@damroupas.com.br', 851),
(199, 'chainy@damroupas.com.br', 851),
(200, 's.cherpak@uol.com.br', 434),
(206, '', 1049),
(207, '', 981),
(210, '', 913),
(212, 'FINANCEIRO@CONSTRUSEL.COM.BR', 611),
(213, 'carloseduardo@construsel.com.br', 611),
(214, 'paulocesar@construsel.com.br', 611),
(216, 'tatianepradotlp@gmail.com', 782),
(218, 'carloseduardo@construsel.com.br', 903),
(219, 'paulocesar@construsel.com.br', 903),
(220, 'gabriella.perazzo@lsra.adv.br', 965),
(221, 'gleice.medeiros@lsra.adv.br', 965),
(222, 'rafaela.marques@lsra.adv.br', 965),
(223, 'robson@iadmpe.com', 877),
(225, 'simonecamara@ageconsulting.com.br', 1056),
(226, 'dam.faturamento@damroupas.com.br', 850),
(227, 'meiremonteiro@damroupas.com.br', 850),
(229, 'laf@datavolus.com.br', 440),
(230, 'carolreis73@hotmail.com', 648),
(231, 'luizvieiraf@gmail.com', 786),
(232, '', 813),
(233, 'domingos@neurotech.com.br', 889),
(235, 'gustavo.drummond@uol.com.br', 805),
(236, 'bete.cs@icloud.com', 493),
(237, 'bete.cs@gmail.com', 493),
(238, 'auriepaminondas@gmail.com', 493),
(239, 'cledsonfrancisco@hotmail.com', 493),
(240, 'auriepaminondas@hotmail.com', 493),
(241, '', 659),
(242, '', 904),
(244, 'adm2@vicofarma.com.br', 995),
(245, 'adm@castroprojetos.com.br', 775),
(246, '', 1024),
(249, 'gdr@gdradministracao.com.br', 674),
(253, 'caugondim@hotmail.com', 460),
(256, 'hisbello@rfonte.com.br', 954),
(257, 'sueli.as@rfonte.com.br', 954),
(258, 'marizafonte@gmail.com', 954),
(259, 'ahgalvao@hotmail.com', 969),
(261, 'arthurmribeiro@gmail.com', 908),
(263, 'pablorcrodrigues@hotmail.com', 723),
(264, 'mariajsantos006@yahoo.com.br', 723),
(265, 'silviacrodrigues@hotmail.com', 723),
(266, 'pr.rubensrodrigues@hotmail.com', 723),
(267, '', 997),
(268, 'rlima@informa.com.br', 465),
(269, 'admin@informa.com.br', 465),
(270, 'amoutinho@informa.com.br', 465),
(271, 'mcosta@informa.com.br', 465),
(272, '', 1058),
(275, 'pedroluiz@urbana-pe.com.br', 468),
(276, 'agfbairrodoarruda@hotmail.com', 1069),
(277, 'jricardofigueiras@gmail.com', 814),
(278, 'gustavo.drummond@uol.com.br', 814),
(279, 'flavio@produtiva.srv.br', 469),
(280, 'ce.mota@hotmail.com', 469),
(285, 'inesemiranda@hotmail.com', 1082),
(286, '', 1004),
(287, 'palomalopesjrdm@gmail.com', 922),
(288, 'palomalopesjrdm@gmail.com', 881),
(289, 'palomalopesjrdm@gmail.com', 998),
(290, 'palomalopesjrdm@gmail.com', 925),
(291, 'palomalopesjrdm@gmail.com', 929),
(296, 'glauciagomes.odontocape@gmail.com', 1080),
(298, 'kleberjosejunior@gmail.com', 848),
(299, 'supervisao.odontocapederby@gmail.com', 819),
(300, 'contasapagar.odontocapederby@gmail.com', 819),
(305, 'contasapagar.odontocapederby@gmail.com', 934),
(306, 'supervisao.odontocapederby@gmail.com', 934),
(307, '', 649),
(309, 'supervisao.odontocapederby@gmail.com', 820),
(310, 'contasapagar.odontocapederby@gmail.com', 820),
(311, 'glauciagomes.odontocape@gmail.com', 820),
(312, 'andreabarbosa.odontocape@hotmail.com', 820),
(313, 'rafaela.marques@lsra.adv.br', 535),
(314, 'gabriella.perazzo@lsra.adv.br', 535),
(315, 'gleice.medeiros@lsra.adv.br', 535),
(316, 'adm@litoraladministracao.com.br', 829),
(317, '', 1090),
(318, 'osvaldo@betelseguranca.com.br', 860),
(320, 'tatianepradotlp@gmail.com', 795),
(322, '', 473),
(323, 'joaoguilherme@ageconsulting.com.br', 838),
(326, 'financeiro@mvms.adv.br', 967),
(327, 'contato@mvms.adv.br', 967),
(328, '', 1052),
(329, 'juliana.parla@hotmail.com', 828),
(330, 'marcelo.silva@parlapizza.com.br', 828),
(331, 'anahasilva@uol.com.br', 828),
(332, 'anahasilva@uol.com.br', 480),
(333, 'marcelo.silva@parlapizza.com.br', 480),
(334, 'juliana.parla@hotmail.com', 480),
(335, 'alcides@midiavox.com.br', 482),
(336, 'gustavo.drummond@uol.com.br', 484),
(338, 'securitycenter@hotmail.com', 823),
(339, 'manfriedjr@hotmail.com', 823),
(340, 'macieladry@hotmail.com', 823),
(341, '', 673),
(343, 'osvaldo@betelseguranca.com.br', 861),
(346, 'luiz.g@pharmeng.com', 1093),
(347, 'andreabarbosa.odontocape@hotmail.com', 916),
(348, 'andreabarbosa.odontocape@hotmail.com', 818),
(349, 'andreabarbosa.odontocape@hotmail.com', 825),
(351, '', 931),
(352, '', 1118),
(353, 'anahasilva@uol.com.br', 631),
(354, 'marcelo.silva@parlapizza.com.br', 631),
(355, 'juliana.parla@hotmail.com', 631),
(356, 'juliana.parla@hotmail.com', 638),
(357, 'marcelo.silva@parlapizza.com.br', 638),
(358, 'anahasilva@uol.com.br', 638),
(359, 'financeiro@labpas.com.br', 863),
(360, 'rosimary.terezinha@hotmail.com', 863),
(361, 'danielatakano65@gmail.com', 863),
(362, 'jralima.pe@gmail.com', 863),
(363, 'financeiro@labpas.com.br', 919),
(364, 'rosimary.terezinha@hotmail.com', 919),
(365, 'danielatakano65@gmail.com', 919),
(366, 'jralima.pe@gmail.com', 919),
(367, 'jralima.pe@gmail.com', 920),
(368, 'danielatakano65@gmail.com', 920),
(369, 'rosimary.terezinha@hotmail.com', 920),
(370, 'financeiro@labpas.com.br', 920),
(371, 'financeiro@labpas.com.br', 1067),
(372, 'rosimary.terezinha@hotmail.com', 1067),
(373, 'danielatakano65@gmail.com', 1067),
(374, 'jralima.pe@gmail.com', 1067),
(375, 'Joaquim@pecafrio.com.br', 809),
(378, 'adm2@unicespacodemetas.com.br', 876),
(379, 'paulasbarreto@gmail.com', 876),
(380, 'adm@unicespacodemetas.com.br', 807),
(381, 'paulasbarreto@gmail.com', 807),
(382, 'admbv@unicespacodemetas.com.br', 807),
(383, 'anavaleria@produtiva.srv.br', 495),
(384, 'financeiro@produtiva.srv.br', 495),
(385, 'thais@qualificasaude.com.br', 1032),
(387, 'amitis@uol.com.br', 497),
(389, 'lucineidemnv@gmail.com', 519),
(392, 'rozemberg@rbempresarial.com.br', 499),
(395, 'lucineidemnv@gmail.com', 1035),
(398, 'lucineidemnv@gmail.com', 1033),
(399, 'lucineidemnv@gmail.com', 1034),
(402, '', 797),
(405, '', 1011),
(407, '', 956),
(408, 'apvsbarreto@yahoo.com.br', 974),
(409, 'adm@orttasaladeria.com.br', 948);



INSERT INTO `TBEMPRESA_OBRIGACOES` (`CODIGOEMPRESA`, `CODIGOOBRIGACAO`, `DIALIMITEENVIO`, `MESESPARAENTREGA`, `DVG`, `DVL`, `IDDUA`, `DUA`) VALUES
(4, 7, 32, 2, '2012-04-20', NULL, 1, '2012-04-20'),
(4, 17, 32, 2, '2012-04-20', NULL, 1, '2012-04-20'),
(4, 15, 32, 2, '2012-04-20', NULL, 1, '2012-04-20'),
(4, 8, 32, 2, '2012-04-20', NULL, 1, '2012-04-20'),
(4, 16, 32, 2, '2012-04-20', NULL, 1, '2012-04-20'),
(409, 1, 32, 2, '2012-04-20', NULL, 1, '2012-04-20'),
(409, 17, 15, 2, '2012-04-20', NULL, 1, '2013-03-12'),
(409, 3, 32, 2, '2012-04-20', NULL, 1, '2012-04-20'),
(409, 15, 32, 2, '2012-04-20', NULL, 1, '2012-04-20'),
(409, 8, 32, 2, '2012-04-20', NULL, 1, '2012-04-20'),
(409, 16, 32, 2, '2012-04-20', NULL, 1, '2012-04-20'),
(409, 9, 32, 2, '2012-04-20', NULL, 1, '2012-04-20'),
(409, 4, 32, 2, '2012-04-20', NULL, 1, '2012-04-20'),
(409, 2, 32, 2, '2012-04-20', NULL, 1, '2012-04-20'),
(410, 1, 32, 2, '2012-04-20', NULL, 1, '2012-04-20'),
(410, 17, 32, 2, '2012-04-20', NULL, 1, '2012-04-20'),
(410, 3, 32, 2, '2012-04-20', NULL, 1, '2012-04-20'),
(410, 15, 32, 2, '2012-04-20', NULL, 1, '2012-04-20'),
(410, 8, 32, 2, '2012-04-20', NULL, 1, '2012-04-20'),
(410, 16, 32, 2, '2012-04-20', NULL, 1, '2012-04-20'),
(410, 9, 32, 2, '2012-04-20', NULL, 1, '2012-04-20'),
(410, 4, 32, 2, '2012-04-20', NULL, 1, '2012-04-20'),
(410, 2, 32, 2, '2012-04-20', NULL, 1, '2012-04-20'),
(411, 7, 32, 2, '2012-04-20', NULL, 1, '2012-04-20'),
(411, 17, 32, 2, '2012-04-20', NULL, 1, '2012-04-20'),
(411, 15, 32, 2, '2012-04-20', NULL, 1, '2012-04-20'),
(411, 8, 32, 2, '2012-04-20', NULL, 1, '2012-04-20'),
(411, 16, 32, 2, '2012-04-20', NULL, 1, '2012-04-20'),
(412, 1, 32, 2, '2012-04-20', NULL, 1, '2012-04-20'),
(412, 17, 32, 2, '2012-04-20', NULL, 1, '2012-04-20'),
(412, 5, 32, 2, '2012-04-20', NULL, 1, '2012-04-20'),
(412, 3, 32, 2, '2012-04-20', NULL, 1, '2012-04-20'),
(412, 15, 32, 2, '2012-04-20', NULL, 1, '2012-04-20'),
(412, 8, 32, 2, '2012-04-20', NULL, 1, '2012-04-20'),
(412, 16, 32, 2, '2012-04-20', NULL, 1, '2012-04-20'),
(412, 9, 32, 2, '2012-04-20', NULL, 1, '2012-04-20'),
(412, 4, 32, 2, '2012-04-20', NULL, 1, '2012-04-20'),
(412, 2, 32, 2, '2012-04-20', NULL, 1, '2012-04-20'),
(413, 1, 32, 2, '2012-04-20', NULL, 1, '2012-04-20'),
(413, 17, 32, 2, '2012-04-20', NULL, 1, '2012-04-20'),
(413, 3, 32, 2, '2012-04-20', NULL, 1, '2012-04-20'),
(413, 15, 32, 2, '2012-04-20', NULL, 1, '2012-04-20'),
(413, 8, 32, 2, '2012-04-20', NULL, 1, '2012-04-20'),
(413, 16, 32, 2, '2012-04-20', NULL, 1, '2012-04-20'),
(413, 9, 32, 2, '2012-04-20', NULL, 1, '2012-04-20'),
(413, 4, 32, 2, '2012-04-20', NULL, 1, '2012-04-20'),
(413, 2, 32, 2, '2012-04-20', NULL, 1, '2012-04-20'),
(414, 1, 32, 2, '2012-04-20', NULL, 1, '2012-04-20'),
(414, 17, 32, 2, '2012-04-20', NULL, 1, '2012-04-20'),
(414, 3, 32, 2, '2012-04-20', NULL, 1, '2012-04-20'),
(414, 15, 32, 2, '2012-04-20', NULL, 1, '2012-04-20'),
(414, 8, 32, 2, '2012-04-20', NULL, 1, '2012-04-20'),
(414, 16, 32, 2, '2012-04-20', NULL, 1, '2012-04-20'),
(414, 9, 32, 2, '2012-04-20', NULL, 1, '2012-04-20'),
(414, 4, 32, 2, '2012-04-20', NULL, 1, '2012-04-20'),
(414, 2, 32, 2, '2012-04-20', NULL, 1, '2012-04-20'),
(415, 1, 32, 2, '2012-04-20', NULL, 1, '2012-04-20'),
(415, 17, 32, 2, '2012-04-20', NULL, 1, '2012-04-20'),
(415, 3, 32, 2, '2012-04-20', NULL, 1, '2012-04-20'),
(415, 15, 32, 2, '2012-04-20', NULL, 1, '2012-04-20'),
(415, 8, 32, 2, '2012-04-20', NULL, 1, '2012-04-20'),
(415, 16, 32, 2, '2012-04-20', NULL, 1, '2012-04-20'),
(415, 9, 32, 2, '2012-04-20', NULL, 1, '2012-04-20'),
(415, 4, 32, 2, '2012-04-20', NULL, 1, '2012-04-20'),
(415, 2, 32, 2, '2012-04-20', NULL, 1, '2012-04-20'),
(416, 1, 32, 2, '2012-04-20', NULL, 1, '2012-04-20'),
(416, 17, 32, 2, '2012-04-20', NULL, 1, '2012-04-20'),
(416, 3, 32, 2, '2012-04-20', NULL, 1, '2012-04-20'),
(416, 15, 32, 2, '2012-04-20', NULL, 1, '2012-04-20'),
(416, 8, 32, 2, '2012-04-20', NULL, 1, '2012-04-20'),
(416, 16, 32, 2, '2012-04-20', NULL, 1, '2012-04-20'),
(416, 9, 32, 2, '2012-04-20', NULL, 1, '2012-04-20'),
(416, 4, 32, 2, '2012-04-20', NULL, 1, '2012-04-20'),
(416, 2, 32, 2, '2012-04-20', NULL, 1, '2012-04-20'),
(417, 1, 32, 2, '2012-04-20', NULL, 1, '2012-04-20'),
(417, 17, 32, 2, '2012-04-20', NULL, 1, '2012-04-20'),
(417, 5, 32, 2, '2012-04-20', NULL, 1, '2012-04-20'),
(417, 3, 32, 2, '2012-04-20', NULL, 1, '2012-04-20'),
(417, 15, 32, 2, '2012-04-20', NULL, 1, '2012-04-20'),
(417, 8, 32, 2, '2012-04-20', NULL, 1, '2012-04-20'),
(417, 16, 32, 2, '2012-04-20', NULL, 1, '2012-04-20'),
(417, 9, 32, 2, '2012-04-20', NULL, 1, '2012-04-20'),
(417, 4, 32, 2, '2012-04-20', NULL, 1, '2012-04-20'),
(417, 2, 32, 2, '2012-04-20', NULL, 1, '2012-04-20'),
(418, 1, 32, 2, '2012-04-20', NULL, 1, '2012-04-20'),
(418, 17, 32, 2, '2012-04-20', NULL, 1, '2012-04-20'),
(418, 3, 32, 2, '2012-04-20', NULL, 1, '2012-04-20'),
(418, 15, 32, 2, '2012-04-20', NULL, 1, '2012-04-20'),
(418, 8, 32, 2, '2012-04-20', NULL, 1, '2012-04-20'),
(418, 16, 32, 2, '2012-04-20', NULL, 1, '2012-04-20'),
(418, 9, 32, 2, '2012-04-20', NULL, 1, '2012-04-20'),
(418, 4, 32, 2, '2012-04-20', NULL, 1, '2012-04-20'),
(418, 2, 32, 2, '2012-04-20', NULL, 1, '2012-04-20'),
(420, 7, 32, 2, '2012-04-20', NULL, 1, '2012-04-20'),
(420, 17, 32, 2, '2012-04-20', NULL, 1, '2012-04-20'),
(420, 15, 32, 2, '2012-04-20', NULL, 1, '2012-04-20'),
(420, 8, 32, 2, '2012-04-20', NULL, 1, '2012-04-20'),
(420, 16, 32, 2, '2012-04-20', NULL, 1, '2012-04-20'),
(421, 1, 32, 2, '2012-04-20', NULL, 1, '2012-04-20'),
(421, 17, 32, 2, '2012-04-20', NULL, 1, '2012-04-20'),
(421, 3, 32, 2, '2012-04-20', NULL, 1, '2012-04-20'),
(421, 15, 32, 2, '2012-04-20', NULL, 1, '2012-04-20'),
(421, 8, 32, 2, '2012-04-20', NULL, 1, '2012-04-20'),
(421, 16, 32, 2, '2012-04-20', NULL, 1, '2012-04-20'),
(421, 9, 32, 2, '2012-04-20', NULL, 1, '2012-04-20'),
(421, 4, 32, 2, '2012-04-20', NULL, 1, '2012-04-20'),
(421, 2, 32, 2, '2012-04-20', NULL, 1, '2012-04-20'),
(422, 1, 32, 2, '2012-04-20', NULL, 1, '2012-04-20'),
(422, 17, 32, 2, '2012-04-20', NULL, 1, '2012-04-20'),
(422, 3, 32, 2, '2012-04-20', NULL, 1, '2012-04-20'),
(422, 15, 32, 2, '2012-04-20', NULL, 1, '2012-04-20'),
(422, 8, 32, 2, '2012-04-20', NULL, 1, '2012-04-20'),
(422, 16, 32, 2, '2012-04-20', NULL, 1, '2012-04-20'),
(422, 9, 32, 2, '2012-04-20', NULL, 1, '2012-04-20'),
(422, 4, 32, 2, '2012-04-20', NULL, 1, '2012-04-20'),
(422, 2, 32, 2, '2012-04-20', NULL, 1, '2012-04-20'),
(423, 1, 32, 2, '2012-04-20', NULL, 1, '2012-04-20'),
(423, 17, 32, 2, '2012-04-20', NULL, 1, '2012-04-20'),
(423, 3, 32, 2, '2012-04-20', NULL, 1, '2012-04-20'),
(423, 15, 32, 2, '2012-04-20', NULL, 1, '2012-04-20'),
(423, 8, 32, 2, '2012-04-20', NULL, 1, '2012-04-20'),
(423, 16, 32, 2, '2012-04-20', NULL, 1, '2012-04-20'),
(423, 9, 32, 2, '2012-04-20', NULL, 1, '2012-04-20'),
(423, 4, 32, 2, '2012-04-20', NULL, 1, '2012-04-20'),
(423, 2, 32, 2, '2012-04-20', NULL, 1, '2012-04-20'),
(425, 7, 32, 2, '2012-04-20', NULL, 1, '2012-04-20'),
(425, 17, 32, 2, '2012-04-20', NULL, 1, '2012-04-20'),
(425, 15, 32, 2, '2012-04-20', NULL, 1, '2012-04-20'),
(425, 8, 32, 2, '2012-04-20', NULL, 1, '2012-04-20'),
(425, 16, 32, 2, '2012-04-20', NULL, 1, '2012-04-20'),
(426, 1, 32, 2, '2012-04-20', NULL, 1, '2012-04-20'),
(426, 17, 32, 2, '2012-04-20', NULL, 1, '2012-04-20'),
(426, 3, 32, 2, '2012-04-20', NULL, 1, '2012-04-20'),
(426, 15, 32, 2, '2012-04-20', NULL, 1, '2012-04-20'),
(426, 8, 32, 2, '2012-04-20', NULL, 1, '2012-04-20'),
(426, 9, 32, 2, '2012-04-20', NULL, 1, '2012-04-20'),
(426, 4, 32, 2, '2012-04-20', NULL, 1, '2012-04-20'),
(426, 2, 32, 2, '2012-04-20', NULL, 1, '2012-04-20'),
(427, 1, 32, 2, '2012-04-20', NULL, 1, '2012-04-20'),
(427, 17, 32, 2, '2012-04-20', NULL, 1, '2012-04-20'),
(427, 5, 32, 2, '2012-04-20', NULL, 1, '2012-04-20'),
(427, 3, 32, 2, '2012-04-20', NULL, 1, '2012-04-20'),
(427, 15, 32, 2, '2012-04-20', NULL, 1, '2012-04-20'),
(427, 8, 32, 2, '2012-04-20', NULL, 1, '2012-04-20'),
(427, 16, 32, 2, '2012-04-20', NULL, 1, '2012-04-20'),
(427, 9, 32, 2, '2012-04-20', NULL, 1, '2012-04-20'),
(427, 4, 32, 2, '2012-04-20', NULL, 1, '2012-04-20'),
(427, 2, 32, 2, '2012-04-20', NULL, 1, '2012-04-20'),
(428, 1, 32, 2, '2012-04-20', NULL, 1, '2012-04-20'),
(428, 17, 32, 2, '2012-04-20', NULL, 1, '2012-04-20'),
(428, 5, 32, 2, '2012-04-20', NULL, 1, '2012-04-20'),
(428, 3, 32, 2, '2012-04-20', NULL, 1, '2012-04-20'),
(428, 15, 32, 2, '2012-04-20', NULL, 1, '2012-04-20'),
(428, 8, 32, 2, '2012-04-20', NULL, 1, '2012-04-20'),
(428, 16, 32, 2, '2012-04-20', NULL, 1, '2012-04-20'),
(428, 9, 32, 2, '2012-04-20', NULL, 1, '2012-04-20'),
(428, 4, 32, 2, '2012-04-20', NULL, 1, '2012-04-20'),
(428, 2, 32, 2, '2012-04-20', NULL, 1, '2012-04-20'),
(429, 1, 32, 2, '2012-04-20', NULL, 1, '2012-04-20'),
(429, 17, 32, 2, '2012-04-20', NULL, 1, '2012-04-20'),
(429, 3, 32, 2, '2012-04-20', NULL, 1, '2012-04-20'),
(429, 15, 32, 2, '2012-04-20', NULL, 1, '2012-04-20'),
(429, 8, 32, 2, '2012-04-20', NULL, 1, '2012-04-20'),
(429, 16, 32, 2, '2012-04-20', NULL, 1, '2012-04-20'),
(429, 9, 32, 2, '2012-04-20', NULL, 1, '2012-04-20'),
(429, 4, 32, 2, '2012-04-20', NULL, 1, '2012-04-20'),
(429, 2, 32, 2, '2012-04-20', NULL, 1, '2012-04-20'),
(431, 1, 32, 2, '2012-04-20', NULL, 1, '2012-04-20'),
(431, 17, 32, 2, '2012-04-20', NULL, 1, '2012-04-20'),
(431, 3, 32, 2, '2012-04-20', NULL, 1, '2012-04-20'),
(431, 15, 32, 2, '2012-04-20', NULL, 1, '2012-04-20'),
(431, 8, 32, 2, '2012-04-20', NULL, 1, '2012-04-20'),
(431, 16, 32, 2, '2012-04-20', NULL, 1, '2012-04-20'),
(431, 9, 32, 2, '2012-04-20', NULL, 1, '2012-04-20'),
(806, 24, 20, 2, '2013-10-30', NULL, 856, '2013-10-30'),
(807, 24, 20, 2, '2013-10-30', NULL, 856, '2013-10-30'),
(809, 24, 20, 2, '2013-10-30', NULL, 856, '2013-10-30'),
(810, 24, 20, 2, '2013-10-30', NULL, 856, '2013-10-30'),
(812, 24, 20, 2, '2013-10-30', NULL, 856, '2013-10-30'),
(813, 24, 20, 2, '2013-10-30', NULL, 856, '2013-10-30'),
(816, 24, 20, 2, '2013-10-30', NULL, 856, '2013-10-30'),
(817, 24, 20, 2, '2013-10-30', NULL, 856, '2013-10-30');



INSERT INTO `TBESFERAOBRIGACAO` (`CODIGOESFERAOBRIGACAO`, `DESCRICAOESFERAOBRIGACAO`) VALUES
(1, 'FEDERAL                       '),
(2, 'ESTADUAL                      '),
(3, 'MUNICIPAL                     '),
(4, 'CLIENTE                       ');


INSERT INTO `TBFORNEC` (`empresa`, `CodigoFornecedor`, `RazaoSocial`, `FisicaouJuridica`, `CNPJouCPF`, `endereco`, `bairro`, `cidade`, `uf`, `cep`, `codigobanco`, `agencia`, `digitoag`, `contacorrente`, `digitoconta`, `CodigoCCusto`, `CodigoConta`) VALUES
(566, 1, 'SERGIO COSTA', 'F', '65952235468', NULL, NULL, NULL, NULL, NULL, NULL, NULL, NULL, NULL, NULL, '1.1', 81),
(566, 2, 'LUCIANO CHERPAK', 'F', '58888616420', NULL, NULL, NULL, NULL, NULL, NULL, NULL, NULL, NULL, NULL, '1.1', 82),
(566, 3, 'RECEITA FEDERAL', 'J', NULL, NULL, NULL, NULL, NULL, NULL, NULL, NULL, NULL, NULL, NULL, '1.2', NULL),
(566, 4, 'RECEITA ESTADUAL', 'J', NULL, NULL, NULL, NULL, NULL, NULL, NULL, NULL, NULL, NULL, NULL, '1.2', NULL),
(566, 5, 'RECEITA MUNICIPAL', 'J', NULL, NULL, NULL, NULL, NULL, NULL, NULL, NULL, NULL, NULL, NULL, '1.2', NULL),
(566, 6, 'GIL VENTURA', 'F', NULL, NULL, NULL, NULL, NULL, NULL, NULL, NULL, NULL, NULL, NULL, '1.2', 41),
(566, 7, 'TIM', 'J', NULL, NULL, NULL, NULL, NULL, NULL, NULL, NULL, NULL, NULL, NULL, '1.3', NULL),
(566, 8, 'MASTERMAQ', 'J', '41858275000148', NULL, NULL, NULL, NULL, NULL, NULL, NULL, NULL, NULL, NULL, '2.5', 308),
(566, 9, 'ATS CONSULTORIA EMPRESARIAL', 'J', '03516433000192', NULL, NULL, NULL, NULL, NULL, NULL, NULL, NULL, NULL, NULL, NULL, NULL),
(566, 10, 'INTERMEDICA SISTEMA DE SAUDE', 'J', '44649812010877', NULL, NULL, NULL, NULL, NULL, NULL, NULL, NULL, NULL, NULL, NULL, 46),
(566, 11, 'EMBRATEL', 'J', '33530486000129', NULL, NULL, NULL, NULL, NULL, NULL, NULL, NULL, NULL, NULL, '1.3', 305),
(566, 12, 'TELEMAR', 'J', '33000118000179', NULL, NULL, NULL, NULL, NULL, NULL, NULL, NULL, NULL, NULL, '1.3', 305),
(566, 13, 'PEDRO PEIXOTO', 'F', NULL, NULL, NULL, NULL, NULL, NULL, NULL, NULL, NULL, NULL, NULL, '1.4', 54),
(566, 14, 'ORION SOLUCOES EM TECNOLOGIA LTDA', 'J', '05165454000136', NULL, NULL, NULL, NULL, NULL, NULL, NULL, NULL, NULL, NULL, '2.5', NULL),
(566, 15, 'TELETAXI - NB CAVALCANTI', 'J', '36397488000117', NULL, NULL, NULL, NULL, NULL, NULL, NULL, NULL, NULL, NULL, '1.2', 315),
(566, 16, 'CLARO S/A', 'J', '4043254401090', NULL, NULL, NULL, NULL, NULL, NULL, NULL, NULL, NULL, NULL, '1.3', 305),
(566, 17, 'ALBERTO CHERPAK', 'F', NULL, NULL, NULL, NULL, NULL, NULL, NULL, NULL, NULL, NULL, NULL, '1.3', 71),
(566, 18, 'GCINET SERVICOS DE INFORMATICAS', 'J', NULL, NULL, NULL, NULL, NULL, NULL, NULL, NULL, NULL, NULL, NULL, '2.5', 308),
(566, 19, 'SINDICATO EMP SERVICOS CONT AS', 'J', '41227034000109', NULL, NULL, NULL, NULL, NULL, NULL, NULL, NULL, NULL, NULL, '1.2', 306),
(566, 20, 'SINTAPPI-PE', 'J', NULL, NULL, NULL, NULL, NULL, NULL, NULL, NULL, NULL, NULL, NULL, '1.2', 306),
(566, 21, 'ALEXANDRE', 'F', NULL, NULL, NULL, NULL, NULL, NULL, NULL, NULL, NULL, NULL, NULL, '2.4', 41),
(566, 22, 'ANDRESSA', 'F', NULL, NULL, NULL, NULL, NULL, NULL, NULL, NULL, NULL, NULL, NULL, '2.1', 41),
(566, 23, 'ARMANDO', 'F', NULL, NULL, NULL, NULL, NULL, NULL, NULL, NULL, NULL, NULL, NULL, '2.1', 41),
(566, 24, 'CARMEN VIRGINIA', 'F', NULL, NULL, NULL, NULL, NULL, NULL, NULL, NULL, NULL, NULL, NULL, '2.3', 41),
(566, 25, 'ERIKA', 'F', NULL, NULL, NULL, NULL, NULL, NULL, NULL, NULL, NULL, NULL, NULL, '2.5', 41),
(566, 26, 'IVANETE', 'F', NULL, NULL, NULL, NULL, NULL, NULL, NULL, NULL, NULL, NULL, NULL, '1.2', 41),
(566, 27, 'JOO', 'F', NULL, NULL, NULL, NULL, NULL, NULL, NULL, NULL, NULL, NULL, NULL, '1.2', 41),
(566, 28, 'JOBSON', 'F', NULL, NULL, NULL, NULL, NULL, NULL, NULL, NULL, NULL, NULL, NULL, '2.1', 41),
(566, 29, 'JOSE PESSOA', 'F', NULL, NULL, NULL, NULL, NULL, NULL, NULL, NULL, NULL, NULL, NULL, '2.1', 41),
(566, 30, 'LILIANNE', 'F', NULL, NULL, NULL, NULL, NULL, NULL, NULL, NULL, NULL, NULL, NULL, '2.3', 41),
(566, 31, 'MARIA CAROLINA', 'F', NULL, NULL, NULL, NULL, NULL, NULL, NULL, NULL, NULL, NULL, NULL, '2.1', 41),
(566, 32, 'NATHALIA', 'F', NULL, NULL, NULL, NULL, NULL, NULL, NULL, NULL, NULL, NULL, NULL, '2.2', 41),
(566, 33, 'ROMULO', 'F', NULL, NULL, NULL, NULL, NULL, NULL, NULL, NULL, NULL, NULL, NULL, '2.1', 41),
(566, 34, 'SAULO', 'F', NULL, NULL, NULL, NULL, NULL, NULL, NULL, NULL, NULL, NULL, NULL, '2.1', 41),
(566, 35, 'SERGIO RICARDO', 'F', NULL, NULL, NULL, NULL, NULL, NULL, NULL, NULL, NULL, NULL, NULL, '2.3', 41),
(566, 36, 'SHIRLEY', 'F', NULL, NULL, NULL, NULL, NULL, NULL, NULL, NULL, NULL, NULL, NULL, '2.2', 41),
(566, 37, 'SUZAN', 'F', NULL, NULL, NULL, NULL, NULL, NULL, NULL, NULL, NULL, NULL, NULL, '2.3', 41),
(566, 38, 'VANDERSON', 'F', NULL, NULL, NULL, NULL, NULL, NULL, NULL, NULL, NULL, NULL, NULL, '2.2', 41),
(566, 39, 'WALTER', 'F', NULL, NULL, NULL, NULL, NULL, NULL, NULL, NULL, NULL, NULL, NULL, '2.2', 41),
(566, 40, 'VANELLE', 'F', NULL, NULL, NULL, NULL, NULL, NULL, NULL, NULL, NULL, NULL, NULL, '1.2', 41),
(566, 41, 'POLLYANA', 'F', NULL, NULL, NULL, NULL, NULL, NULL, NULL, NULL, NULL, NULL, NULL, '2.1', 41),
(566, 42, 'EDILEUZA', 'F', NULL, NULL, NULL, NULL, NULL, NULL, NULL, NULL, NULL, NULL, NULL, '2.3', 41),
(566, 43, 'ELIZAMA', 'F', NULL, NULL, NULL, NULL, NULL, NULL, NULL, NULL, NULL, NULL, NULL, '2.1', 41),
(566, 44, 'MARIANA', 'F', NULL, NULL, NULL, NULL, NULL, NULL, NULL, NULL, NULL, NULL, NULL, '2.1', 41),
(566, 45, 'ISAIAS', 'F', NULL, NULL, NULL, NULL, NULL, NULL, NULL, NULL, NULL, NULL, NULL, '2.3', 41),
(566, 46, 'ALBERTO', 'F', NULL, NULL, NULL, NULL, NULL, NULL, NULL, NULL, NULL, NULL, NULL, '2.2', 41),
(566, 47, 'CLECIO', 'F', NULL, NULL, NULL, NULL, NULL, NULL, NULL, NULL, NULL, NULL, NULL, '2.4', 41),
(566, 48, 'EZA', 'F', NULL, NULL, NULL, NULL, NULL, NULL, NULL, NULL, NULL, NULL, NULL, '2.3', 41),
(566, 49, 'KARLA', 'F', NULL, NULL, NULL, NULL, NULL, NULL, NULL, NULL, NULL, NULL, NULL, '1.2', 41),
(566, 50, 'PRYSCILA', 'F', NULL, NULL, NULL, NULL, NULL, NULL, NULL, NULL, NULL, NULL, NULL, '1.2', 41),
(566, 51, 'SOLANGE', 'F', NULL, NULL, NULL, NULL, NULL, NULL, NULL, NULL, NULL, NULL, NULL, '2.3', 41),
(566, 52, 'KAROLINE', 'F', NULL, NULL, NULL, NULL, NULL, NULL, NULL, NULL, NULL, NULL, NULL, '2.1', 41),
(566, 53, 'IKARO', 'F', NULL, NULL, NULL, NULL, NULL, NULL, NULL, NULL, NULL, NULL, NULL, '2.3', 41),
(566, 54, 'WALDSON', 'F', NULL, NULL, NULL, NULL, NULL, NULL, NULL, NULL, NULL, NULL, NULL, '2.3', 41),
(566, 55, 'FABIANA', 'F', NULL, NULL, NULL, NULL, NULL, NULL, NULL, NULL, NULL, NULL, NULL, '1.2', 41),
(566, 56, 'MARIA EVELINA', 'F', NULL, NULL, NULL, NULL, NULL, NULL, NULL, NULL, NULL, NULL, NULL, '2.3', 41),
(566, 57, 'ROBERTO JACINTO', 'F', NULL, NULL, NULL, NULL, NULL, NULL, NULL, NULL, NULL, NULL, NULL, '2.1', 41),
(566, 58, 'HSBC', 'J', NULL, NULL, NULL, NULL, NULL, NULL, NULL, NULL, NULL, NULL, NULL, '1.4', 64),
(566, 59, 'ITAU', 'J', NULL, NULL, NULL, NULL, NULL, NULL, NULL, NULL, NULL, NULL, NULL, '1.4', 64),
(566, 60, 'RONDA VIGILANCIA ELETRONICA', 'J', NULL, NULL, NULL, NULL, NULL, NULL, NULL, NULL, NULL, NULL, NULL, '1.3', 301),
(566, 61, 'COMPESA', 'J', NULL, NULL, NULL, NULL, NULL, NULL, NULL, NULL, NULL, NULL, NULL, '1.3', 303),
(566, 62, 'CELPE', 'J', NULL, NULL, NULL, NULL, NULL, NULL, NULL, NULL, NULL, NULL, NULL, '1.3', 304),
(566, 63, 'AMCHAM', 'J', NULL, NULL, NULL, NULL, NULL, NULL, NULL, NULL, NULL, NULL, NULL, '1.2', 306),
(566, 64, 'BELWEB', 'J', NULL, NULL, NULL, NULL, NULL, NULL, NULL, NULL, NULL, NULL, NULL, '1.2', 309),
(566, 65, 'SS TECNOLOGIA', 'J', NULL, NULL, NULL, NULL, NULL, NULL, NULL, NULL, NULL, NULL, NULL, '2.5', 312),
(566, 66, 'DIVERSOS', 'J', NULL, NULL, NULL, NULL, NULL, NULL, NULL, NULL, NULL, NULL, NULL, NULL, NULL),
(566, 67, 'AGE - RECEITA E TRANSF', 'J', NULL, NULL, NULL, NULL, NULL, NULL, NULL, NULL, NULL, NULL, NULL, NULL, NULL),
(566, 68, 'LILIANNE FILIOLLA', 'F', NULL, NULL, NULL, NULL, NULL, NULL, NULL, NULL, NULL, NULL, NULL, '1.3', 302),
(566, 69, 'SODEXO', 'J', NULL, NULL, NULL, NULL, NULL, NULL, NULL, NULL, NULL, NULL, NULL, '1.2', 45),
(566, 70, 'EMTU - VEM', 'J', NULL, NULL, NULL, NULL, NULL, NULL, NULL, NULL, NULL, NULL, NULL, '1.2', 44),
(566, 71, 'MAXIMA', 'J', NULL, NULL, NULL, NULL, NULL, NULL, NULL, NULL, NULL, NULL, NULL, '1.4', 53),
(566, 72, '100% CONSULTING', 'J', NULL, NULL, NULL, NULL, NULL, NULL, NULL, NULL, NULL, NULL, NULL, '1.4', 53),
(566, 73, 'FLAVIO YAURA', 'F', NULL, NULL, NULL, NULL, NULL, NULL, NULL, NULL, NULL, NULL, NULL, '1.2', 55),
(566, 74, 'RICARDO - VIGIA', 'F', NULL, NULL, NULL, NULL, NULL, NULL, NULL, NULL, NULL, NULL, NULL, '1.3', 55),
(566, 75, 'SILVA - TELEFONIA', 'F', NULL, NULL, NULL, NULL, NULL, NULL, NULL, NULL, NULL, NULL, NULL, '1.2', 55),
(566, 76, 'FISCOSOFTWARE', 'J', NULL, NULL, NULL, NULL, NULL, NULL, NULL, NULL, NULL, NULL, NULL, '2.5', 307),
(566, 77, 'LUCIANA', 'F', NULL, NULL, NULL, NULL, NULL, NULL, NULL, NULL, NULL, NULL, NULL, '2.2', 41),
(566, 78, 'FABIOLA', 'F', NULL, NULL, NULL, NULL, NULL, NULL, NULL, NULL, NULL, NULL, NULL, '2.3', 41);



INSERT INTO `TBFORNECEDOR` (`CODIGOEMPRESA`, `CODIGOFORNECEDOR`, `NOMEFORNECEDOR`, `TIPO`, `CNPJCPF`, `ENDERECO`, `BAIRRO`, `CIDADE`, `UF`, `CEP`, `CODIGOBANCO`, `AGENCIA`, `DIGITOAG`, `CONTACORRENTE`, `DIGITOCONTA`, `CODIGOCCUSTO`, `CODIGOPLANO`) VALUES
(567, 85, 'DANIELA BELTRAO', 'F', NULL, NULL, NULL, NULL, NULL, NULL, NULL, NULL, NULL, NULL, NULL, '1.2', '41'),
(566, 85, 'DANIELA BELTRAO', 'F', NULL, NULL, NULL, NULL, NULL, NULL, NULL, NULL, NULL, NULL, NULL, NULL, NULL),
(567, 86, 'DANIELA CRISTINA', 'F', NULL, NULL, NULL, NULL, NULL, NULL, NULL, NULL, NULL, NULL, NULL, NULL, '41'),
(566, 86, 'DANIELA CRISTINA', 'F', NULL, NULL, NULL, NULL, NULL, NULL, NULL, NULL, NULL, NULL, NULL, NULL, '41'),
(566, 20, 'SINTAPPI-PE', 'J', NULL, NULL, NULL, NULL, NULL, NULL, NULL, NULL, NULL, NULL, NULL, '1.2', '306'),
(566, 19, 'SINDICATO EMP SERVICOS CONT AS', 'J', '41227034000109', NULL, NULL, NULL, NULL, NULL, NULL, NULL, NULL, NULL, NULL, '1.2', '306'),
(566, 18, 'GCINET SERVICOS DE INFORMATICAS', 'J', NULL, NULL, NULL, NULL, NULL, NULL, NULL, NULL, NULL, NULL, NULL, '2.5', '308'),
(566, 17, 'ALBERTO CHERPAK', 'F', NULL, NULL, NULL, NULL, NULL, NULL, NULL, NULL, NULL, NULL, NULL, '1.3', '71'),
(566, 16, 'CLARO - NET', 'J', '4043254401090', NULL, NULL, NULL, NULL, NULL, NULL, NULL, NULL, NULL, NULL, '1.3', '305'),
(566, 15, 'TELETAXI - NB CAVALCANTI', 'J', '36397488000117', NULL, NULL, NULL, NULL, NULL, NULL, NULL, NULL, NULL, NULL, '1.2', '315'),
(566, 14, 'ORION SOLUCOES EM TECNOLOGIA LTDA', 'J', '05165454000136', NULL, NULL, NULL, NULL, NULL, NULL, NULL, NULL, NULL, NULL, '2.5', NULL),
(566, 13, 'PEDRO PEIXOTO', 'F', NULL, NULL, NULL, NULL, NULL, NULL, NULL, NULL, NULL, NULL, NULL, '1.4', '54'),
(566, 12, 'TELEMAR', 'J', '33000118000179', NULL, NULL, NULL, NULL, NULL, NULL, NULL, NULL, NULL, NULL, '1.3', '305'),
(566, 11, 'EMBRATEL', 'J', '33530486000129', NULL, NULL, NULL, NULL, NULL, NULL, NULL, NULL, NULL, NULL, '1.3', '305'),
(566, 10, 'INTERMEDICA SISTEMA DE SAUDE', 'J', '44649812010877', NULL, NULL, NULL, NULL, NULL, NULL, NULL, NULL, NULL, NULL, NULL, '46'),
(566, 9, 'ATS CONSULTORIA EMPRESARIAL', 'J', '03516433000192', NULL, NULL, NULL, NULL, NULL, NULL, NULL, NULL, NULL, NULL, NULL, NULL),
(566, 8, 'MASTERMAQ', 'J', '41858275000148', NULL, NULL, NULL, NULL, NULL, NULL, NULL, NULL, NULL, NULL, '2.5', '308'),
(566, 7, 'TIM', 'J', NULL, NULL, NULL, NULL, NULL, NULL, NULL, NULL, NULL, NULL, NULL, '1.3', NULL),
(566, 6, 'GIL VENTURA', 'F', NULL, NULL, NULL, NULL, NULL, NULL, NULL, NULL, NULL, NULL, NULL, '1.2', '41'),
(566, 5, 'RECEITA MUNICIPAL', 'J', NULL, NULL, NULL, NULL, NULL, NULL, NULL, NULL, NULL, NULL, NULL, '1.2', NULL),
(566, 4, 'RECEITA ESTADUAL', 'J', NULL, NULL, NULL, NULL, NULL, NULL, NULL, NULL, NULL, NULL, NULL, '1.2', NULL),
(566, 3, 'RECEITA FEDERAL', 'J', NULL, NULL, NULL, NULL, NULL, NULL, NULL, NULL, NULL, NULL, NULL, '1.2', NULL),
(566, 2, 'LUCIANO CHERPAK', 'F', '58888616420', NULL, NULL, NULL, NULL, NULL, NULL, NULL, NULL, NULL, NULL, '1.1', '82'),
(566, 1, 'SERGIO COSTA', 'F', '65952235468', NULL, NULL, NULL, NULL, NULL, NULL, NULL, NULL, NULL, NULL, '1.1', '81'),
(567, 78, 'FABIOLA', 'F', NULL, NULL, NULL, NULL, NULL, NULL, NULL, NULL, NULL, NULL, NULL, '2.3', '41'),
(567, 77, 'LUCIANA', 'F', NULL, NULL, NULL, NULL, NULL, NULL, NULL, NULL, NULL, NULL, NULL, '2.2', '41'),
(567, 76, 'FISCOSOFTWARE', 'J', NULL, NULL, NULL, NULL, NULL, NULL, NULL, NULL, NULL, NULL, NULL, '2.5', '307'),
(567, 75, 'SILVA - TELEFONIA', 'F', NULL, NULL, NULL, NULL, NULL, NULL, NULL, NULL, NULL, NULL, NULL, '1.2', '55'),
(567, 74, 'RICARDO - VIGIA', 'F', NULL, NULL, NULL, NULL, NULL, NULL, NULL, NULL, NULL, NULL, NULL, '1.3', '55'),
(567, 73, 'FLAVIO YAURA', 'F', NULL, NULL, NULL, NULL, NULL, NULL, NULL, NULL, NULL, NULL, NULL, '1.2', '55'),
(567, 72, '100% CONSULTING', 'J', NULL, NULL, NULL, NULL, NULL, NULL, NULL, NULL, NULL, NULL, NULL, '1.4', '53'),
(567, 71, 'MAXIMA', 'J', NULL, NULL, NULL, NULL, NULL, NULL, NULL, NULL, NULL, NULL, NULL, '1.4', '53'),
(567, 70, 'EMTU - VEM', 'J', NULL, NULL, NULL, NULL, NULL, NULL, NULL, NULL, NULL, NULL, NULL, '1.2', '44'),
(567, 69, 'SODEXO', 'J', NULL, NULL, NULL, NULL, NULL, NULL, NULL, NULL, NULL, NULL, NULL, '1.2', '45'),
(567, 68, 'LILIANNE FILIOLLA', 'F', NULL, NULL, NULL, NULL, NULL, NULL, NULL, NULL, NULL, NULL, NULL, '1.3', '302'),
(567, 67, 'AGE - RECEITA E TRANSF', 'J', NULL, NULL, NULL, NULL, NULL, NULL, NULL, NULL, NULL, NULL, NULL, NULL, NULL),
(567, 66, 'DIVERSOS', 'J', NULL, NULL, NULL, NULL, NULL, NULL, NULL, NULL, NULL, NULL, NULL, NULL, NULL),
(567, 65, 'SS TECNOLOGIA', 'J', NULL, NULL, NULL, NULL, NULL, NULL, NULL, NULL, NULL, NULL, NULL, '2.5', '312'),
(567, 64, 'BELWEB', 'J', NULL, NULL, NULL, NULL, NULL, NULL, NULL, NULL, NULL, NULL, NULL, '1.2', '309'),
(567, 63, 'AMCHAM', 'J', NULL, NULL, NULL, NULL, NULL, NULL, NULL, NULL, NULL, NULL, NULL, '1.2', '306'),
(567, 62, 'CELPE', 'J', NULL, NULL, NULL, NULL, NULL, NULL, NULL, NULL, NULL, NULL, NULL, '1.3', '304'),
(567, 61, 'COMPESA', 'J', NULL, NULL, NULL, NULL, NULL, NULL, NULL, NULL, NULL, NULL, NULL, '1.3', '303'),
(567, 60, 'RONDA VIGILANCIA ELETRONICA', 'J', NULL, NULL, NULL, NULL, NULL, NULL, NULL, NULL, NULL, NULL, NULL, '1.3', '301'),
(567, 59, 'ITAU', 'J', NULL, NULL, NULL, NULL, NULL, NULL, NULL, NULL, NULL, NULL, NULL, '1.4', '64'),
(567, 58, 'HSBC', 'J', NULL, NULL, NULL, NULL, NULL, NULL, NULL, NULL, NULL, NULL, NULL, '1.4', '64'),
(567, 57, 'ROBERTO JACINTO', 'F', NULL, NULL, NULL, NULL, NULL, NULL, NULL, NULL, NULL, NULL, NULL, '2.1', '41'),
(567, 56, 'MARIA EVELINA', 'F', NULL, NULL, NULL, NULL, NULL, NULL, NULL, NULL, NULL, NULL, NULL, '2.3', '41'),
(567, 55, 'FABIANA', 'F', NULL, NULL, NULL, NULL, NULL, NULL, NULL, NULL, NULL, NULL, NULL, '1.2', '41'),
(566, 87, 'PROHIGIENE', 'J', '99999999999999', 'FALTA CADASTRO', 'FALTA CADASTRO', 'FALTA CADASTRO', 'PE', 50000000, 341, '', '', '', '', '1.2', '314'),
(566, 88, 'AMANDA', 'F', '44444444444444', 'AINDA FALTA CADASTRA', 'AINDA FALTA', 'AINDA FALTA', 'PE', 50000000, 341, '', '', '', '', '2.3', '41'),
(566, 89, 'THAIRLA CARNEIRO', 'F', '88888888888888', 'RUA', 'RUA', 'RECIFE', 'PE', 50000000, 341, '11111', '1', '1111111111', '1', '2.2', '41'),
(566, 90, 'ATS TECNOLOGIA', 'J', '07525409000170', 'RUA LAMBARY', 'SAO JOSE', 'RECIFE', 'PE', 50020160, 341, '', '', '', '', '1.4', '73'),
(566, 91, 'SANTANDER', 'J', '90400888000142', 'AMADOR BUENO', 'SANTO AMARO', 'SAO PAULO', 'SP', 11111111, 356, '', '', '', '', '1.4', '64'),
(566, 92, 'BANCO DO BRASIL', 'J', '98765432112323', 'RUA10', 'BAIRRO', 'CIDADE', 'PE', 56789000, 1, '', '', '', '', '1.4', '64'),
(566, 93, 'MARCELO LEADRO DA SILVA', 'F', '488821', 'RUA', 'BAIRRO', 'CIDADE', 'PE', 52061080, 341, '11111', '1', '111111', '1', '1.2', '41'),
(566, 94, 'GIGAMUNDO INFORMATICA', 'J', '11849206000107', 'AV BEBERIBE', 'ENCRUZILHADA', 'RECIFE', 'PE', 52061080, 341, '9999999', '9', '99999999', '9', '1.2', '314'),
(566, 95, 'THAMIRIS ', 'F', '77777777777777', 'RUA', 'BAIRRO', 'RECIFE', 'PE', 50000000, 341, '99999999', '9', '99999999', '9', '2.1', '41'),
(566, 97, 'LUCIANO LEAO', 'F', '22222222222222', 'RUA', 'BAIRRO', 'RECIFE', 'PE', 50000000, 341, '9999999999', '9', '999999999', '9', '1.2', '41'),
(566, 98, 'MONICA CABRAL', 'F', '55555555555555', 'RUA', 'BAIRRO', 'RECIFE', 'PE', 50000000, 341, '9999999', '9', '999999', '9', '1.2', '41'),
(566, 99, 'JAQUELINE', 'F', '11111111111111', 'RRRR', 'RRRR', 'RECIFE', 'PE', 50000000, 341, '1247', '5', '5555555', '5', '2.3', '41'),
(566, 100, 'CARLOS SOUSA', 'F', '47317850497', 'RUA', 'BAIRRO', 'RECIFE', 'PE', 50000000, 341, '', '', '', '', '2.3', '41'),
(566, 101, 'ALEXANDRE DIAS', 'F', '898788999', 'RUA', 'BAIRRO', 'RECIFE', 'PE', 5000000, 341, NULL, NULL, NULL, NULL, '2.1', '41'),
(566, 109, 'EVANDRO LIMA', 'F', '8877665544', 'RUA', 'BAIRRO', 'RECIFE', 'PE', NULL, NULL, NULL, NULL, NULL, NULL, '2.3', '41'),
(566, 103, 'JOSE NILSON', 'F', '7778888777', 'RUA', 'BAIRRO', 'RECIFE', 'PE', 50000000, NULL, NULL, NULL, NULL, NULL, '2.2', '41'),
(566, 110, 'DENISE NASCIMENTO', 'F', '8877665544', 'RUA', 'BAIRRO', 'RECIFE', 'PE', NULL, NULL, NULL, NULL, NULL, NULL, '2.3', '41'),
(566, 112, 'WILSON LIMA', 'F', '9999999999', 'RUA', NULL, NULL, NULL, NULL, NULL, NULL, NULL, NULL, NULL, NULL, NULL),
(566, 113, 'ALESSANDRA SILVA', 'F', NULL, NULL, NULL, NULL, NULL, NULL, NULL, NULL, NULL, NULL, NULL, '2.3', '41'),
(566, 114, 'ARTHUR', 'F', NULL, NULL, NULL, NULL, NULL, NULL, NULL, NULL, NULL, NULL, NULL, '2.2', '41'),
(566, 115, 'HAPVIDA', 'J', '04288864000101', 'RUA DR. MANOEL DE ALMEIDA', 'BAIRRO NOVO', 'OLINDA', 'PE', 53030030, 341, '1111111111', '1', '1111111111', '1', '1.2', '46'),
(566, 119, 'LUCIANA DAMASCENA', 'F', '99999999999999', 'RUA', 'BAIRRO', 'RECIFE', 'PE', 50000000, 341, '9999999999', '9', '9999999999', '9', '2.5', '55'),
(566, 122, 'LEANDRO SILVA', 'F', '04785297409', 'RUA', 'BAIRRO', 'RECIFE', 'PE', 50000000, 341, '3108', '1', '2222222222', '2', '2.3', '41'),
(566, 125, 'PATRICIA NUNES', 'F', '9999999999', 'RUA', 'BAIRRO', 'CIDADE', 'PE', 50000000, 341, '32323232', '2', '2222222', '2', '2.2', '41'),
(566, 126, 'JOSE LUIZ DA ROCHA', 'F', '99999999999999', 'RUA', 'BAIRRO', 'RECIFE', 'PE', 50000000, 341, '222222', '2', '2222222222', '2', '2.3', '41'),
(566, 127, 'PATRICIA OLIVEIRA', 'F', '99999999999999', 'RUA', 'BAIRRO', 'CIDADE', 'PE', 50000000, 341, '99929292', '9', '99999', '9', '1.2', '41'),
(566, 96, 'ANA CAROLINA', 'F', '66666666666666', 'RUA', 'BAIRRO', 'CIDADE', 'PE', 50000000, 341, '111111111', '1', '11111111', '1', '1.2', '41'),
(566, 106, 'ROSA ', 'F', '87878787878', 'RUA', 'BAIRRO', 'RECIFE', 'PE', 50000000, 341, '', '', '', '', '2.5', '41'),
(566, 107, 'HILTON', 'F', '767676767', 'RUA', 'BAIRRO', 'RECIFE', 'PE', NULL, NULL, NULL, NULL, NULL, NULL, '2.3', '41'),
(566, 121, 'RAQUEL VERAS', 'F', '05898585486', 'RUA', 'BAIRRRO', 'RECIFE', 'PE', 50000000, 341, '3108', '1', '2222222222', '2', '2.1', '41'),
(566, 128, 'FRANCISCA PATRIOTA', 'F', '65290127453', 'RUA', 'BAIRRO', 'RECIFE', 'PE', 50000000, 341, '3108', '1', '2222222222', '2', '2.2', '41'),
(566, 129, 'ARTHUR CORDEIRO', 'F', '10196070414', 'RUA', 'BAIRRO', 'RECIFE', 'PE', 50000000, 341, '3108', '1', '2222222222', '2', '2.1', '41'),
(566, 130, 'LM CARTUCHOS - LUCAS', 'J', '13104581100053', 'RUA', 'BAIRRO', 'RECIFE', 'PE', 50000000, 341, '333333', '3', '3333333', '3', '1.2', '314'),
(566, 131, 'MARIA EMILIA BARROS', 'F', '49104640420', 'RUA', 'BAIRRO', 'RECIFE', 'PE', 50000000, 341, '11111', '1', '1111111', '1', '2.2', '41'),
(566, 136, 'ELAINE DE OLIVEIRA SILVA', 'F', '03454242479', 'RUA', 'BAIRRO', 'RECIFE', 'PE', 50000000, 341, '8888888', '8', '8888888888', '8', '2.3', '41'),
(566, 135, 'MONICA GRIMALDI', 'F', '66666666666', 'RUA', 'BAIRRO', 'RECIFE', 'PE', 500000, 341, '11111', '1', '111111111', '1', '2.2', '41'),
(566, 137, 'PATRICIA SOUZA', 'F', '56565656565656', 'RUA', 'BAIRRO', 'RECIFE', 'PE', 50000000, 341, '454545', '4', '345345', '3', '2.1', '41'),
(566, 138, 'GLEYBSON RODRIGO', 'F', '67676767676767', 'RUA', 'BAIRRO', 'RECIFE', 'PE', 50000000, 341, '454545', '4', '676767676', '7', '2.3', '41'),
(566, 139, 'ERIBERTO MACIEL', 'F', '98989898989898', 'RUA', 'BAIRRO', 'RECIFE', 'PE', 50000000, 341, '989898998', '9', '9898989898', '9', '2.2', '41'),
(566, 140, 'MARCELO ARAUJO', 'F', '55665566556666', 'RUA', 'BAIRRO', 'CIDADE', 'PE', 50000000, 341, '1247', '1', '345687', '5', '2.1', '41'),
(566, 141, 'JOSE RICARDO MEDEIROS', 'F', '88944555472', 'RUA', 'BAIRRO', 'CIDADE', 'PE', 50000000, 341, '9999999', '9', '9999999', '9', '2.3', '41'),
(566, 142, 'MARCONI ALVES', 'F', '888888888', 'RUA', 'BAIRRO', 'CIDADE', 'PE', 500000, 341, '9999999', '9', '9999999', '9', '2.2', '41'),
(566, 143, 'ROSANGELA MARIA DO NASCIMENTO', 'F', '50766082415', 'RUA', 'BAIRRO', 'RECIFE', 'PE', 50000000, 341, '1247', '1', '123456', '7', '1.2', '41'),
(566, 144, 'WANSBERG SILVA', 'F', '07676254477', 'RUA', 'BAIRRO', 'RECIFE', 'PE', 50000000, 341, '1247', '1', '2345678', '9', '2.3', '41'),
(566, 145, 'ANTONIA CASTRO', 'F', '56565656565655', 'RUA', 'BAIRRO', 'RECIFE', 'PE', 50000000, 341, '9999', '9', '9898988', '9', '1.2', '41'),
(566, 146, 'ANA CLAUDIA DA SILVA', 'F', '03536195407', 'RUA', 'BAIRRO', 'CIDADE', 'PE', 50000000, 341, '999999', '8', '888999', '8', '2.1', '41'),
(566, 147, 'JULIENE FRANCA DE OLIBEIRA', 'F', '09823748446', 'RUA', 'BAIRRO', 'CIDADE', 'PE', 50000000, 341, '6767676', '7', '67677766', '6', '2.1', '41'),
(566, 148, 'KATIA MIRELLY DO NASCIMENTO', 'F', '07358233409', 'RUA', 'BAIRRO', 'CIDADE', 'PE', 50000000, 341, '65465444', '4', '444555', '4', '2.2', '41'),
(566, 149, 'ABRANTES E LINS CONSULTORES ASSOCIADOS LTDA', 'J', '04251430000137', 'Rua Senador Fbio de Barros, n 100', 'Madalena.', 'RECIFE', 'PE', 50000000, 341, '555555', '5', '5555555', '5', '1.4', '53'),
(566, 169, 'CIBELE APARECIDA ANJOS', 'F', '78787878878788', 'RUA', 'BAIRRO', 'RECIFE', 'PE', 50000000, 341, '7226', '9', '989898988', '9', '2.1', '41');

INSERT INTO `TBFORNECEDORX` (`Codigo Fornecedor`, `Razao Social`, `Fisica ou Juridica`, `CNPJ ou CPF`, `Codigo Conta Pl de Conta`, `CodigoCCusto`) VALUES
(1, 'SERGIO COSTA', 'F', '65952235468', 81, '1.1'),
(2, 'LUCIANO CHERPAK', 'F', '58888616420', 82, '1.1'),
(3, 'RECEITA FEDERAL', 'J', NULL, NULL, '1.2'),
(4, 'RECEITA ESTADUAL', 'J', NULL, NULL, '1.2'),
(5, 'RECEITA MUNICIPAL', 'J', NULL, NULL, '1.2'),
(6, 'GIL VENTURA', 'F', NULL, 41, '1.2'),
(7, 'TIM', 'J', NULL, NULL, '1.3'),
(8, 'MASTERMAQ', 'J', '41858275000148', 308, '2.5'),
(9, 'ATS CONSULTORIA EMPRESARIAL', 'J', '03516433000192', NULL, NULL),
(10, 'INTERMEDICA SISTEMA DE SAUDE', 'J', '44649812010877', 46, NULL),
(11, 'EMBRATEL', 'J', '33530486000129', 305, '1.3'),
(12, 'TELEMAR', 'J', '33000118000179', 305, '1.3'),
(13, 'PEDRO PEIXOTO', 'F', NULL, 54, '1.4'),
(14, 'ORION SOLUCOES EM TECNOLOGIA LTDA', 'J', '05165454000136', NULL, '2.5'),
(15, 'TELETAXI - NB CAVALCANTI', 'J', '36397488000117', 315, '1.2'),
(16, 'CLARO S/A', 'J', '4043254401090', 305, '1.3'),
(17, 'ALBERTO CHERPAK', 'F', NULL, 71, '1.3'),
(18, 'GCINET SERVICOS DE INFORMATICAS', 'J', NULL, 308, '2.5'),
(19, 'SINDICATO EMP SERVICOS CONT AS', 'J', '41227034000109', 306, '1.2'),
(20, 'SINTAPPI-PE', 'J', NULL, 306, '1.2'),
(21, 'ALEXANDRE', 'F', NULL, 41, '2.4'),
(22, 'ANDRESSA', 'F', NULL, 41, '2.1'),
(23, 'ARMANDO', 'F', NULL, 41, '2.1'),
(24, 'CARMEN VIRGINIA', 'F', NULL, 41, '2.3'),
(25, 'ERIKA', 'F', NULL, 41, '2.5'),
(26, 'IVANETE', 'F', NULL, 41, '1.2'),
(27, 'JOO', 'F', NULL, 41, '1.2'),
(28, 'JOBSON', 'F', NULL, 41, '2.1'),
(29, 'JOSE PESSOA', 'F', NULL, 41, '2.1'),
(30, 'LILIANNE', 'F', NULL, 41, '2.3'),
(31, 'MARIA CAROLINA', 'F', NULL, 41, '2.1'),
(32, 'NATHALIA', 'F', NULL, 41, '2.2'),
(33, 'ROMULO', 'F', NULL, 41, '2.1'),
(34, 'SAULO', 'F', NULL, 41, '2.1'),
(35, 'SERGIO RICARDO', 'F', NULL, 41, '2.3'),
(36, 'SHIRLEY', 'F', NULL, 41, '2.2'),
(37, 'SUZAN', 'F', NULL, 41, '2.3'),
(38, 'VANDERSON', 'F', NULL, 41, '2.2'),
(39, 'WALTER', 'F', NULL, 41, '2.2'),
(40, 'VANELLE', 'F', NULL, 41, '1.2'),
(41, 'POLLYANA', 'F', NULL, 41, '2.1'),
(42, 'EDILEUZA', 'F', NULL, 41, '2.3'),
(43, 'ELIZAMA', 'F', NULL, 41, '2.1'),
(44, 'MARIANA', 'F', NULL, 41, '2.1'),
(45, 'ISAIAS', 'F', NULL, 41, '2.3'),
(46, 'ALBERTO', 'F', NULL, 41, '2.2'),
(47, 'CLECIO', 'F', NULL, 41, '2.4'),
(48, 'EZA', 'F', NULL, 41, '2.3'),
(49, 'KARLA', 'F', NULL, 41, '1.2'),
(50, 'PRYSCILA', 'F', NULL, 41, '1.2'),
(51, 'SOLANGE', 'F', NULL, 41, '2.3'),
(52, 'KAROLINE', 'F', NULL, 41, '2.1'),
(53, 'IKARO', 'F', NULL, 41, '2.3'),
(54, 'WALDSON', 'F', NULL, 41, '2.3'),
(55, 'FABIANA', 'F', NULL, 41, '1.2'),
(56, 'MARIA EVELINA', 'F', NULL, 41, '2.3'),
(57, 'ROBERTO JACINTO', 'F', NULL, 41, '2.1'),
(58, 'HSBC', 'J', NULL, 64, '1.4'),
(59, 'ITAU', 'J', NULL, 64, '1.4'),
(60, 'RONDA VIGILANCIA ELETRONICA', 'J', NULL, 301, '1.3'),
(61, 'COMPESA', 'J', NULL, 303, '1.3'),
(62, 'CELPE', 'J', NULL, 304, '1.3'),
(63, 'AMCHAM', 'J', NULL, 306, '1.2'),
(64, 'BELWEB', 'J', NULL, 309, '1.2'),
(65, 'SS TECNOLOGIA', 'J', NULL, 312, '2.5'),
(66, 'DIVERSOS', 'J', NULL, NULL, NULL),
(67, 'AGE - RECEITA E TRANSF', 'J', NULL, NULL, NULL),
(68, 'LILIANNE FILIOLLA', 'F', NULL, 302, '1.3'),
(69, 'SODEXO', 'J', NULL, 45, '1.2'),
(70, 'EMTU - VEM', 'J', NULL, 44, '1.2'),
(71, 'MAXIMA', 'J', NULL, 53, '1.4'),
(72, '100% CONSULTING', 'J', NULL, 53, '1.4'),
(73, 'FLAVIO YAURA', 'F', NULL, 55, '1.2'),
(74, 'RICARDO - VIGIA', 'F', NULL, 55, '1.3'),
(75, 'SILVA - TELEFONIA', 'F', NULL, 55, '1.2'),
(76, 'FISCOSOFTWARE', 'J', NULL, 307, '2.5'),
(77, 'LUCIANA', 'F', NULL, 41, '2.2'),
(78, 'FABIOLA', 'F', NULL, 41, '2.3');


INSERT INTO `TBINDICEREAJUSTE` (`CODIGOINDICEREAJUSTE`, `DESCRICAOINDICEREAJUSTE`) VALUES
(1, 'COMERCIO'),
(2, 'NAO TEM'),
(3, 'SALARIO MINIMO'),
(4, 'IPCA '),
(5, 'IGP-M');



INSERT INTO `TBLOG` (`CODIGOLOG`, `DATALOG`, `USUARIOUPLOAD`, `ARQUIVO`, `DESCRICAOARQUIVO`, `CODIGOEMPRESA`, `CODIGOPRODUTO`, `CODIGOSUBPRODUTO`, `USUARIODOWN`) VALUES
(1, '2010-02-02', 0, 'abrv.txt', 'Arq.teste.', 4, 1, 9, NULL),
(2, '2010-02-02', 0, 'abrv.txt', 'Arquivo de teste.', 4, 1, 4, NULL),
(3, '2010-02-02', 0, 'abrv.txt', 'Arquivo de teste de email.', 4, 1, 1, NULL),
(4, '2010-02-02', 3, 'erro-sage.docx', 'ARQUIVO DE ERRO S-AGE', 566, 1, 3, NULL),
(5, '2010-02-02', 0, 'abrv.txt', 'Arquivo teste', 566, 1, 3, NULL),
(6, '2010-02-02', 3, 'errosage.docx', 'ARQUIVO DE ERRO SAGE', 566, 1, 1, NULL),
(7, '2010-02-02', 0, 'abrv.txt', 'Arquivo teste Abrv', 4, 1, 3, NULL),
(8, '2010-02-02', 0, 'abrv.txt', 'teste', 4, 1, 5, NULL),
(9, '2010-02-03', 0, 'abrv.txt', 'Arquivo de Teste', 4, 1, 4, NULL),
(10, '2010-02-04', 0, 'teste.mdb', 'arquivo diferente para teste.', 4, 1, 2, NULL),
(11, '2010-02-04', 0, 'teste.mdb', 'teste2 mdb', 4, 1, 1, NULL),
(12, '2010-02-04', 0, 'teste.pdf', 'teste pdf', 4, 1, 5, NULL),
(13, '2010-02-04', 0, 'teste.pdf', 'teste pdf x+1', 4, 1, 5, NULL),
(14, '2010-02-07', 0, 'Logo.gif', 'gif', 610, 1, 3, NULL),
(15, '2010-02-07', 0, 'Logo.gif', 'gif1', 610, 1, 3, NULL),
(16, '2010-02-07', 0, 'Logo.gif', 'fg', 610, 1, 1, NULL),
(17, '2010-02-07', 0, 'Logo.gif', 'arq', 610, 1, 1, NULL),
(18, '2010-02-07', 0, 'Logo.gif', 'eee', 610, 1, 1, NULL),
(19, '2010-02-07', 0, 'Logo.gif', 'dsds', 610, 1, 1, NULL),
(20, '2010-02-07', 0, 'Logo.gif', 'isis', 610, 1, 3, NULL),
(21, '2010-02-07', 0, 'Logo.gif', 'rfrf', 610, 1, 3, NULL),
(22, '2010-02-09', 0, 'teste.pdf', 'teste pdf', 4, 1, 3, NULL),
(23, '2010-02-09', 0, 'teste.pdf', 'teste2', 4, 1, 1, NULL),
(24, '2010-02-09', 0, 'teste.pdf', 'teste age ', 4, 1, 1, NULL),
(25, '2010-02-09', 0, 'teste.pdf', 'teste pdf3', 4, 1, 3, NULL),
(26, '2010-02-09', 0, 'BD.txt', 'tste txt', 4, 1, 1, NULL),
(27, '2010-02-09', 0, 'BD.txt', 'tst txt', 4, 1, 1, NULL),
(28, '2010-02-11', 0, 'abrv.txt', 'arquivo de teste anrv', 610, 1, 1, NULL),
(29, '2010-02-11', 0, 'abrv.txt', 'arquivo teste abrv txt', 610, 1, 1, NULL),
(30, '2010-02-11', 0, 'Logo.gif', 'tewste gif', 610, 1, 1, NULL),
(31, '2010-02-11', 0, 'Logo2.gif', 'teste logo 2', 610, 1, 1, NULL),
(32, '2010-02-11', 0, 'IN35_DIDES_anexo.pdf', 'teste pdf', 610, 1, 1, NULL),
(33, '2010-02-11', 0, 'Pasta1.xls', 'treste xls', 610, 1, 1, NULL),
(34, '2010-02-11', 0, 'cod_nokia.txt', 'arquivo teste', 610, 1, 4, NULL),
(35, '2010-02-11', 0, 'PLANO.zip', 'teste zip', 610, 1, 1, NULL),
(36, '2010-02-11', 0, 'PLANO.zip', 'teste zip 2', 610, 1, 1, NULL),
(37, '2010-02-11', 0, 'PLANO.zip', 'teste', 610, 1, 1, NULL),
(38, '2010-02-11', 0, 'PLANO.zip', 'teste aaaa', 610, 1, 1, NULL),
(39, '2010-02-11', 0, 'BD.txt', 'txt', 610, 1, 1, NULL),
(40, '2010-02-11', 0, 'BD.txt', 'ttt', 610, 1, 1, NULL),
(41, '2010-02-11', 0, 'cod_nokia.txt', 'teste', 610, 1, 1, NULL),
(42, '2010-02-11', 0, 'Pasta1.xls', 'ttrt', 610, 1, 1, NULL),
(43, '2010-02-11', 0, 'BD.txt', 'txt', 610, 1, 1, NULL),
(44, '2010-02-11', 0, '700424799_10-09-2009.pdf', 'teste 4', 610, 1, 1, NULL),
(45, '2010-02-11', 0, '700424799_10-09-2009.pdf', 'teste 4', 610, 1, 3, NULL),
(46, '2010-02-11', 0, '700424799_10-09-2009.pdf', 'teste 6', 610, 1, 3, NULL),
(47, '2010-02-11', 0, '700424799_10-09-2009.pdf', 'teste 7', 610, 1, 3, NULL),
(48, '2010-02-11', 0, '700424799_10-09-2009.pdf', 'teste 8', 610, 1, 3, NULL),
(49, '2010-02-11', 0, 'CENTROS[1].TXT', 'testefgfdgfdg', 610, 1, 3, NULL),
(50, '2010-02-12', 0, 'BD.txt', 'teste bd.txt', 610, 1, 1, NULL),
(51, '2010-02-12', 0, 'BD.txt', 'bd.txt', 610, 1, 1, NULL),
(52, '2010-02-12', 0, 'Pasta1.xls', 'teste xls', 610, 1, 1, NULL),
(53, '2010-02-18', 0, 'PLANO.zip', 'teste', 610, 1, 1, NULL),
(54, '2010-02-18', 0, 'teste.pdf', 'teste pdf', 610, 1, 3, NULL),
(55, '2010-02-18', 0, 'teste.txt', 'teste txt ', 610, 1, 4, NULL),
(56, '2010-02-19', 0, 'teste.pdf', 'Teste pdf', 610, 1, 1, NULL),
(57, '2010-02-19', 0, 'PLANO.zip', 'teste zip', 610, 1, 3, NULL),
(58, '2010-02-19', 0, 'teste.pdf', 'teste 2 pdf', 610, 1, 1, NULL),
(59, '2010-02-19', 0, 'teste.pdf', 'teste 2', 610, 1, 1, NULL),
(60, '2010-02-19', 0, 'teste.pdf', 'teste pdf. Arquivo para teste da ferramenta de upload.', 610, 1, 1, NULL),
(63, '2010-02-21', NULL, 'teste.pdf', NULL, 610, NULL, NULL, 828),
(64, '2010-02-21', NULL, 'teste.pdf', NULL, 610, NULL, NULL, 828),
(65, '2010-02-22', NULL, 'planilha_teste_1.pdf', NULL, 610, NULL, NULL, 828),
(66, '2010-02-23', 0, 'PLANO.zip', 'Plano de contas Teste', 610, 1, 1, NULL),
(67, '2010-02-23', 0, 'PLANO.zip', 'Plano de contas 2 Teste', 4, 1, 2, NULL),
(68, '2010-02-23', NULL, 'PLANO.zip', NULL, 610, NULL, NULL, 829),
(69, '2010-03-04', 3, 'tarti papel timbrado.png', 'LAYOUT TARTI', 566, 1, 1, NULL),
(70, '2010-03-04', 3, 'tarti papel timbrado.png', 'tarti', 566, 1, 1, NULL),
(71, '2010-03-04', 3, 'tarti papel timbrado.png', 'TARTI', 443, 1, 1, NULL),
(72, '2010-03-04', 3, 'teste.pdf', 'teste pdf', 443, 1, 1, NULL),
(73, '2010-03-04', NULL, 'PLANO.zip', NULL, 610, NULL, NULL, 829),
(74, '2010-03-04', 0, 'PLANO.zip', 'teste zip ', 610, 1, 3, NULL),
(75, '2010-03-04', NULL, 'PLANO.zip', NULL, 610, NULL, NULL, 829),
(76, '2010-03-04', NULL, 'PLANO.zip', NULL, 610, NULL, NULL, 829),
(77, '2010-03-04', 0, 'teste.txt', 'teste txt', 610, 1, 2, NULL),
(78, '2010-03-04', NULL, 'teste.txt', NULL, 610, NULL, NULL, 829),
(79, '2010-03-04', NULL, 'teste.txt', NULL, 610, NULL, NULL, 829),
(80, '2010-03-04', NULL, 'teste.txt', NULL, 610, NULL, NULL, 829),
(81, '2010-03-04', NULL, 'teste.txt', NULL, 610, NULL, NULL, 829),
(82, '2010-03-04', NULL, 'teste.txt', NULL, 610, NULL, NULL, 829),
(83, '2010-03-04', NULL, 'teste.txt', NULL, 610, NULL, NULL, 829),
(84, '2010-03-04', NULL, 'teste.txt', NULL, 610, NULL, NULL, 829),
(85, '2010-03-04', NULL, 'teste.txt', NULL, 610, NULL, NULL, 829),
(86, '2010-03-04', NULL, 'teste.txt', NULL, 610, NULL, NULL, 829),
(87, '2010-03-04', NULL, 'PLANO.zip', NULL, 610, NULL, NULL, 829),
(88, '2010-03-04', NULL, 'PLANO.zip', NULL, 610, NULL, NULL, 828),
(89, '2010-03-04', 3, 'PLANO.zip', 'Teste zip e novo formato email.', 610, 1, 1, NULL),
(90, '2010-03-04', 0, 'teste.pdf', 'teste 2 e correcao no email', 610, 1, 1, NULL),
(91, '2010-03-05', 0, 'teste.pdf', 'teste correcao final. copia arquivo para pasta local.. validacao do email.', 610, 1, 1, NULL),
(92, '2010-03-05', 3, 'BD.txt', 'teste final', 610, 1, 3, NULL),
(93, '2010-03-05', 3, 'BD.txt', 'teste final 2', 443, 1, 3, NULL),
(94, '2010-03-05', NULL, 'teste.pdf', NULL, 443, NULL, NULL, 666),
(95, '2010-03-05', 3, 'BD.txt', 'teste bd', 443, 1, 3, NULL),
(96, '2010-03-23', 830, 'ToadExport.zip', 'TESTE', 610, 1, 1, NULL),
(97, '2010-03-23', 830, 'ToadExport.zip', 'teste final.', 610, 1, 1, NULL),
(98, '2010-03-23', 830, 'ToadExport.xlsx', 'teste', 610, 1, 1, NULL),
(99, '2010-03-23', 830, 'README.TXT', 'tes', 610, 1, 1, NULL),
(100, '2010-03-24', 830, 'citi retirada de lu.docx', 'TESTE - DOM', 443, 1, 1, NULL),
(101, '2010-03-24', 830, 'tema10c.pdf', 'teste ......', 443, 1, 1, NULL),
(102, '2010-03-24', 849, 'VENDAS_2Softex.pdf', 'testetstetsttets', 443, 1, 3, NULL),
(103, '2010-03-24', 830, 'BD.zip', 'teste.zip XP-Raiz', 610, 1, 1, NULL),
(104, '2010-03-24', 830, 'IN35_DIDES_anexo.pdf', 'teste pdf', 443, 1, 1, NULL),
(105, '2010-03-24', 849, 'VENDAS_2Softex.pdf', 'SOFTEX', 443, 1, 3, NULL),
(106, '2010-03-24', NULL, 'VENDAS_2Softex.pdf', NULL, 443, NULL, NULL, 666),
(107, '2010-03-24', 849, 'TILAPIA.xls', 'TILAPIA', 443, 1, 2, NULL),
(108, '2010-04-06', NULL, 'rotulo azedinho - mudan+as de novo2.jpg', NULL, 566, NULL, NULL, 1),
(109, '2010-04-06', 830, 'FTPAGE.txt', 'pag tx test', 610, 1, 1, NULL),
(110, '2010-06-17', NULL, 'rotulo azedinho - mudan+as de novo2.jpg', NULL, 566, NULL, NULL, 1),
(111, '2010-06-17', NULL, 'rotulo azedinho - mudan+as de novo2.jpg', NULL, 566, NULL, NULL, 1);


INSERT INTO `TBMOVIMENTACAO` (`NUMLANCTO`, `IDUSUARIOLANCTO`, `CODIGOEMPRESA`, `CODIGOSITUACAO`, `DATALANCTO`, `CODIGOCCUSTO`, `CODIGOPLANO`, `CODIGOFORNECEDOR`, `OBSERVACAO`, `DOCUMENTO`, `DATAMOVIMENTO`, `VALOR`, `IDUA`, `DUA`, `CODIGOBANCO`) VALUES
(3326, 1, 566, 3, '2009-03-05', '2.5', '41', 25, 'Complemento Erica', NULL, '2009-03-05', -1.90, NULL, '2010-04-06 11:47:33', 1),
(3327, 1, 566, 3, '2009-03-05', '1.2', '41', 26, 'IVANETE MARIA DA COSTA MIGUEL', NULL, '2009-03-05', -204.55, NULL, '2010-04-06 11:47:37', 1),
(3328, 1, 566, 3, '2009-03-05', '1.2', '41', 27, 'JOAO BATISTA DA SILVA FILHO', NULL, '2009-03-05', -415.14, NULL, '2010-04-06 11:47:39', 1),
(3329, 1, 566, 3, '2009-03-05', '2.1', '41', 28, 'JOBSON VIANA DA SILVA', NULL, '2009-03-05', -755.65, NULL, '2010-04-06 11:47:40', 1),
(3330, 1, 566, 3, '2009-03-05', '2.3', '41', 30, 'LILIANNE CORDEIRO LEAL', NULL, '2009-03-05', -569.81, NULL, '2010-04-06 11:47:41', 1),
(3331, 1, 566, 3, '2009-03-05', '2.1', '41', 31, 'MARIA CAROLINA LINS VIANA', NULL, '2009-03-05', -432.65, NULL, '2010-04-06 11:47:46', 1),
(3332, 1, 566, 3, '2009-03-05', '1.2', '41', 32, 'NATHALIA MELO ALVES DE BARROS', NULL, '2009-03-05', -230.21, NULL, '2010-04-06 11:47:46', 1),
(3333, 1, 566, 3, '2009-03-05', '2.1', '41', 34, 'complemento Saulo', NULL, '2009-03-05', -11.30, NULL, '2010-04-06 11:47:46', 1),
(3334, 1, 566, 3, '2009-03-05', '2.3', '41', 35, 'SERGIO RICARDO RODRIGUES DE MELO', NULL, '2009-03-05', -454.65, NULL, '2010-04-06 11:47:47', 1),
(3335, 1, 566, 3, '2009-03-05', '2.2', '41', 36, 'SHIRLEY DE CASTRO MILITAO', NULL, '2009-03-05', -289.65, NULL, '2010-04-06 11:47:47', 1),
(3336, 1, 566, 3, '2009-03-05', '2.3', '41', 37, 'SUSANCLEY MORAES DOS SANTOS LIMA', NULL, '2009-03-05', -340.65, NULL, '2010-04-06 11:47:47', 1),
(3337, 1, 566, 3, '2009-03-05', '2.2', '41', 38, 'VANDERSON DA SILVA SALES', NULL, '2009-03-05', -289.65, NULL, '2010-04-06 11:47:48', 1),
(3338, 1, 566, 3, '2009-03-05', '2.2', '41', 39, 'Walter Pereira de Moura J?ior', NULL, '2009-03-05', -315.65, NULL, '2010-04-06 11:47:48', 1),
(3339, 1, 566, 3, '2009-03-06', '1.2', '313', 66, 'Lanche mudana', NULL, '2009-03-06', -6.00, NULL, '2010-04-06 11:47:48', 9999),
(3340, 1, 566, 3, '2009-03-06', '0', '11', 67, 'Faturamento', NULL, '2009-03-06', 8730.23, NULL, '2010-04-06 11:47:49', 1),
(3341, 1, 566, 3, '2009-03-06', '2.1', '47', 66, 'Resciso Paulo', NULL, '2009-03-06', -3964.90, NULL, '2010-04-06 11:47:49', 1),
(3342, 1, 566, 3, '2009-03-06', '1.2', '71', 66, 'Caminho', NULL, '2009-03-06', -210.00, NULL, '2010-04-06 11:47:49', 1),
(3343, 1, 566, 3, '2009-03-06', '1.3', '71', 66, 'Marceneiro', NULL, '2009-03-06', -200.00, NULL, '2010-04-06 11:47:50', 1),
(3344, 1, 566, 3, '2009-03-06', '1.3', '71', 66, 'Eletricista', NULL, '2009-03-06', -150.00, NULL, '2010-04-06 11:47:50', 1),
(3345, 1, 566, 3, '2009-03-06', '1.2', '71', 66, 'Outros Mudanas', NULL, '2009-03-06', -50.00, NULL, '2010-04-06 11:47:50', 1),
(3346, 1, 566, 3, '2009-03-06', '1.2', '71', 66, 'Combustvel', NULL, '2009-03-06', -20.00, NULL, '2010-04-06 11:47:51', 1),
(3347, 1, 566, 3, '2009-03-09', '1.3', '71', 75, 'Serv telefone (Silva)', NULL, '2009-03-09', -230.00, NULL, '2010-04-06 11:47:51', 9999),
(3348, 1, 566, 3, '2009-03-09', '1.3', '71', 66, 'Marcelo Ar Condicionado', NULL, '2009-03-09', -100.00, NULL, '2010-04-06 11:47:51', 9999),
(3349, 1, 566, 3, '2009-03-09', '0', '99', 67, 'Srgio', NULL, '2009-03-09', 340.00, NULL, '2010-04-06 11:47:52', 9999),
(3350, 1, 566, 3, '2009-03-09', '1.2', '313', 66, 'gua mineral conf.comp.', NULL, '2009-03-09', -14.00, NULL, '2010-04-06 11:47:52', 9999),
(3351, 1, 566, 3, '2009-03-09', '1.4', '315', 66, 'Sedex Odontoface', NULL, '2009-03-09', -34.80, NULL, '2010-04-06 11:47:52', 9999),
(3352, 1, 566, 3, '2009-03-09', '0', '11', 67, '', NULL, '2009-03-09', 22002.81, NULL, '2010-04-06 11:47:53', 399),
(3353, 1, 566, 3, '2009-03-09', '1.2', '45', 69, '', NULL, '2009-03-09', -2314.15, NULL, '2010-04-06 11:47:53', 399),
(3354, 1, 566, 3, '2009-03-09', '1.2', '45', 69, '', NULL, '2009-03-09', -253.90, NULL, '2010-04-06 11:47:53', 399),
(3355, 1, 566, 3, '2009-03-09', '1.4', '64', 58, '', NULL, '2009-03-09', -119.76, NULL, '2010-04-06 11:47:54', 399),
(3356, 1, 566, 3, '2009-03-09', '1.3', '305', 16, '', NULL, '2009-03-09', -99.90, NULL, '2010-04-06 11:47:54', 399),
(3357, 1, 566, 3, '2009-03-09', '1.2', '314', 66, '', NULL, '2009-03-09', -424.12, NULL, '2010-04-06 11:47:54', 399),
(3358, 1, 566, 3, '2009-03-09', '2.5', '41', 25, '', NULL, '2009-03-09', -433.00, NULL, '2010-04-06 11:47:55', 399),
(3359, 1, 566, 3, '2009-03-09', '2.1', '41', 34, '', NULL, '2009-03-09', -400.00, NULL, '2010-04-06 11:47:55', 399),
(3360, 1, 566, 3, '2009-03-09', '0', '11', 67, 'Srgio', NULL, '2009-03-09', 1250.00, NULL, '2010-04-06 11:47:55', 1),
(3361, 1, 566, 3, '2009-03-09', '1.1', '81', 1, 'Distribuio Lucro', NULL, '2009-03-09', -5387.35, NULL, '2010-04-06 11:47:56', 1),
(3362, 1, 566, 3, '2009-03-09', '1.1', '82', 2, 'Distribuio Lucro', NULL, '2009-03-09', -5387.35, NULL, '2010-04-06 11:47:56', 1),
(3363, 1, 566, 3, '2009-03-09', '0', '99', 67, 'Srgio', NULL, '2009-03-09', -340.00, NULL, '2010-04-06 11:47:56', 1),
(3364, 1, 566, 3, '2009-03-09', '1.2', '41', 6, 'Salrio GIL', NULL, '2009-03-09', -3000.00, NULL, '2010-04-06 11:47:57', 1),
(3365, 1, 566, 3, '2009-03-10', '0', '11', 67, '', NULL, '2009-03-10', 2591.56, NULL, '2010-04-06 11:47:57', 399),
(3366, 1, 566, 3, '2009-03-10', '1.2', '23', 5, '2.3 ISS', NULL, '2009-03-10', -630.21, NULL, '2010-04-06 11:47:57', 399),
(3367, 1, 566, 3, '2009-03-10', '1.2', '46', 10, '', NULL, '2009-03-10', -610.56, NULL, '2010-04-06 11:47:58', 399),
(3368, 1, 566, 3, '2009-03-10', '1.4', '53', 71, 'MAXIMA', NULL, '2009-03-10', -2428.03, NULL, '2010-04-06 11:47:58', 399),
(3369, 1, 566, 3, '2009-03-10', '1.4', '64', 58, '', NULL, '2009-03-10', -115.03, NULL, '2010-04-06 11:47:58', 399),
(3370, 1, 566, 3, '2009-03-10', '1.4', '64', 58, '', NULL, '2009-03-10', -21.00, NULL, '2010-04-06 11:47:59', 399),
(3371, 1, 566, 3, '2009-03-10', '1.4', '64', 58, '', NULL, '2009-03-10', -16.00, NULL, '2010-04-06 11:47:59', 399),
(3372, 1, 566, 3, '2009-03-10', '1.4', '64', 58, '', NULL, '2009-03-10', -4.99, NULL, '2010-04-06 11:47:59', 399),
(3373, 1, 566, 3, '2009-03-10', '1.1', '81', 1, '', NULL, '2009-03-10', -2725.58, NULL, '2010-04-06 11:48:00', 399),
(3374, 1, 566, 3, '2009-03-10', '1.1', '82', 2, '', NULL, '2009-03-10', -2790.68, NULL, '2010-04-06 11:48:00', 399),
(3375, 1, 566, 3, '2009-03-10', '1.3', '305', 7, '', NULL, '2009-03-10', -1439.70, NULL, '2010-04-06 11:48:00', 399),
(3376, 1, 566, 3, '2009-03-10', '2.5', '311', 14, '', NULL, '2009-03-10', -135.00, NULL, '2010-04-06 11:48:01', 399),
(3377, 1, 566, 3, '2009-03-10', '2.5', '312', 65, 'ADAPTA', NULL, '2009-03-10', -1300.00, NULL, '2010-04-06 11:48:01', 399),
(3378, 1, 566, 3, '2009-03-10', '0', '11', 67, 'Faturamento', NULL, '2009-03-10', 465.00, NULL, '2010-04-06 11:48:01', 1),
(3379, 1, 566, 3, '2009-03-10', '1.1', '81', 1, 'PL - Srgio', NULL, '2009-03-10', -465.00, NULL, '2010-04-06 11:48:02', 1),
(3380, 1, 566, 3, '2009-03-11', '1.4', '53', 72, 'Comisses 100Porcento', NULL, '2009-03-11', -150.00, NULL, '2010-04-06 11:48:02', 9999),
(3381, 1, 566, 3, '2009-03-11', '0', '99', 67, 'Srgio', NULL, '2009-03-11', 910.00, NULL, '2010-04-06 11:48:02', 9999),
(3382, 1, 566, 3, '2009-03-11', '1.2', '306', 66, 'Age-Dircon', NULL, '2009-03-11', -212.00, NULL, '2010-04-06 11:48:03', 9999),
(3383, 1, 566, 3, '2009-03-11', '1.2', '313', 66, 'gua Mineral ', NULL, '2009-03-11', -10.50, NULL, '2010-04-06 11:48:03', 9999),
(3384, 1, 566, 3, '2009-03-11', '1.2', '314', 66, 'Cartuchos', NULL, '2009-03-11', -155.00, NULL, '2010-04-06 11:48:03', 9999),
(3385, 1, 566, 3, '2009-03-11', '1.2', '314', 66, 'Compras conf. Cupom', NULL, '2009-03-11', -112.15, NULL, '2010-04-06 11:48:04', 9999),
(3386, 1, 566, 3, '2009-03-11', '1.1', '315', 66, 'Almoco Gil e Srrgio', NULL, '2009-03-11', -29.50, NULL, '2010-04-06 11:48:04', 9999),
(3387, 1, 566, 3, '2009-03-11', '1.2', '315', 66, 'Txi Ivanet compras', NULL, '2009-03-11', -21.00, NULL, '2010-04-06 11:48:04', 9999),
(3388, 1, 566, 3, '2009-03-11', '1.2', '315', 66, 'Taxi Srgio S. fazenda ida e volta', NULL, '2009-03-11', -20.00, NULL, '2010-04-06 11:48:05', 9999),
(3389, 1, 566, 3, '2009-03-11', '1.4', '316', 66, 'Odont Face-Dircon', NULL, '2009-03-11', -212.00, NULL, '2010-04-06 11:48:05', 9999),
(3390, 1, 566, 3, '2009-03-11', '0', '11', 67, '', NULL, '2009-03-11', 2429.06, NULL, '2010-04-06 11:48:05', 399),
(3391, 1, 566, 3, '2009-03-11', '1.4', '64', 58, '', NULL, '2009-03-11', -19.96, NULL, '2010-04-06 11:48:06', 399),
(3392, 1, 566, 3, '2009-03-11', '1.4', '64', 58, '', NULL, '2009-03-11', -16.00, NULL, '2010-04-06 11:48:06', 399),
(3393, 1, 566, 3, '2009-03-11', '0', '99', 67, 'Srgio', NULL, '2009-03-11', -910.00, NULL, '2010-04-06 11:48:06', 1),
(3394, 1, 566, 3, '2009-03-12', '0', '11', 67, '', NULL, '2009-03-12', 1792.77, NULL, '2010-04-06 11:48:07', 399),
(3395, 1, 566, 3, '2009-03-12', '0', '11', 67, 'Faturamento', NULL, '2009-03-12', 745.12, NULL, '2010-04-06 11:48:07', 1),
(3396, 1, 566, 3, '2009-03-13', '0', '99', 67, 'Srgio', NULL, '2009-03-13', 120.00, NULL, '2010-04-06 11:48:07', 9999),
(3397, 1, 566, 3, '2009-03-13', '1.2', '314', 66, 'papel A4', NULL, '2009-03-13', -29.20, NULL, '2010-04-06 11:48:08', 9999),
(3398, 1, 566, 3, '2009-03-13', '2.1', '315', 66, 'jobson conf.comprovante', NULL, '2009-03-13', -44.44, NULL, '2010-04-06 11:48:08', 9999),
(3399, 1, 566, 3, '2009-03-13', '1.2', '315', 66, 'desp. Conf. Comprop', NULL, '2009-03-13', -22.00, NULL, '2010-04-06 11:48:08', 9999),
(3400, 1, 566, 3, '2009-03-13', '1.2', '51', 66, 'oleo moto', NULL, '2009-03-13', -11.90, NULL, '2010-04-06 11:48:09', 9999),
(3401, 1, 566, 3, '2009-03-13', '0', '11', 67, '', NULL, '2009-03-13', 1162.50, NULL, '2010-04-06 11:48:09', 399),
(3402, 1, 566, 3, '2009-03-13', '1.2', '21', 3, '2.1 SIMPLES', NULL, '2009-03-13', -4302.32, NULL, '2010-04-06 11:48:09', 399),
(3403, 1, 566, 3, '2009-03-13', '1.4', '64', 58, '', NULL, '2009-03-13', -4.99, NULL, '2010-04-06 11:48:10', 399),
(3404, 1, 566, 3, '2009-03-13', '0', '11', 67, 'Faturamento', NULL, '2009-03-13', 1047.20, NULL, '2010-04-06 11:48:10', 1),
(3405, 1, 566, 3, '2009-03-13', '1.2', '21', 3, '2.1 SIMPLES', NULL, '2009-03-13', -803.31, NULL, '2010-04-06 11:48:10', 1),
(3406, 1, 566, 3, '2009-03-13', '0', '99', 67, 'Transferencia - Caixa', NULL, '2009-03-13', -120.00, NULL, '2010-04-06 11:48:11', 1),
(3407, 1, 566, 3, '2009-03-15', '2.1', '41', 23, 'JOBSON VIANA DA SILVA', NULL, '2009-03-15', -254.66, NULL, '2010-04-06 11:48:11', 1),
(3408, 1, 566, 3, '2009-03-15', '2.3', '41', 24, 'CARMEM VIRGINIA DE OLIVEIRA GONDIM', NULL, '2009-03-15', -169.45, NULL, '2010-04-06 11:48:12', 1),
(3409, 1, 566, 3, '2009-03-15', '2.5', '41', 25, 'NATHALIA MELO ALVES DE BARROS', NULL, '2009-03-15', -412.00, NULL, '2010-04-06 11:48:12', 1),
(3410, 1, 566, 3, '2009-03-15', '2.1', '41', 28, 'JOBSON VIANA DA SILVA', NULL, '2009-03-15', -386.80, NULL, '2010-04-06 11:48:12', 1),
(3411, 1, 566, 3, '2009-03-15', '2.3', '41', 30, 'LILIANNE CORDEIRO LEAL', NULL, '2009-03-15', -151.51, NULL, '2010-04-06 11:48:13', 1),
(3412, 1, 566, 3, '2009-03-15', '2.3', '41', 35, 'SERGIO RICARDO RODRIGUES DE MELO', NULL, '2009-03-15', -394.31, NULL, '2010-04-06 11:48:13', 1),
(3413, 1, 566, 3, '2009-03-15', '2.3', '41', 37, 'SUSANCLEY MORAES DOS SANTOS LIMA', NULL, '2009-03-15', -46.68, NULL, '2010-04-06 11:48:13', 1),
(3414, 1, 566, 3, '2009-03-15', '2.2', '41', 38, 'VANDERSON DA SILVA SALES', NULL, '2009-03-15', -148.37, NULL, '2010-04-06 11:48:14', 1),
(3415, 1, 566, 3, '2009-03-16', '0', '99', 67, 'faturamento', NULL, '2009-03-16', 1250.00, NULL, '2010-04-06 11:48:14', 9999),
(3416, 1, 566, 3, '2009-03-16', '1.1', '315', 66, 'Almoco Gil e Srrgio', NULL, '2009-03-16', -29.10, NULL, '2010-04-06 11:48:14', 9999),
(3417, 1, 566, 3, '2009-03-16', '0', '11', 67, '', NULL, '2009-03-16', 246.80, NULL, '2010-04-06 11:48:15', 399),
(3418, 1, 566, 3, '2009-03-16', '1.4', '64', 58, '', NULL, '2009-03-16', -4.99, NULL, '2010-04-06 11:48:15', 399),
(3419, 1, 566, 3, '2009-03-16', '0', '99', 67, '', NULL, '2009-03-16', -4015.89, NULL, '2010-04-06 11:48:15', 399),
(3420, 1, 566, 3, '2009-03-16', '1.3', '302', 66, '', NULL, '2009-03-16', -1062.41, NULL, '2010-04-06 11:48:16', 399),
(3421, 1, 566, 3, '2009-03-16', '2.5', '311', 14, '', NULL, '2009-03-16', -150.00, NULL, '2010-04-06 11:48:16', 399),
(3422, 1, 566, 3, '2009-03-16', '1.2', '314', 66, '', NULL, '2009-03-16', -387.50, NULL, '2010-04-06 11:48:16', 399),
(3423, 1, 566, 3, '2009-03-16', '2.1', '41', 22, '', NULL, '2009-03-16', -299.27, NULL, '2010-04-06 11:48:17', 399),
(3424, 1, 566, 3, '2009-03-16', '1.2', '41', 6, '', NULL, '2009-03-16', -980.00, NULL, '2010-04-06 11:48:17', 399),
(3425, 1, 566, 3, '2009-03-16', '2.1', '41', 29, '', NULL, '2009-03-16', -480.00, NULL, '2010-04-06 11:48:17', 399),
(3426, 1, 566, 3, '2009-03-16', '2.1', '41', 33, '', NULL, '2009-03-16', -400.00, NULL, '2010-04-06 11:48:18', 399),
(3427, 1, 566, 3, '2009-03-16', '2.1', '41', 34, '', NULL, '2009-03-16', -600.00, NULL, '2010-04-06 11:48:18', 399),
(3428, 1, 566, 3, '2009-03-16', '0', '11', 67, 'Faturamento', NULL, '2009-03-16', 502.03, NULL, '2010-04-06 11:48:18', 1),
(3429, 1, 566, 3, '2009-03-16', '0', '11', 67, 'faturamento', NULL, '2009-03-16', 1250.00, NULL, '2010-04-06 11:48:19', 1),
(3430, 1, 566, 3, '2009-03-16', '0', '99', 67, 'faturamento', NULL, '2009-03-16', -1250.00, NULL, '2010-04-06 11:48:19', 1),
(3431, 1, 566, 3, '2009-03-16', '0', '99', 67, 'Transferencia - Caixa', NULL, '2009-03-16', 4015.89, NULL, '2010-04-06 11:48:19', 1),
(3432, 1, 566, 3, '2009-03-16', '2.4', '41', 21, 'ALEXANDRE LUIZ DA SILVA', NULL, '2009-03-16', -186.00, NULL, '2010-04-06 11:48:20', 1),
(3433, 1, 566, 3, '2009-03-16', '2.1', '41', 23, 'Adiantamento Armando', NULL, '2009-03-16', -480.00, NULL, '2010-04-06 11:48:20', 1),
(3434, 1, 566, 3, '2009-03-16', '2.3', '41', 24, 'CARMEM VIRGINIA DE OLIVEIRA GONDIM', NULL, '2009-03-16', -360.00, NULL, '2010-04-06 11:48:20', 1),
(3435, 1, 566, 3, '2009-03-16', '1.2', '41', 26, 'IVANETE MARIA DA COSTA MIGUEL', NULL, '2009-03-16', -186.00, NULL, '2010-04-06 11:48:21', 1),
(3436, 1, 566, 3, '2009-03-16', '1.2', '41', 27, 'JOAO BATISTA DA SILVA FILHO', NULL, '2009-03-16', -220.58, NULL, '2010-04-06 11:48:21', 1),
(3437, 1, 566, 3, '2009-03-16', '2.1', '41', 28, 'JOBSON VIANA DA SILVA', NULL, '2009-03-16', -600.00, NULL, '2010-04-06 11:48:21', 1),
(3438, 1, 566, 3, '2009-03-16', '2.3', '41', 30, 'LILIANNE CORDEIRO LEAL', NULL, '2009-03-16', -510.00, NULL, '2010-04-06 11:48:22', 1),
(3439, 1, 566, 3, '2009-03-16', '2.1', '41', 31, 'Adiantamento de Maria', NULL, '2009-03-16', -340.00, NULL, '2010-04-06 11:48:22', 1),
(3440, 1, 566, 3, '2009-03-16', '1.2', '41', 32, 'NATHALIA MELO ALVES DE BARROS', NULL, '2009-03-16', -186.00, NULL, '2010-04-06 11:48:22', 1),
(3441, 1, 566, 3, '2009-03-16', '2.3', '41', 35, 'SERGIO RICARDO RODRIGUES DE MELO', NULL, '2009-03-16', -360.00, NULL, '2010-04-06 11:48:23', 1),
(3442, 1, 566, 3, '2009-03-16', '2.2', '41', 36, 'SHIRLEY DE CASTRO MILITAO', NULL, '2009-03-16', -260.00, NULL, '2010-04-06 11:48:23', 1),
(3443, 1, 566, 3, '2009-03-16', '2.3', '41', 37, 'SUSANCLEY MORAES DOS SANTOS LIMA', NULL, '2009-03-16', -280.00, NULL, '2010-04-06 11:48:23', 1),
(3444, 1, 566, 3, '2009-03-16', '2.2', '41', 38, 'VANDERSON DA SILVA SALES', NULL, '2009-03-16', -260.00, NULL, '2010-04-06 11:48:24', 1),
(3445, 1, 566, 3, '2009-03-16', '2.2', '41', 39, 'Walter Pereira de Moura J?ior', NULL, '2009-03-16', -260.00, NULL, '2010-04-06 11:48:24', 1),
(3446, 1, 566, 3, '2009-03-17', '1.3', '71', 66, '50% do valor das cort. conf nota', NULL, '2009-03-17', -300.00, NULL, '2010-04-06 11:48:25', 9999),
(3447, 1, 566, 3, '2009-03-17', '1.3', '71', 66, 'Marcelo Ar Condicionado', NULL, '2009-03-17', -300.00, NULL, '2010-04-06 11:48:25', 9999),
(3448, 1, 566, 3, '2009-03-17', '1.3', '71', 66, 'pedreiro falta comprovante', NULL, '2009-03-17', -205.00, NULL, '2010-04-06 11:48:25', 9999),
(3449, 1, 566, 3, '2009-03-17', '1.3', '71', 75, 'exteno telefones S. Silva', NULL, '2009-03-17', -50.00, NULL, '2010-04-06 11:48:26', 9999),
(3450, 1, 566, 3, '2009-03-17', '1.2', '71', 66, 'chaveiro', NULL, '2009-03-17', -30.00, NULL, '2010-04-06 11:48:26', 9999),
(3451, 1, 566, 3, '2009-03-17', '1.2', '313', 66, 'Agua Mineral', NULL, '2009-03-17', -14.00, NULL, '2010-04-06 11:48:26', 9999),
(3452, 1, 566, 3, '2009-03-17', '1.2', '315', 66, 'desp. Conf. Comp', NULL, '2009-03-17', -78.41, NULL, '2010-04-06 11:48:27', 9999),
(3453, 1, 566, 3, '2009-03-17', '2.1', '41', 22, 'restituio de Andressa', NULL, '2009-03-17', 48.00, NULL, '2010-04-06 11:48:27', 9999),
(3454, 1, 566, 3, '2009-03-17', '0', '11', 67, '', NULL, '2009-03-17', 7594.29, NULL, '2010-04-06 11:48:27', 399),
(3455, 1, 566, 3, '2009-03-17', '0', '14', 67, 'Rembolso Interdot - Servio Anterior', NULL, '2009-03-17', -2500.00, NULL, '2010-04-06 11:48:28', 399),
(3456, 1, 566, 3, '2009-03-17', '1.4', '64', 58, '', NULL, '2009-03-17', -40.00, NULL, '2010-04-06 11:48:28', 399),
(3457, 1, 566, 3, '2009-03-17', '1.4', '64', 58, '', NULL, '2009-03-17', -4.99, NULL, '2010-04-06 11:48:28', 399),
(3458, 1, 566, 3, '2009-03-17', '1.1', '81', 1, '', NULL, '2009-03-17', -1422.07, NULL, '2010-04-06 11:48:29', 399),
(3459, 1, 566, 3, '2009-03-17', '1.1', '82', 2, '', NULL, '2009-03-17', -1821.97, NULL, '2010-04-06 11:48:29', 399),
(3460, 1, 566, 3, '2009-03-17', '0', '11', 67, 'Faturamento', NULL, '2009-03-17', 784.34, NULL, '2010-04-06 11:48:29', 1),
(3461, 1, 566, 3, '2009-03-18', '1.2', '315', 66, 'Txi sergio ida e volta via MIX', NULL, '2009-03-18', -27.00, NULL, '2010-04-06 11:48:30', 9999),
(3462, 1, 566, 3, '2009-03-18', '1.4', '64', 58, '', NULL, '2009-03-18', -6.60, NULL, '2010-04-06 11:48:30', 399),
(3463, 1, 566, 3, '2009-03-18', '1.2', '71', 66, '', NULL, '2009-03-18', -450.00, NULL, '2010-04-06 11:48:30', 399),
(3464, 1, 566, 3, '2009-03-18', '0', '11', 67, 'Faturamento', NULL, '2009-03-18', 1797.00, NULL, '2010-04-06 11:48:31', 1),
(3465, 1, 566, 3, '2009-03-20', '0', '99', 67, 'Srgio Costa', NULL, '2009-03-20', 1250.00, NULL, '2010-04-06 11:48:31', 9999),
(3466, 1, 566, 3, '2009-03-20', '1.2', '313', 66, 'Cupom Fiscal', NULL, '2009-03-20', -9.57, NULL, '2010-04-06 11:48:31', 9999),
(3467, 1, 566, 3, '2009-03-20', '1.2', '314', 66, 'Cartuchos', NULL, '2009-03-20', -255.00, NULL, '2010-04-06 11:48:32', 9999),
(3468, 1, 566, 3, '2009-03-20', '1.2', '314', 66, 'Carimbos', NULL, '2009-03-20', -18.00, NULL, '2010-04-06 11:48:32', 9999),
(3469, 1, 566, 3, '2009-03-20', '1.2', '315', 66, 'IPVA Moto', NULL, '2009-03-20', -429.33, NULL, '2010-04-06 11:48:32', 9999),
(3470, 1, 566, 3, '2009-03-20', '1.2', '315', 66, 'pedreiro falta comprovante', NULL, '2009-03-20', -50.00, NULL, '2010-04-06 11:48:33', 9999),
(3471, 1, 566, 3, '2009-03-20', '0', '11', 67, '', NULL, '2009-03-20', 2922.86, NULL, '2010-04-06 11:48:33', 399),
(3472, 1, 566, 3, '2009-03-20', '1.2', '43', 3, '4.3 INSS', NULL, '2009-03-20', -1528.20, NULL, '2010-04-06 11:48:33', 399),
(3473, 1, 566, 3, '2009-03-20', '1.2', '47', 66, '', NULL, '2009-03-20', -409.01, NULL, '2010-04-06 11:48:34', 399),
(3474, 1, 566, 3, '2009-03-20', '1.2', '309', 64, 'BELWEB', NULL, '2009-03-20', -70.00, NULL, '2010-04-06 11:48:34', 399),
(3475, 1, 566, 3, '2009-03-20', '0', '11', 67, 'Srgio Costa', NULL, '2009-03-20', 1250.00, NULL, '2010-04-06 11:48:34', 1),
(3476, 1, 566, 3, '2009-03-20', '0', '99', 67, 'Srgio Costa', NULL, '2009-03-20', -1250.00, NULL, '2010-04-06 11:48:35', 1),
(3477, 1, 566, 3, '2009-03-23', '1.2', '44', 70, 'VT diversos', NULL, '2009-03-23', -489.85, NULL, '2010-04-06 11:48:35', 9999),
(3478, 1, 566, 3, '2009-03-23', '1.2', '313', 66, 'Agua Mineral', NULL, '2009-03-23', -14.00, NULL, '2010-04-06 11:48:35', 9999),
(3479, 1, 566, 3, '2009-03-23', '1.2', '314', 66, 'Envelope', NULL, '2009-03-23', -0.70, NULL, '2010-04-06 11:48:36', 9999),
(3480, 1, 566, 3, '2009-03-23', '2.5', '315', 66, 'Despesas Erica', NULL, '2009-03-23', -45.00, NULL, '2010-04-06 11:48:36', 9999),
(3481, 1, 566, 3, '2009-03-23', '0', '11', 67, '', NULL, '2009-03-23', 1792.77, NULL, '2010-04-06 11:48:36', 399),
(3482, 1, 566, 3, '2009-03-23', '1.4', '64', 58, '', NULL, '2009-03-23', -2.99, NULL, '2010-04-06 11:48:37', 399),
(3483, 1, 566, 3, '2009-03-23', '1.3', '304', 62, '3.04 Celpe', NULL, '2009-03-23', -1099.08, NULL, '2010-04-06 11:48:37', 399),
(3484, 1, 566, 3, '2009-03-23', '1.2', '71', 66, 'Bem Hur', NULL, '2009-03-23', -1000.00, NULL, '2010-04-06 11:48:37', 1),
(3485, 1, 566, 3, '2009-03-24', '1.2', '44', 70, 'Comp passagem saulo', NULL, '2009-03-24', -14.30, NULL, '2010-04-06 11:48:38', 9999),
(3486, 1, 566, 3, '2009-03-24', '0', '99', 67, 'sergio', NULL, '2009-03-24', 250.00, NULL, '2010-04-06 11:48:38', 9999),
(3487, 1, 566, 3, '2009-03-24', '1.2', '315', 66, 'pedreiro conf. Comprovante', NULL, '2009-03-24', -440.00, NULL, '2010-04-06 11:48:38', 9999),
(3488, 1, 566, 3, '2009-03-24', '1.2', '315', 66, 'Transporte da Placa', NULL, '2009-03-24', -40.00, NULL, '2010-04-06 11:48:39', 9999),
(3489, 1, 566, 3, '2009-03-24', '0', '11', 67, 'Faturamento', NULL, '2009-03-24', 560.24, NULL, '2010-04-06 11:48:39', 1),
(3490, 1, 566, 3, '2009-03-24', '0', '99', 67, 'Transferencia - Caixa', NULL, '2009-03-24', -250.00, NULL, '2010-04-06 11:48:39', 1),
(3491, 1, 566, 3, '2009-03-25', '0', '99', 67, '', NULL, '2009-03-25', 150.00, NULL, '2010-04-06 11:48:40', 9999),
(3492, 1, 566, 3, '2009-03-25', '1.3', '303', 61, 'Compesa', NULL, '2009-03-25', -63.26, NULL, '2010-04-06 11:48:40', 9999),
(3493, 1, 566, 3, '2009-03-25', '1.2', '313', 66, 'Agua Mineral', NULL, '2009-03-25', -16.79, NULL, '2010-04-06 11:48:40', 9999),
(3494, 1, 566, 3, '2009-03-25', '1.3', '55', 256, 'Clovis Eletricista', NULL, '2009-03-25', -50.00, NULL, '2010-04-06 11:48:41', 9999),
(3495, 1, 566, 3, '2009-03-25', '2.5', '308', 8, 'Mastermaq', NULL, '2009-03-25', -75.56, NULL, '2010-04-06 11:48:41', 399),
(3496, 1, 566, 3, '2009-03-25', '0', '11', 67, '', NULL, '2009-03-25', 709.87, NULL, '2010-04-06 11:48:41', 1),
(3497, 1, 566, 3, '2009-03-25', '0', '99', 67, 'CAIXA', NULL, '2009-03-25', -150.00, NULL, '2010-04-06 11:48:42', 1),
(3498, 1, 566, 3, '2009-03-26', '0', '11', 67, '', NULL, '2009-03-26', 1605.34, NULL, '2010-04-06 11:48:42', 399),
(3499, 1, 566, 3, '2009-03-26', '0', '11', 67, 'Faturamento', NULL, '2009-03-26', 930.00, NULL, '2010-04-06 11:48:42', 1),
(3500, 1, 566, 3, '2009-03-27', '1.2', '51', 66, 'Gasolina', NULL, '2009-03-27', -10.01, NULL, '2010-04-06 11:48:43', 9999),
(3501, 1, 566, 3, '2009-03-27', '0', '99', 67, 'Luciano', NULL, '2009-03-27', 200.00, NULL, '2010-04-06 11:48:43', 9999),
(3502, 1, 566, 3, '2009-03-27', '1.2', '313', 66, 'Reviso moto', NULL, '2009-03-27', -87.00, NULL, '2010-04-06 11:48:43', 9999),
(3503, 1, 566, 3, '2009-03-27', '1.2', '313', 66, 'lanches', NULL, '2009-03-27', -40.00, NULL, '2010-04-06 11:48:44', 9999),
(3504, 1, 566, 3, '2009-03-27', '1.2', '313', 66, 'Agua Mineral Escritrio', NULL, '2009-03-27', -14.00, NULL, '2010-04-06 11:48:44', 9999),
(3505, 1, 566, 3, '2009-03-27', '1.2', '315', 66, 'Emerson Arujo', NULL, '2009-03-27', -11.80, NULL, '2010-04-06 11:48:44', 9999),
(3506, 1, 566, 3, '2009-03-27', '1.2', '315', 66, 'Estacionamento', NULL, '2009-03-27', -1.00, NULL, '2010-04-06 11:48:45', 9999),
(3507, 1, 566, 3, '2009-03-27', '0', '11', 67, '', NULL, '2009-03-27', 2278.50, NULL, '2010-04-06 11:48:45', 399),
(3508, 1, 566, 3, '2009-03-27', '1.2', '44', 70, 'AGE APOIO', NULL, '2009-03-27', -1715.10, NULL, '2010-04-06 11:48:46', 399),
(3509, 1, 566, 3, '2009-03-27', '1.2', '44', 70, 'AGE SS', NULL, '2009-03-27', -355.20, NULL, '2010-04-06 11:48:46', 399),
(3510, 1, 566, 3, '2009-03-27', '0', '11', 67, 'Faturamento', NULL, '2009-03-27', 1089.67, NULL, '2010-04-06 11:48:46', 1),
(3511, 1, 566, 3, '2009-03-28', '0', '11', 67, 'Faturamento', NULL, '2009-03-28', 232.50, NULL, '2010-04-06 11:48:47', 1),
(3512, 1, 566, 3, '2009-03-30', '0', '99', 67, 'Faturamento', NULL, '2009-03-30', 1250.00, NULL, '2010-04-06 11:48:47', 9999),
(3513, 1, 566, 3, '2009-03-30', '2.5', '308', 18, 'GCI', NULL, '2009-03-30', -266.26, NULL, '2010-04-06 11:48:47', 399),
(3514, 1, 566, 3, '2009-03-30', '0', '11', 67, 'Faturamento', NULL, '2009-03-30', 1250.00, NULL, '2010-04-06 11:48:48', 1),
(3515, 1, 566, 3, '2009-03-30', '0', '11', 67, 'Faturamento', NULL, '2009-03-30', 2076.43, NULL, '2010-04-06 11:48:48', 1),
(3516, 1, 566, 3, '2009-03-30', '0', '99', 67, 'Faturamento', NULL, '2009-03-30', -1250.00, NULL, '2010-04-06 11:48:48', 1),
(3517, 1, 566, 3, '2009-03-31', '1.2', '44', 70, 'despesas Erica', NULL, '2009-03-31', -186.00, NULL, '2010-04-06 11:48:49', 9999),
(3518, 1, 566, 3, '2009-03-31', '1.2', '44', 70, 'VT Rmulo', NULL, '2009-03-31', -90.00, NULL, '2010-04-06 11:48:49', 9999),
(3519, 1, 566, 3, '2009-03-31', '1.2', '313', 66, 'Agua mineral', NULL, '2009-03-31', -14.00, NULL, '2010-04-06 11:48:49', 9999),
(3520, 1, 566, 3, '2009-03-31', '1.1', '315', 66, 'Reembolso estc. Diagno', NULL, '2009-03-31', -40.00, NULL, '2010-04-06 11:48:50', 9999),
(3521, 1, 566, 3, '2009-03-31', '1.2', '315', 66, 'Remdio', NULL, '2009-03-31', -29.78, NULL, '2010-04-06 11:48:50', 9999),
(3522, 1, 566, 3, '2009-03-31', '0', '11', 67, 'Faturamento', NULL, '2009-03-31', 4286.00, NULL, '2010-04-06 11:48:50', 399),
(3523, 1, 566, 3, '2009-03-31', '1.4', '64', 58, '', NULL, '2009-03-31', -10.99, NULL, '2010-04-06 11:48:51', 399),
(3524, 1, 566, 3, '2009-03-31', '1.3', '301', 60, 'Instalao Ronda', NULL, '2009-03-31', -300.00, NULL, '2010-04-06 11:48:51', 399),
(3525, 1, 566, 3, '2009-03-31', '0', '11', 67, 'Faturamento', NULL, '2009-03-31', 665.00, NULL, '2010-04-06 11:48:51', 1),
(3526, 1, 566, 3, '2009-03-31', '1.1', '81', 1, 'Distribuio Lucro', NULL, '2009-03-31', -2500.00, NULL, '2010-04-06 11:48:52', 1),
(3527, 1, 566, 3, '2009-03-31', '1.1', '82', 2, 'Distribuio Lucro - FICOU COM S+RGIO PG PARCELA', NULL, '2009-03-31', -2500.00, NULL, '2010-04-06 11:48:52', 1),
(3528, 1, 566, 3, '2009-04-01', '1.2', '51', 66, 'gasolina', NULL, '2009-04-01', -10.00, NULL, '2010-04-06 11:48:52', 9999),
(3529, 1, 566, 3, '2009-04-01', '0', '99', 67, 'Reembolso Luciano', NULL, '2009-04-01', -200.00, NULL, '2010-04-06 11:48:53', 9999),
(3530, 1, 566, 3, '2009-04-01', '2.2', '315', 66, 'moto Txi Wanderson', NULL, '2009-04-01', -20.00, NULL, '2010-04-06 11:48:53', 9999),
(3531, 1, 566, 3, '2009-04-01', '1.2', '315', 66, 'Estacionamento', NULL, '2009-04-01', -2.00, NULL, '2010-04-06 11:48:53', 9999),
(3532, 1, 566, 3, '2009-04-01', '1.3', '305', 12, 'OI', NULL, '2009-04-01', -331.86, NULL, '2010-04-06 11:48:54', 399),
(3533, 1, 566, 3, '2009-04-01', '2.4', '41', 21, 'ALEXANDRE LUIZ DA SILVA', NULL, '2009-04-01', -186.30, NULL, '2010-04-06 11:48:54', 399),
(3534, 1, 566, 3, '2009-04-01', '2.1', '41', 23, 'JOSE ARMANDO SOARES', NULL, '2009-04-01', -637.10, NULL, '2010-04-06 11:48:54', 399),
(3535, 1, 566, 3, '2009-04-01', '2.3', '41', 24, 'CARMEM VIRGINIA DE OLIVEIRA GONDIM', NULL, '2009-04-01', -422.27, NULL, '2010-04-06 11:48:55', 399),
(3536, 1, 566, 3, '2009-04-01', '2.5', '41', 25, 'ERICA', NULL, '2009-04-01', -432.00, NULL, '2010-04-06 11:48:55', 399),
(3537, 1, 566, 3, '2009-04-01', '1.2', '41', 26, 'IVANETE MARIA DA COSTA MIGUEL', NULL, '2009-04-01', -186.30, NULL, '2010-04-06 11:48:55', 399),
(3538, 1, 566, 3, '2009-04-01', '1.2', '41', 27, 'JOAO BATISTA DA SILVA FILHO', NULL, '2009-04-01', -394.00, NULL, '2010-04-06 11:48:56', 399),
(3539, 1, 566, 3, '2009-04-01', '2.1', '41', 28, 'JOBSON VIANA DA SILVA', NULL, '2009-04-01', -702.90, NULL, '2010-04-06 11:48:56', 399),
(3540, 1, 566, 3, '2009-04-01', '2.3', '41', 30, 'LILIANNE CORDEIRO LEAL', NULL, '2009-04-01', -527.31, NULL, '2010-04-06 11:48:56', 399),
(3541, 1, 566, 3, '2009-04-01', '2.3', '41', 30, 'LILIANNE CORDEIRO LEAL', NULL, '2009-04-01', -225.00, NULL, '2010-04-06 11:48:57', 399),
(3542, 1, 566, 3, '2009-04-01', '2.1', '41', 31, 'MARIA CAROLINA LINS VIANA', NULL, '2009-04-01', -350.57, NULL, '2010-04-06 11:48:57', 399),
(3543, 1, 566, 3, '2009-04-01', '1.2', '41', 32, 'NATHALIA MELO ALVES DE BARROS', NULL, '2009-04-01', -211.96, NULL, '2010-04-06 11:48:57', 399),
(3544, 1, 566, 3, '2009-04-01', '2.1', '41', 34, 'SAULO', NULL, '2009-04-01', -400.00, NULL, '2010-04-06 11:48:57', 399),
(3545, 1, 566, 3, '2009-04-01', '2.3', '41', 35, 'SERGIO RICARDO RODRIGUES DE MELO', NULL, '2009-04-01', -421.90, NULL, '2010-04-06 11:48:58', 399),
(3546, 1, 566, 3, '2009-04-01', '2.2', '41', 36, 'SHIRLEY DE CASTRO MILITAO', NULL, '2009-04-01', -265.23, NULL, '2010-04-06 11:48:58', 399),
(3547, 1, 566, 3, '2009-04-01', '2.3', '41', 37, 'SUSANCLEY MORAES DOS SANTOS LIMA', NULL, '2009-04-01', -286.57, NULL, '2010-04-06 11:48:59', 399),
(3548, 1, 566, 3, '2009-04-01', '2.2', '41', 38, 'VANDERSON DA SILVA SALES', NULL, '2009-04-01', -265.23, NULL, '2010-04-06 11:48:59', 399),
(3549, 1, 566, 3, '2009-04-01', '2.2', '41', 39, 'Walter Pereira de Moura J?ior', NULL, '2009-04-01', -265.23, NULL, '2010-04-06 11:48:59', 399),
(3550, 1, 566, 3, '2009-04-01', '0', '11', 67, 'Faturamento', NULL, '2009-04-01', 531.43, NULL, '2010-04-06 11:49:00', 1),
(3551, 1, 566, 3, '2009-04-02', '1.2', '315', 66, 'Saco para lixo', NULL, '2009-04-02', -42.00, NULL, '2010-04-06 11:49:00', 9999),
(3552, 1, 566, 3, '2009-04-02', '1.2', '306', 66, 'CRC taxas', NULL, '2009-04-02', -300.00, NULL, '2010-04-06 11:49:00', 9999),
(3553, 1, 566, 3, '2009-04-02', '1.2', '313', 66, 'Agua Mineral', NULL, '2009-04-02', -32.50, NULL, '2010-04-06 11:49:01', 9999),
(3554, 1, 566, 3, '2009-04-02', '1.2', '315', 66, 'chaveiro', NULL, '2009-04-02', -15.00, NULL, '2010-04-06 11:49:01', 9999),
(3555, 1, 566, 3, '2009-04-02', '2.2', '315', 66, 'passagens Walter', NULL, '2009-04-02', -5.60, NULL, '2010-04-06 11:49:02', 9999),
(3556, 1, 566, 3, '2009-04-02', '0', '11', 67, 'Faturamento', NULL, '2009-04-02', 1165.00, NULL, '2010-04-06 11:49:02', 399),
(3557, 1, 566, 3, '2009-04-02', '1.4', '64', 58, '', NULL, '2009-04-02', -8.97, NULL, '2010-04-06 11:49:02', 399),
(3558, 1, 566, 3, '2009-04-02', '1.3', '72', 66, 'CHEQUE PRE PARA O AR', NULL, '2009-04-02', -516.66, NULL, '2010-04-06 11:49:03', 399),
(3559, 1, 566, 3, '2009-04-02', '1.3', '305', 12, '', NULL, '2009-04-02', -305.01, NULL, '2010-04-06 11:49:03', 399),
(3560, 1, 566, 3, '2009-04-02', '0', '11', 67, '', NULL, '2009-04-02', 1395.00, NULL, '2010-04-06 11:49:03', 1),
(3561, 1, 566, 3, '2009-04-03', '1.2', '315', 66, 'Detergente conf cupom fiscal', NULL, '2009-04-03', -0.99, NULL, '2010-04-06 11:49:04', 9999),
(3562, 1, 566, 3, '2009-04-03', '1.2', '306', 66, 'Bombeiro AGE', NULL, '2009-04-03', -137.77, NULL, '2010-04-06 11:49:04', 9999),
(3563, 1, 566, 3, '2009-04-03', '1.4', '316', 66, 'rembolso Srgio conf. Comp.', NULL, '2009-04-03', -141.94, NULL, '2010-04-06 11:49:04', 9999),
(3564, 1, 566, 3, '2009-04-03', '0', '11', 67, '', NULL, '2009-04-03', 465.00, NULL, '2010-04-06 11:49:05', 399),
(3565, 1, 566, 3, '2009-04-03', '1.4', '54', 13, 'PEDRO PEIXOTO', NULL, '2009-04-03', -3600.00, NULL, '2010-04-06 11:49:05', 399),
(3566, 1, 566, 3, '2009-04-03', '1.4', '64', 58, '', NULL, '2009-04-03', -2.99, NULL, '2010-04-06 11:49:05', 399),
(3567, 1, 566, 3, '2009-04-03', '0', '11', 67, '', NULL, '2009-04-03', 2305.43, NULL, '2010-04-06 11:49:06', 1),
(3568, 1, 566, 3, '2009-04-05', '1.4', '64', 58, '', NULL, '2009-04-05', -13.98, NULL, '2010-04-06 11:49:06', 399),
(3569, 1, 566, 3, '2009-04-06', '0', '99', 67, 'Sergio Costa', NULL, '2009-04-06', 1000.00, NULL, '2010-04-06 11:49:06', 9999),
(3570, 1, 566, 3, '2009-04-06', '1.2', '314', 66, 'Cartucho', NULL, '2009-04-06', -25.00, NULL, '2010-04-06 11:49:07', 9999),
(3571, 1, 566, 3, '2009-04-06', '1.3', '315', 66, 'Vigia', NULL, '2009-04-06', -80.00, NULL, '2010-04-06 11:49:07', 9999),
(3572, 1, 566, 3, '2009-04-06', '2.5', '315', 66, 'Rembolso Erica', NULL, '2009-04-06', -36.00, NULL, '2010-04-06 11:49:07', 9999),
(3573, 1, 566, 3, '2009-04-06', '2.1', '41', 22, 'pagamento Andressa', NULL, '2009-04-06', -300.00, NULL, '2010-04-06 11:49:08', 9999),
(3574, 1, 566, 3, '2009-04-06', '2.5', '41', 25, 'pagamento Erica', NULL, '2009-04-06', -274.96, NULL, '2010-04-06 11:49:08', 9999),
(3575, 1, 566, 3, '2009-04-06', '0', '11', 67, '', NULL, '2009-04-06', 2178.16, NULL, '2010-04-06 11:49:08', 399),
(3576, 1, 566, 3, '2009-04-06', '1.3', '301', 60, '', NULL, '2009-04-06', -120.00, NULL, '2010-04-06 11:49:09', 399),
(3577, 1, 566, 3, '2009-04-06', '1.3', '305', 12, '', NULL, '2009-04-06', -227.23, NULL, '2010-04-06 11:49:09', 399),
(3578, 1, 566, 3, '2009-04-06', '2.1', '41', 22, '', NULL, '2009-04-06', -279.27, NULL, '2010-04-06 11:49:09', 399),
(3579, 1, 566, 3, '2009-04-06', '2.5', '41', 25, '', NULL, '2009-04-06', -484.52, NULL, '2010-04-06 11:49:10', 399),
(3580, 1, 566, 3, '2009-04-06', '1.2', '41', 6, '', NULL, '2009-04-06', -1048.49, NULL, '2010-04-06 11:49:10', 399),
(3581, 1, 566, 3, '2009-04-06', '2.1', '41', 29, '', NULL, '2009-04-06', -559.90, NULL, '2010-04-06 11:49:10', 399),
(3582, 1, 566, 3, '2009-04-06', '2.1', '41', 33, '', NULL, '2009-04-06', -464.57, NULL, '2010-04-06 11:49:11', 399),
(3583, 1, 566, 3, '2009-04-06', '2.1', '41', 34, '', NULL, '2009-04-06', -612.90, NULL, '2010-04-06 11:49:11', 399),
(3584, 1, 566, 3, '2009-04-06', '0', '11', 67, '', NULL, '2009-04-06', 14006.22, NULL, '2010-04-06 11:49:11', 1),
(3585, 1, 566, 3, '2009-04-06', '0', '99', 67, '', NULL, '2009-04-06', -1000.00, NULL, '2010-04-06 11:49:12', 1),
(3586, 1, 566, 3, '2009-04-07', '0', '11', 67, '', NULL, '2009-04-07', 20174.65, NULL, '2010-04-06 11:49:12', 399),
(3587, 1, 566, 3, '2009-04-07', '1.2', '42', 3, '4.2 FGTS', NULL, '2009-04-07', -1393.06, NULL, '2010-04-06 11:49:12', 399),
(3588, 1, 566, 3, '2009-04-07', '1.2', '42', 3, '4.2 FGTS', NULL, '2009-04-07', -157.60, NULL, '2010-04-06 11:49:13', 399),
(3589, 1, 566, 3, '2009-04-07', '1.4', '64', 58, '', NULL, '2009-04-07', -105.78, NULL, '2010-04-06 11:49:13', 399),
(3590, 1, 566, 3, '2009-04-07', '1.1', '81', 1, '', NULL, '2009-04-07', -2725.58, NULL, '2010-04-06 11:49:13', 399),
(3591, 1, 566, 3, '2009-04-07', '1.1', '82', 2, '', NULL, '2009-04-07', -2790.68, NULL, '2010-04-06 11:49:14', 399),
(3592, 1, 566, 3, '2009-04-08', '1.2', '314', 66, 'Telefonia', NULL, '2009-04-08', -60.00, NULL, '2010-04-06 11:49:14', 9999),
(3593, 1, 566, 3, '2009-04-08', '1.2', '313', 66, 'Agua', NULL, '2009-04-08', -14.00, NULL, '2010-04-06 11:49:14', 9999),
(3594, 1, 566, 3, '2009-04-08', '2.2', '315', 66, 'exame Vanderson', NULL, '2009-04-08', -25.00, NULL, '2010-04-06 11:49:15', 9999),
(3595, 1, 566, 3, '2009-04-08', '1.4', '64', 58, '', NULL, '2009-04-08', -8.00, NULL, '2010-04-06 11:49:15', 399),
(3596, 1, 566, 3, '2009-04-08', '1.3', '305', 16, 'CLARO', NULL, '2009-04-08', -99.90, NULL, '2010-04-06 11:49:15', 399),
(3597, 1, 566, 3, '2009-04-08', '2.2', '41', 38, 'RESCISAO VANDERSON', NULL, '2009-04-08', -1193.58, NULL, '2010-04-06 11:49:16', 399),
(3598, 1, 566, 3, '2009-04-08', '0', '11', 67, '', NULL, '2009-04-08', 1132.50, NULL, '2010-04-06 11:49:16', 1),
(3599, 1, 566, 3, '2009-04-08', '1.2', '23', 5, '2.3 ISS', NULL, '2009-04-08', -630.21, NULL, '2010-04-06 11:49:16', 1),
(3600, 1, 566, 3, '2009-04-08', '1.1', '81', 1, '', NULL, '2009-04-08', -7274.42, NULL, '2010-04-06 11:49:16', 1),
(3601, 1, 566, 3, '2009-04-08', '1.1', '82', 2, '', NULL, '2009-04-08', -7209.32, NULL, '2010-04-06 11:49:17', 1),
(3602, 1, 566, 3, '2009-04-09', '0', '11', 67, '', NULL, '2009-04-09', 465.00, NULL, '2010-04-06 11:49:17', 399),
(3603, 1, 566, 3, '2009-04-09', '1.2', '73', 66, 'SWITCH - SERVIDORES', NULL, '2009-04-09', -318.00, NULL, '2010-04-06 11:49:17', 399),
(3604, 1, 566, 3, '2009-04-09', '2.5', '310', 14, 'HOSTING', NULL, '2009-04-09', -673.80, NULL, '2010-04-06 11:49:18', 399),
(3605, 1, 566, 3, '2009-04-09', '0', '11', 67, '', NULL, '2009-04-09', 5419.23, NULL, '2010-04-06 11:49:18', 1),
(3606, 1, 566, 3, '2009-04-12', '1.2', '73', 66, 'IMPRESSORA', NULL, '2009-04-12', -179.90, NULL, '2010-04-06 11:49:18', 1),
(3607, 1, 566, 3, '2009-04-13', '1.2', '47', 66, 'Exame  Vannele', NULL, '2009-04-13', -15.00, NULL, '2010-04-06 11:49:19', 9999),
(3608, 1, 566, 3, '2009-04-13', '1.2', '51', 66, 'Olo moto', NULL, '2009-04-13', -14.00, NULL, '2010-04-06 11:49:19', 9999),
(3609, 1, 566, 3, '2009-04-13', '1.4', '316', 66, 'Jucepe  Jair', NULL, '2009-04-13', -216.10, NULL, '2010-04-06 11:49:19', 9999),
(3610, 1, 566, 3, '2009-04-13', '0', '11', 67, '', NULL, '2009-04-13', 845.00, NULL, '2010-04-06 11:49:20', 399),
(3611, 1, 566, 3, '2009-04-13', '1.2', '45', 69, '', NULL, '2009-04-13', -2468.00, NULL, '2010-04-06 11:49:20', 399),
(3612, 1, 566, 3, '2009-04-13', '1.4', '64', 58, '', NULL, '2009-04-13', -142.01, NULL, '2010-04-06 11:49:20', 399),
(3613, 1, 566, 3, '2009-04-13', '1.3', '303', 61, 'Compesa', NULL, '2009-04-13', -63.26, NULL, '2010-04-06 11:49:21', 399),
(3614, 1, 566, 3, '2009-04-13', '1.2', '306', 66, 'CRC-TAXAS', NULL, '2009-04-13', -299.50, NULL, '2010-04-06 11:49:21', 399),
(3615, 1, 566, 3, '2009-04-13', '2.5', '311', 14, '', NULL, '2009-04-13', -135.00, NULL, '2010-04-06 11:49:21', 399),
(3616, 1, 566, 3, '2009-04-13', '2.5', '312', 65, 'ADAPTA', NULL, '2009-04-13', -1300.00, NULL, '2010-04-06 11:49:22', 399),
(3617, 1, 566, 3, '2009-04-13', '1.2', '314', 66, '', NULL, '2009-04-13', -419.69, NULL, '2010-04-06 11:49:22', 399),
(3618, 1, 566, 3, '2009-04-13', '0', '11', 67, '', NULL, '2009-04-13', 896.11, NULL, '2010-04-06 11:49:22', 1),
(3619, 1, 566, 3, '2009-04-13', '1.3', '71', 17, 'PAGAMENTO A ALBERTO', NULL, '2009-04-13', -1150.00, NULL, '2010-04-06 11:49:23', 1),
(3620, 1, 566, 3, '2009-04-14', '1.2', '306', 66, 'CRC taxas - Devoluo', NULL, '2009-04-14', 300.00, NULL, '2010-04-06 11:49:23', 9999),
(3621, 1, 566, 3, '2009-04-14', '0', '11', 67, '', NULL, '2009-04-14', 3522.56, NULL, '2010-04-06 11:49:23', 399),
(3622, 1, 566, 3, '2009-04-14', '1.4', '53', 71, 'MAXIMA', NULL, '2009-04-14', -2428.03, NULL, '2010-04-06 11:49:24', 399),
(3623, 1, 566, 3, '2009-04-14', '1.4', '64', 58, '', NULL, '2009-04-14', -24.97, NULL, '2010-04-06 11:49:24', 399),
(3624, 1, 566, 3, '2009-04-14', '1.1', '73', 66, 'COMPUTADOR LUCIANO', NULL, '2009-04-14', -319.80, NULL, '2010-04-06 11:49:25', 399),
(3625, 1, 566, 3, '2009-04-14', '0', '11', 67, '', NULL, '2009-04-14', 232.50, NULL, '2010-04-06 11:49:25', 1),
(3626, 1, 566, 3, '2009-04-14', '1.4', '53', 72, 'CEM  POR CENTO', NULL, '2009-04-14', -150.00, NULL, '2010-04-06 11:49:25', 1),
(3627, 1, 566, 3, '2009-04-15', '1.2', '313', 66, 'gua Mineral ', NULL, '2009-04-15', -14.00, NULL, '2010-04-06 11:49:26', 9999),
(3628, 1, 566, 3, '2009-04-15', '1.2', '315', 66, 'Compras conf. Cupom', NULL, '2009-04-15', -90.49, NULL, '2010-04-06 11:49:26', 9999),
(3629, 1, 566, 3, '2009-04-15', '1.2', '315', 66, 'Txi', NULL, '2009-04-15', -16.00, NULL, '2010-04-06 11:49:26', 9999),
(3630, 1, 566, 3, '2009-04-15', '1.2', '315', 66, 'Faqueiro', NULL, '2009-04-15', -10.00, NULL, '2010-04-06 11:49:27', 9999),
(3631, 1, 566, 3, '2009-04-15', '1.2', '46', 10, '', NULL, '2009-04-15', -610.56, NULL, '2010-04-06 11:49:27', 399),
(3632, 1, 566, 3, '2009-04-15', '1.3', '302', 66, 'ALUGUEL GUILHERME PINTO', NULL, '2009-04-15', -470.00, NULL, '2010-04-06 11:49:27', 399),
(3633, 1, 566, 3, '2009-04-15', '1.3', '304', 62, '3.04 Celpe', NULL, '2009-04-15', -458.69, NULL, '2010-04-06 11:49:28', 399),
(3634, 1, 566, 3, '2009-04-15', '1.3', '305', 7, 'O VENCIMENTO 10/04', NULL, '2009-04-15', -905.95, NULL, '2010-04-06 11:49:28', 399),
(3635, 1, 566, 3, '2009-04-15', '2.5', '311', 14, '', NULL, '2009-04-15', -150.00, NULL, '2010-04-06 11:49:28', 399),
(3636, 1, 566, 3, '2009-04-15', '0', '11', 67, '', NULL, '2009-04-15', 2406.09, NULL, '2010-04-06 11:49:29', 1),
(3637, 1, 566, 3, '2009-04-16', '2.5', '47', 66, 'Reembolso Erica', NULL, '2009-04-16', -24.00, NULL, '2010-04-06 11:49:29', 9999),
(3638, 1, 566, 3, '2009-04-16', '0', '99', 67, 'srgio', NULL, '2009-04-16', 600.00, NULL, '2010-04-06 11:49:29', 9999),
(3639, 1, 566, 3, '2009-04-16', '1.2', '315', 66, 'Marceneiro', NULL, '2009-04-16', -50.00, NULL, '2010-04-06 11:49:30', 9999),
(3640, 1, 566, 3, '2009-04-16', '0', '11', 67, '', NULL, '2009-04-16', 465.00, NULL, '2010-04-06 11:49:30', 399),
(3641, 1, 566, 3, '2009-04-16', '0', '99', 67, '', NULL, '2009-04-16', 7000.00, NULL, '2010-04-06 11:49:30', 341),
(3642, 1, 566, 3, '2009-04-16', '0', '99', 67, 'PARA PAGAMENTO DA FOLHA NO ITAU', NULL, '2009-04-16', -7000.00, NULL, '2010-04-06 11:49:31', 1),
(3643, 1, 566, 3, '2009-04-16', '0', '99', 67, 'TRANSFERENCIA -CAIXA PAGAMENTO SALARIOS', NULL, '2009-04-16', -600.00, NULL, '2010-04-06 11:49:31', 1),
(3644, 1, 566, 3, '2009-04-17', '1.2', '45', 69, 'VR Vanele', NULL, '2009-04-17', -60.50, NULL, '2010-04-06 11:49:31', 9999),
(3645, 1, 566, 3, '2009-04-17', '0', '99', 67, 'Srgio', NULL, '2009-04-17', 100.00, NULL, '2010-04-06 11:49:32', 9999),
(3646, 1, 566, 3, '2009-04-17', '1.2', '315', 66, 'Marceneiro', NULL, '2009-04-17', -30.00, NULL, '2010-04-06 11:49:32', 9999),
(3647, 1, 566, 3, '2009-04-17', '2.2', '315', 66, 'Passagens Valter', NULL, '2009-04-17', -10.00, NULL, '2010-04-06 11:49:32', 9999),
(3648, 1, 566, 3, '2009-04-17', '2.4', '41', 21, '', NULL, '2009-04-17', -186.00, NULL, '2010-04-06 11:49:33', 9999),
(3649, 1, 566, 3, '2009-04-17', '2.3', '41', 24, '', NULL, '2009-04-17', -360.00, NULL, '2010-04-06 11:49:33', 9999),
(3650, 1, 566, 3, '2009-04-17', '0', '11', 67, 'Aeroclube - Deposito', NULL, '2009-04-17', 697.50, NULL, '2010-04-06 11:49:33', 399),
(3651, 1, 566, 3, '2009-04-17', '0', '11', 67, 'RECEBIDO PELA SS DA ASA DE PRATA. TRANSFERIU JUNTO', NULL, '2009-04-17', 2922.86, NULL, '2010-04-06 11:49:34', 399),
(3652, 1, 566, 3, '2009-04-17', '0', '14', 67, 'RECEBIDO PELA SS DA ASA DE PRATA. TRANSFERIU JUNTO', NULL, '2009-04-17', -2922.86, NULL, '2010-04-06 11:49:34', 399),
(3653, 1, 566, 3, '2009-04-17', '1.3', '71', 66, 'CHEQUE PRE PARA AS CORTINAS', NULL, '2009-04-17', -300.00, NULL, '2010-04-06 11:49:34', 399),
(3654, 1, 566, 3, '2009-04-17', '1.4', '64', 59, '', NULL, '2009-04-17', -25.50, NULL, '2010-04-06 11:49:35', 341),
(3655, 1, 566, 3, '2009-04-17', '2.1', '41', 22, '', NULL, '2009-04-17', -299.27, NULL, '2010-04-06 11:49:35', 341),
(3656, 1, 566, 3, '2009-04-17', '2.1', '41', 23, '', NULL, '2009-04-17', -480.00, NULL, '2010-04-06 11:49:35', 341),
(3657, 1, 566, 3, '2009-04-17', '2.5', '41', 25, '', NULL, '2009-04-17', -412.00, NULL, '2010-04-06 11:49:36', 341),
(3658, 1, 566, 3, '2009-04-17', '1.2', '41', 6, '', NULL, '2009-04-17', -980.00, NULL, '2010-04-06 11:49:36', 341),
(3659, 1, 566, 3, '2009-04-17', '1.2', '41', 26, '', NULL, '2009-04-17', -186.00, NULL, '2010-04-06 11:49:36', 341),
(3660, 1, 566, 3, '2009-04-17', '1.2', '41', 27, '', NULL, '2009-04-17', -220.64, NULL, '2010-04-06 11:49:37', 341),
(3661, 1, 566, 3, '2009-04-17', '2.1', '41', 28, '', NULL, '2009-04-17', -600.00, NULL, '2010-04-06 11:49:37', 341),
(3662, 1, 566, 3, '2009-04-17', '2.1', '41', 29, '', NULL, '2009-04-17', -480.00, NULL, '2010-04-06 11:49:37', 341),
(3663, 1, 566, 3, '2009-04-17', '2.3', '41', 30, '', NULL, '2009-04-17', -510.00, NULL, '2010-04-06 11:49:38', 341),
(3664, 1, 566, 3, '2009-04-17', '2.1', '41', 31, '', NULL, '2009-04-17', -340.00, NULL, '2010-04-06 11:49:38', 341),
(3665, 1, 566, 3, '2009-04-17', '1.2', '41', 32, '', NULL, '2009-04-17', -186.00, NULL, '2010-04-06 11:49:38', 341),
(3666, 1, 566, 3, '2009-04-17', '2.1', '41', 33, '', NULL, '2009-04-17', -400.00, NULL, '2010-04-06 11:49:39', 341),
(3667, 1, 566, 3, '2009-04-17', '2.1', '41', 34, '', NULL, '2009-04-17', -600.00, NULL, '2010-04-06 11:49:39', 341),
(3668, 1, 566, 3, '2009-04-17', '2.3', '41', 35, '', NULL, '2009-04-17', -360.00, NULL, '2010-04-06 11:49:39', 341),
(3669, 1, 566, 3, '2009-04-17', '2.2', '41', 36, '', NULL, '2009-04-17', -260.00, NULL, '2010-04-06 11:49:40', 341),
(3670, 1, 566, 3, '2009-04-17', '2.3', '41', 37, '', NULL, '2009-04-17', -280.00, NULL, '2010-04-06 11:49:40', 341),
(3671, 1, 566, 3, '2009-04-17', '2.2', '41', 39, '', NULL, '2009-04-17', -260.00, NULL, '2010-04-06 11:49:40', 341),
(3672, 1, 566, 3, '2009-04-17', '0', '11', 67, '', NULL, '2009-04-17', 1250.00, NULL, '2010-04-06 11:49:41', 1),
(3673, 1, 566, 3, '2009-04-17', '0', '14', 67, 'RECEBIDO PELA SS DA ASA DE PRATA. TRANSFERIU JUNTO', NULL, '2009-04-17', 2922.86, NULL, '2010-04-06 11:49:41', 1),
(3674, 1, 566, 3, '2009-04-17', '0', '99', 67, 'Srgio', NULL, '2009-04-17', -100.00, NULL, '2010-04-06 11:49:41', 1),
(3675, 1, 566, 3, '2009-04-20', '0', '11', 67, 'DEPOSITO EBGE', NULL, '2009-04-20', 1792.77, NULL, '2010-04-06 11:49:42', 399),
(3676, 1, 566, 3, '2009-04-20', '1.2', '21', 3, '2.1 SIMPLES', NULL, '2009-04-20', -5233.43, NULL, '2010-04-06 11:49:42', 399),
(3677, 1, 566, 3, '2009-04-20', '1.2', '43', 3, '4.3 INSS', NULL, '2009-04-20', -2121.33, NULL, '2010-04-06 11:49:42', 399),
(3678, 1, 566, 3, '2009-04-20', '1.2', '43', 3, '4.3 INSS', NULL, '2009-04-20', -168.80, NULL, '2010-04-06 11:49:43', 399),
(3679, 1, 566, 3, '2009-04-20', '1.2', '61', 3, '', NULL, '2009-04-20', -322.79, NULL, '2010-04-06 11:49:43', 399),
(3680, 1, 566, 3, '2009-04-20', '1.2', '61', 3, '', NULL, '2009-04-20', -36.97, NULL, '2010-04-06 11:49:43', 399),
(3681, 1, 566, 3, '2009-04-20', '1.3', '302', 68, 'RUA DR VIRGILIO MOTA (VENC 05)', NULL, '2009-04-20', -2660.20, NULL, '2010-04-06 11:49:44', 399),
(3682, 1, 566, 3, '2009-04-20', '1.2', '309', 64, 'BELWEB', NULL, '2009-04-20', -70.00, NULL, '2010-04-06 11:49:44', 399),
(3683, 1, 566, 3, '2009-04-20', '1.2', '314', 66, '', NULL, '2009-04-20', -102.00, NULL, '2010-04-06 11:52:51', 399),
(3684, 1, 566, 3, '2009-04-20', '1.2', '21', 3, '2.1 SIMPLES', NULL, '2009-04-20', -681.02, NULL, '2010-04-06 11:53:19', 1),
(3685, 1, 566, 3, '2009-04-22', '0', '99', 67, 'Srgio', NULL, '2009-04-22', 100.00, NULL, '2010-04-06 11:53:30', 9999),
(3686, 1, 566, 3, '2009-04-22', '0', '99', 67, 'Srgio', NULL, '2009-04-22', 300.00, NULL, '2010-04-06 11:53:32', 9999),
(3687, 1, 566, 3, '2009-04-22', '0', '99', 67, 'Srgio', NULL, '2009-04-22', 789.44, NULL, '2010-04-06 11:53:33', 9999),
(3688, 1, 566, 3, '2009-04-22', '1.2', '314', 66, 'Reviso moto', NULL, '2009-04-22', -64.70, NULL, '2010-04-06 11:53:34', 9999),
(3689, 1, 566, 3, '2009-04-22', '2.1', '315', 66, 'Jobson prestao contas', NULL, '2009-04-22', -12.90, NULL, '2010-04-06 11:53:35', 9999),
(3690, 1, 566, 3, '2009-04-22', '1.4', '316', 66, 'Sedex coimex', NULL, '2009-04-22', -41.60, NULL, '2010-04-06 11:53:36', 9999),
(3691, 1, 566, 3, '2009-04-22', '1.4', '316', 66, 'Complemento Taxa Futura', NULL, '2009-04-22', -32.90, NULL, '2010-04-06 11:53:37', 9999),
(3692, 1, 566, 3, '2009-04-22', '2.1', '41', 23, 'HE de Armando', NULL, '2009-04-22', -350.86, NULL, '2010-04-06 11:53:39', 9999),
(3693, 1, 566, 3, '2009-04-22', '2.1', '41', 28, 'HE de Jobson', NULL, '2009-04-22', -438.58, NULL, '2010-04-06 11:53:40', 9999),
(3694, 1, 566, 3, '2009-04-22', '0', '11', 67, '', NULL, '2009-04-22', 900.00, NULL, '2010-04-06 11:53:41', 399),
(3695, 1, 566, 3, '2009-04-22', '1.4', '64', 58, '', NULL, '2009-04-22', -2.99, NULL, '2010-04-06 11:53:42', 399),
(3696, 1, 566, 3, '2009-04-22', '1.2', '314', 66, 'Pago em CHEQUE . Checar a NF com Gil', NULL, '2009-04-22', -310.00, NULL, '2010-04-06 11:53:44', 399),
(3697, 1, 566, 3, '2009-04-22', '0', '11', 67, '', NULL, '2009-04-22', 432.50, NULL, '2010-04-06 11:53:45', 1),
(3698, 1, 566, 3, '2009-04-22', '0', '99', 67, 'Srgio', NULL, '2009-04-22', -789.44, NULL, '2010-04-06 11:53:46', 1),
(3699, 1, 566, 3, '2009-04-22', '0', '99', 67, 'Srgio', NULL, '2009-04-22', -300.00, NULL, '2010-04-06 11:53:47', 1),
(3700, 1, 566, 3, '2009-04-22', '0', '99', 67, 'Srgio', NULL, '2009-04-22', -100.00, NULL, '2010-04-06 11:53:48', 1),
(3701, 1, 566, 3, '2009-04-23', '1.2', '314', 66, 'Compras conf. Cupom', NULL, '2009-04-23', -27.23, NULL, '2010-04-06 11:53:49', 9999),
(3702, 1, 566, 3, '2009-04-23', '1.2', '313', 66, 'Agua', NULL, '2009-04-23', -14.00, NULL, '2010-04-06 11:53:50', 9999),
(3703, 1, 566, 3, '2009-04-23', '2.3', '315', 66, 'passagens virginia', NULL, '2009-04-23', -3.70, NULL, '2010-04-06 11:53:52', 9999),
(3704, 1, 566, 3, '2009-04-23', '1.4', '316', 66, 'Sedex Odontoface', NULL, '2009-04-23', -40.60, NULL, '2010-04-06 11:53:53', 9999),
(3705, 1, 566, 3, '2009-04-23', '1.2', '55', 66, 'BEN-HUR', NULL, '2009-04-23', -275.00, NULL, '2010-04-06 11:53:54', 1),
(3706, 1, 566, 3, '2009-04-24', '0', '11', 67, '', NULL, '2009-04-24', 1250.00, NULL, '2010-04-06 11:53:55', 1),
(3707, 1, 566, 3, '2009-06-01', '2.1', '41', 23, 'VR Rmulo', NULL, '2009-06-01', -70.00, NULL, '2010-04-06 11:53:56', 9999),
(3708, 1, 566, 3, '2009-06-01', '2.5', '41', 25, 'vr erica', NULL, '2009-06-01', -155.40, NULL, '2010-04-06 11:53:57', 9999),
(3709, 1, 566, 3, '2009-06-01', '2.1', '41', 33, 'VR Armando', NULL, '2009-06-01', -90.00, NULL, '2010-04-06 11:53:59', 9999),
(3710, 1, 566, 3, '2009-06-01', '1.2', '306', 19, '', NULL, '2009-06-01', -50.00, NULL, '2010-04-06 11:54:00', 399),
(3711, 1, 566, 3, '2009-06-01', '2.5', '308', 18, 'GCI', NULL, '2009-06-01', -266.26, NULL, '2010-04-06 11:54:01', 399),
(3712, 1, 566, 3, '2009-06-01', '0', '11', 67, '', NULL, '2009-06-01', 420.00, NULL, '2010-04-06 11:54:02', 341),
(3713, 1, 566, 3, '2009-06-01', '1.4', '64', 59, '', NULL, '2009-06-01', -2.60, NULL, '2010-04-06 11:54:03', 341),
(3714, 1, 566, 3, '2009-06-01', '1.3', '305', 12, '', NULL, '2009-06-01', -222.43, NULL, '2010-04-06 11:54:05', 341),
(3715, 1, 566, 3, '2009-06-01', '0', '11', 67, 'Faturamento', NULL, '2009-06-01', 5075.12, NULL, '2010-04-06 11:54:06', 1),
(3716, 1, 566, 3, '2009-06-01', '0', '99', 67, '', NULL, '2009-06-01', -500.00, NULL, '2010-04-06 11:54:07', 1),
(3717, 1, 566, 3, '2009-06-02', '0', '99', 67, 'Srgio', NULL, '2009-06-02', 970.00, NULL, '2010-04-06 11:54:08', 9999),
(3718, 1, 566, 3, '2009-06-02', '1.3', '305', 12, '', NULL, '2009-06-02', -241.13, NULL, '2010-04-06 11:54:10', 399),
(3719, 1, 566, 3, '2009-06-02', '0', '11', 67, 'Faturamento', NULL, '2009-06-02', 5031.00, NULL, '2010-04-06 11:54:11', 341),
(3720, 1, 566, 3, '2009-06-02', '1.2', '43', 3, '4.3 INSS', NULL, '2009-06-02', -2294.59, NULL, '2010-04-06 11:54:12', 341),
(3721, 1, 566, 3, '2009-06-02', '1.4', '64', 59, '', NULL, '2009-06-02', -16.36, NULL, '2010-04-06 11:54:13', 341),
(3722, 1, 566, 3, '2009-06-02', '1.4', '64', 59, '', NULL, '2009-06-02', -7.80, NULL, '2010-04-06 11:54:14', 341);
INSERT INTO `TBMOVIMENTACAO` (`NUMLANCTO`, `IDUSUARIOLANCTO`, `CODIGOEMPRESA`, `CODIGOSITUACAO`, `DATALANCTO`, `CODIGOCCUSTO`, `CODIGOPLANO`, `CODIGOFORNECEDOR`, `OBSERVACAO`, `DOCUMENTO`, `DATAMOVIMENTO`, `VALOR`, `IDUA`, `DUA`, `CODIGOBANCO`) VALUES
(3723, 1, 566, 3, '2009-06-02', '0', '11', 67, 'RECEBIMENTO PERALTA EM DINHEIRO', NULL, '2009-06-02', 1312.63, NULL, '2010-04-06 11:54:15', 1),
(3724, 1, 566, 3, '2009-06-02', '0', '99', 67, 'RECEBIMENTO PERALTA EM DINHEIRO', NULL, '2009-06-02', -970.00, NULL, '2010-04-06 11:54:16', 1),
(3725, 1, 566, 3, '2009-06-03', '0', '99', 67, '', NULL, '2009-06-03', 1000.00, NULL, '2010-04-06 11:54:18', 399),
(3726, 1, 566, 3, '2009-06-03', '0', '99', 67, '', NULL, '2009-06-03', 6400.00, NULL, '2010-04-06 11:54:19', 341),
(3727, 1, 566, 3, '2009-06-03', '0', '11', 67, '', NULL, '2009-06-03', 1686.43, NULL, '2010-04-06 11:54:20', 1),
(3728, 1, 566, 3, '2009-06-03', '1.4', '54', 13, 'PEDRO PEIXOTO', NULL, '2009-06-03', -3600.00, NULL, '2010-04-06 11:54:21', 1),
(3729, 1, 566, 3, '2009-06-03', '0', '99', 67, '', NULL, '2009-06-03', -6400.00, NULL, '2010-04-06 11:54:22', 1),
(3730, 1, 566, 3, '2009-06-03', '0', '99', 67, '', NULL, '2009-06-03', -1000.00, NULL, '2010-04-06 11:54:23', 1),
(3731, 1, 566, 3, '2009-06-04', '1.3', '301', 60, 'Vencimento 4/5', NULL, '2009-06-04', -120.00, NULL, '2010-04-06 11:54:24', 399),
(3732, 1, 566, 3, '2009-06-04', '1.3', '305', 12, 'OI', NULL, '2009-06-04', -264.92, NULL, '2010-04-06 11:54:26', 399),
(3733, 1, 566, 3, '2009-06-04', '1.2', '315', 15, 'TELETAXI', NULL, '2009-06-04', -123.16, NULL, '2010-04-06 11:54:27', 399),
(3734, 1, 566, 3, '2009-06-04', '0', '11', 67, 'Faturamento', NULL, '2009-06-04', 1395.00, NULL, '2010-04-06 11:54:29', 341),
(3735, 1, 566, 3, '2009-06-04', '1.4', '64', 59, '', NULL, '2009-06-04', -5.20, NULL, '2010-04-06 11:54:30', 341),
(3736, 1, 566, 3, '2009-06-04', '0', '11', 67, '', NULL, '2009-06-04', 1617.11, NULL, '2010-04-06 11:54:31', 1),
(3737, 1, 566, 3, '2009-06-05', '1.2', '55', 73, 'Flavio Yaura', NULL, '2009-06-05', -500.00, NULL, '2010-04-06 11:54:32', 9999),
(3738, 1, 566, 3, '2009-06-05', '1.3', '55', 66, 'jardineiro', NULL, '2009-06-05', -85.00, NULL, '2010-04-06 11:54:34', 9999),
(3739, 1, 566, 3, '2009-06-05', '0', '99', 67, 'Srgio', NULL, '2009-06-05', 700.00, NULL, '2010-04-06 11:54:35', 9999),
(3740, 1, 566, 3, '2009-06-05', '1.2', '314', 66, 'oleo moto', NULL, '2009-06-05', -10.90, NULL, '2010-04-06 11:54:37', 9999),
(3741, 1, 566, 3, '2009-06-05', '1.2', '315', 66, 'Reembolso HE', NULL, '2009-06-05', -30.65, NULL, '2010-04-06 11:54:38', 9999),
(3742, 1, 566, 3, '2009-06-05', '1.2', '315', 66, 'Reembolso HE', NULL, '2009-06-05', -13.00, NULL, '2010-04-06 11:54:39', 9999),
(3743, 1, 566, 3, '2009-06-05', '1.2', '315', 66, 'almoo flvio', NULL, '2009-06-05', -6.50, NULL, '2010-04-06 11:54:40', 9999),
(3744, 1, 566, 3, '2009-06-05', '1.2', '315', 66, 'almoo flvio', NULL, '2009-06-05', -6.50, NULL, '2010-04-06 11:54:41', 9999),
(3745, 1, 566, 3, '2009-06-05', '1.2', '315', 66, 'estacionamento', NULL, '2009-06-05', -3.50, NULL, '2010-04-06 11:54:42', 9999),
(3746, 1, 566, 3, '2009-06-05', '2.1', '41', 22, 'pagamento Andressa', NULL, '2009-06-05', -300.00, NULL, '2010-04-06 11:54:44', 9999),
(3747, 1, 566, 3, '2009-06-05', '2.3', '41', 35, 'SERGIO RICARDO RODRIGUES DE MELO', NULL, '2009-06-05', -506.65, NULL, '2010-04-06 11:54:45', 9999),
(3748, 1, 566, 3, '2009-06-05', '1.2', '42', 3, '4.2 FGTS', NULL, '2009-06-05', -1443.28, NULL, '2010-04-06 11:54:46', 399),
(3749, 1, 566, 3, '2009-06-05', '1.2', '42', 3, '4.2 FGTS', NULL, '2009-06-05', -182.14, NULL, '2010-04-06 11:54:47', 399),
(3750, 1, 566, 3, '2009-06-05', '1.2', '42', 3, '4.2 FGTS', NULL, '2009-06-05', -1.16, NULL, '2010-04-06 11:54:48', 399),
(3751, 1, 566, 3, '2009-06-05', '2.5', '310', 14, 'HOSTING', NULL, '2009-06-05', -673.80, NULL, '2010-04-06 11:54:49', 399),
(3752, 1, 566, 3, '2009-06-05', '2.5', '312', 65, 'TREINAMENTO MODULO CONTRATO', NULL, '2009-06-05', -240.00, NULL, '2010-04-06 11:54:51', 399),
(3753, 1, 566, 3, '2009-06-05', '0', '11', 67, '', NULL, '2009-06-05', 2178.16, NULL, '2010-04-06 11:54:52', 341),
(3754, 1, 566, 3, '2009-06-05', '1.4', '64', 59, 'NATHALIA MELO ALVES DE BARROS', NULL, '2009-06-05', -30.00, NULL, '2010-04-06 11:54:53', 341),
(3755, 1, 566, 3, '2009-06-05', '1.4', '64', 59, '', NULL, '2009-06-05', -5.20, NULL, '2010-04-06 11:54:54', 341),
(3756, 1, 566, 3, '2009-06-05', '2.4', '41', 21, 'ALEXANDRE LUIZ DA SILVA', NULL, '2009-06-05', -241.85, NULL, '2010-04-06 11:54:55', 341),
(3757, 1, 566, 3, '2009-06-05', '2.1', '41', 22, '', NULL, '2009-06-05', -328.16, NULL, '2010-04-06 11:54:57', 341),
(3758, 1, 566, 3, '2009-06-05', '2.1', '41', 23, 'JOSE ARMANDO SOARES', NULL, '2009-06-05', -660.72, NULL, '2010-04-06 11:54:58', 341),
(3759, 1, 566, 3, '2009-06-05', '2.3', '41', 24, 'CARMEM VIRGINIA DE OLIVEIRA GONDIM', NULL, '2009-06-05', -402.02, NULL, '2010-04-06 11:54:59', 341),
(3760, 1, 566, 3, '2009-06-05', '2.5', '41', 25, '', NULL, '2009-06-05', -802.24, NULL, '2010-04-06 11:55:00', 341),
(3761, 1, 566, 3, '2009-06-05', '1.2', '41', 6, '', NULL, '2009-06-05', -1207.73, NULL, '2010-04-06 11:55:01', 341),
(3762, 1, 566, 3, '2009-06-05', '1.2', '41', 26, 'IVANETE MARIA DA COSTA MIGUEL', NULL, '2009-06-05', -241.85, NULL, '2010-04-06 11:55:02', 341),
(3763, 1, 566, 3, '2009-06-05', '1.2', '41', 27, 'JOAO BATISTA DA SILVA FILHO', NULL, '2009-06-05', -483.86, NULL, '2010-04-06 11:55:03', 341),
(3764, 1, 566, 3, '2009-06-05', '2.1', '41', 28, 'JOBSON VIANA DA SILVA', NULL, '2009-06-05', -792.11, NULL, '2010-04-06 11:55:05', 341),
(3765, 1, 566, 3, '2009-06-05', '2.1', '41', 29, '', NULL, '2009-06-05', -672.55, NULL, '2010-04-06 11:55:06', 341),
(3766, 1, 566, 3, '2009-06-05', '2.3', '41', 30, 'LILIANNE CORDEIRO LEAL', NULL, '2009-06-05', -631.43, NULL, '2010-04-06 11:55:07', 341),
(3767, 1, 566, 3, '2009-06-05', '2.1', '41', 31, 'MARIA CAROLINA LINS VIANA', NULL, '2009-06-05', -459.55, NULL, '2010-04-06 11:55:13', 341),
(3768, 1, 566, 3, '2009-06-05', '2.2', '41', 32, 'NATHALIA MELO ALVES DE BARROS', NULL, '2009-06-05', -259.93, NULL, '2010-04-06 11:55:13', 341),
(3769, 1, 566, 3, '2009-06-05', '2.1', '41', 33, '', NULL, '2009-06-05', -546.76, NULL, '2010-04-06 11:55:13', 341),
(3770, 1, 566, 3, '2009-06-05', '2.3', '41', 35, 'SERGIO RICARDO RODRIGUES DE MELO', NULL, '2009-06-05', -173.55, NULL, '2010-04-06 11:55:14', 341),
(3771, 1, 566, 3, '2009-06-05', '2.2', '41', 36, 'SHIRLEY DE CASTRO MILITAO', NULL, '2009-06-05', -354.55, NULL, '2010-04-06 11:55:14', 341),
(3772, 1, 566, 3, '2009-06-05', '2.3', '41', 37, 'SUSANCLEY MORAES DOS SANTOS LIMA', NULL, '2009-06-05', -334.99, NULL, '2010-04-06 11:55:14', 341),
(3773, 1, 566, 3, '2009-06-05', '2.2', '41', 39, 'Walter Pereira de Moura J?ior', NULL, '2009-06-05', -354.55, NULL, '2010-04-06 11:55:15', 341),
(3774, 1, 566, 3, '2009-06-05', '1.2', '41', 40, 'VANELLE', NULL, '2009-06-05', -224.02, NULL, '2010-04-06 11:55:15', 341),
(3775, 1, 566, 3, '2009-06-05', '2.1', '41', 41, 'NATHALIA MELO ALVES DE BARROS', NULL, '2009-06-05', -205.02, NULL, '2010-04-06 11:55:16', 341),
(3776, 1, 566, 3, '2009-06-05', '0', '11', 67, '', NULL, '2009-06-05', 17831.21, NULL, '2010-04-06 11:55:16', 1),
(3777, 1, 566, 3, '2009-06-05', '0', '99', 67, '', NULL, '2009-06-05', -700.00, NULL, '2010-04-06 11:55:16', 1),
(3778, 1, 566, 3, '2009-06-08', '1.3', '305', 16, 'CLARO', NULL, '2009-06-08', -99.90, NULL, '2010-04-06 11:55:17', 399),
(3779, 1, 566, 3, '2009-06-08', '0', '11', 67, '', NULL, '2009-06-08', 465.00, NULL, '2010-04-06 11:55:17', 341),
(3780, 1, 566, 3, '2009-06-08', '0', '11', 67, '', NULL, '2009-06-08', 20500.25, NULL, '2010-04-06 11:55:18', 341),
(3781, 1, 566, 3, '2009-06-08', '1.2', '45', 69, '', NULL, '2009-06-08', -2592.50, NULL, '2010-04-06 11:55:18', 341),
(3782, 1, 566, 3, '2009-06-08', '1.2', '45', 69, '', NULL, '2009-06-08', -273.00, NULL, '2010-04-06 11:55:18', 341),
(3783, 1, 566, 3, '2009-06-08', '1.4', '64', 59, '', NULL, '2009-06-08', -57.20, NULL, '2010-04-06 11:55:19', 341),
(3784, 1, 566, 3, '2009-06-08', '1.4', '64', 59, '', NULL, '2009-06-08', -7.80, NULL, '2010-04-06 11:55:19', 341),
(3785, 1, 566, 3, '2009-06-08', '1.1', '81', 1, '', NULL, '2009-06-08', -2725.58, NULL, '2010-04-06 11:55:19', 341),
(3786, 1, 566, 3, '2009-06-08', '1.1', '82', 2, '', NULL, '2009-06-08', -2747.21, NULL, '2010-04-06 11:55:20', 341),
(3787, 1, 566, 3, '2009-06-08', '0', '11', 67, '', NULL, '2009-06-08', 730.71, NULL, '2010-04-06 11:55:20', 1),
(3788, 1, 566, 3, '2009-06-08', '1.2', '23', 5, '2.3 ISS', NULL, '2009-06-08', -630.21, NULL, '2010-04-06 11:55:20', 1),
(3789, 1, 566, 3, '2009-06-09', '0', '99', 67, 'srgio', NULL, '2009-06-09', 465.00, NULL, '2010-04-06 11:55:21', 9999),
(3790, 1, 566, 3, '2009-06-09', '1.2', '313', 66, 'agua', NULL, '2009-06-09', -17.50, NULL, '2010-04-06 11:55:21', 9999),
(3791, 1, 566, 3, '2009-06-09', '1.2', '313', 66, 'gua', NULL, '2009-06-09', -16.37, NULL, '2010-04-06 11:55:21', 9999),
(3792, 1, 566, 3, '2009-06-09', '1.2', '314', 66, 'papel Higinico', NULL, '2009-06-09', -7.16, NULL, '2010-04-06 11:55:22', 9999),
(3793, 1, 566, 3, '2009-06-09', '2.5', '315', 66, 'deposito prest restrec', NULL, '2009-06-09', -275.00, NULL, '2010-04-06 11:55:22', 9999),
(3794, 1, 566, 3, '2009-06-09', '2.1', '315', 66, 'rembolso pessoa', NULL, '2009-06-09', -65.69, NULL, '2010-04-06 11:55:22', 9999),
(3795, 1, 566, 3, '2009-06-09', '2.1', '315', 66, 'rembolso pessoa', NULL, '2009-06-09', -19.36, NULL, '2010-04-06 11:55:23', 9999),
(3796, 1, 566, 3, '2009-06-09', '2.5', '315', 66, 'reembolso erica', NULL, '2009-06-09', -12.00, NULL, '2010-04-06 11:55:23', 9999),
(3797, 1, 566, 3, '2009-06-09', '2.2', '315', 66, 'passagens walter', NULL, '2009-06-09', -5.60, NULL, '2010-04-06 11:55:23', 9999),
(3798, 1, 566, 3, '2009-06-09', '2.3', '41', 30, 'LILIANNE CORDEIRO LEAL', NULL, '2009-06-09', -225.00, NULL, '2010-04-06 11:55:24', 9999),
(3799, 1, 566, 3, '2009-06-09', '1.4', '53', 71, 'MAXIMA', NULL, '2009-06-09', -2428.03, NULL, '2010-04-06 11:55:24', 341),
(3800, 1, 566, 3, '2009-06-09', '1.4', '62', 59, '', NULL, '2009-06-09', -9.27, NULL, '2010-04-06 11:55:25', 341),
(3801, 1, 566, 3, '2009-06-09', '1.4', '64', 59, '', NULL, '2009-06-09', -7.80, NULL, '2010-04-06 11:55:25', 341),
(3802, 1, 566, 3, '2009-06-09', '0', '11', 67, '', NULL, '2009-06-09', 465.00, NULL, '2010-04-06 11:55:26', 1),
(3803, 1, 566, 3, '2009-06-09', '0', '99', 67, '', NULL, '2009-06-09', -465.00, NULL, '2010-04-06 11:55:26', 1),
(3804, 1, 566, 3, '2009-06-10', '0', '99', 67, 'srgio', NULL, '2009-06-10', 232.50, NULL, '2010-04-06 11:55:26', 9999),
(3805, 1, 566, 3, '2009-06-10', '0', '99', 67, 'srgio', NULL, '2009-06-10', 950.00, NULL, '2010-04-06 11:55:27', 9999),
(3806, 1, 566, 3, '2009-06-10', '1.2', '315', 66, 'compras', NULL, '2009-06-10', -5.42, NULL, '2010-04-06 11:55:27', 9999),
(3807, 1, 566, 3, '2009-06-10', '1.4', '316', 66, 'audit pedir rembolso', NULL, '2009-06-10', -4.66, NULL, '2010-04-06 11:55:27', 9999),
(3808, 1, 566, 3, '2009-06-10', '0', '11', 67, '', NULL, '2009-06-10', 655.48, NULL, '2010-04-06 11:55:28', 399),
(3809, 1, 566, 3, '2009-06-10', '1.2', '46', 10, '', NULL, '2009-06-10', -1825.49, NULL, '2010-04-06 11:55:28', 399),
(3810, 1, 566, 3, '2009-06-10', '1.2', '46', 10, 'REFERENTE AO PLANO DE Luciano (Meses 05 e 06)', NULL, '2009-06-10', 1214.93, NULL, '2010-04-06 11:55:28', 399),
(3811, 1, 566, 3, '2009-06-10', '1.4', '64', 58, 'MENSALIDADE TC', NULL, '2009-06-10', -121.22, NULL, '2010-04-06 11:55:29', 399),
(3812, 1, 566, 3, '2009-06-10', '1.4', '64', 58, 'MENSALIDADE TC', NULL, '2009-06-10', -25.80, NULL, '2010-04-06 11:55:29', 399),
(3813, 1, 566, 3, '2009-06-10', '1.1', '82', 2, 'REFERENTE AO PLANO DE Luciano (Meses 05 e 06)', NULL, '2009-06-10', -1214.93, NULL, '2010-04-06 11:55:29', 399),
(3814, 1, 566, 3, '2009-06-10', '2.5', '311', 14, '', NULL, '2009-06-10', -135.00, NULL, '2010-04-06 11:55:30', 399),
(3815, 1, 566, 3, '2009-06-10', '2.5', '312', 65, 'ADAPTA', NULL, '2009-06-10', -1300.00, NULL, '2010-04-06 11:55:30', 399),
(3816, 1, 566, 3, '2009-06-10', '1.2', '73', 66, 'PROJETOR (2 PARCELAS) - VALOR PARCELA 189', NULL, '2009-06-10', -379.00, NULL, '2010-04-06 11:55:30', 341),
(3817, 1, 566, 3, '2009-06-10', '1.1', '73', 66, 'COMPUTADOR LUCIANO', NULL, '2009-06-10', -319.80, NULL, '2010-04-06 11:55:31', 341),
(3818, 1, 566, 3, '2009-07-03', '0', '99', 67, 'TRANSFERIDO SS 10.000 --> Complemento Transf caixa', NULL, '2009-07-03', 512.64, NULL, '2010-04-06 11:55:31', 341),
(3819, 1, 566, 3, '2009-07-03', '0', '11', 67, '', NULL, '2009-07-03', 3005.65, NULL, '2010-04-06 11:55:32', 1),
(3820, 1, 566, 3, '2009-07-03', '0', '99', 67, 'ITAU', NULL, '2009-07-03', -512.64, NULL, '2010-04-06 11:55:32', 1),
(3821, 1, 566, 3, '2009-07-04', '0', '11', 67, 'PERALTA', NULL, '2009-07-04', 1055.00, NULL, '2010-04-06 11:55:32', 1),
(3822, 1, 566, 3, '2009-07-06', '1.2', '55', 73, 'FLAVIO YAURA', NULL, '2009-07-06', -500.00, NULL, '2010-04-06 11:55:32', 9999),
(3823, 1, 566, 3, '2009-07-06', '0', '99', 67, 'Srgio', NULL, '2009-07-06', 1600.00, NULL, '2010-04-06 11:55:33', 9999),
(3824, 1, 566, 3, '2009-07-06', '1.2', '315', 66, 'Carta Registrada Coimex nf', NULL, '2009-07-06', -3.60, NULL, '2010-04-06 11:55:33', 9999),
(3825, 1, 566, 3, '2009-07-06', '2.3', '41', 42, 'Edileuza', NULL, '2009-07-06', -474.30, NULL, '2010-04-06 11:55:33', 9999),
(3826, 1, 566, 3, '2009-07-06', '2.1', '41', 43, 'Elizama', NULL, '2009-07-06', -190.28, NULL, '2010-04-06 11:55:34', 9999),
(3827, 1, 566, 3, '2009-07-06', '2.1', '41', 44, 'Mariana', NULL, '2009-07-06', -146.42, NULL, '2010-04-06 11:55:34', 9999),
(3828, 1, 566, 3, '2009-07-06', '2.3', '41', 45, 'Isais', NULL, '2009-07-06', -210.65, NULL, '2010-04-06 11:55:34', 9999),
(3829, 1, 566, 3, '2009-07-06', '0', '11', 67, '', NULL, '2009-07-06', 465.00, NULL, '2010-04-06 11:55:35', 341),
(3830, 1, 566, 3, '2009-07-06', '0', '11', 67, '', NULL, '2009-07-06', 1395.00, NULL, '2010-04-06 11:55:35', 341),
(3831, 1, 566, 3, '2009-07-06', '1.4', '64', 59, '', NULL, '2009-07-06', -28.50, NULL, '2010-04-06 11:55:35', 341),
(3832, 1, 566, 3, '2009-07-06', '1.4', '64', 59, '', NULL, '2009-07-06', -5.20, NULL, '2010-04-06 11:55:36', 341),
(3833, 1, 566, 3, '2009-07-06', '1.3', '301', 60, 'Vencimento 4/5', NULL, '2009-07-06', -120.00, NULL, '2010-04-06 11:55:36', 341),
(3834, 1, 566, 3, '2009-07-06', '1.3', '305', 12, 'OI Vencimento 4', NULL, '2009-07-06', -256.38, NULL, '2010-04-06 11:55:36', 341),
(3835, 1, 566, 3, '2009-07-06', '2.5', '310', 14, 'HOSTING', NULL, '2009-07-06', -673.80, NULL, '2010-04-06 11:55:37', 341),
(3836, 1, 566, 3, '2009-07-06', '1.2', '314', 83, 'NAGEM', NULL, '2009-07-06', -412.55, NULL, '2010-04-06 11:55:37', 341),
(3837, 1, 566, 3, '2009-07-06', '2.4', '41', 21, 'ALEXANDRE LUIZ DA SILVA', NULL, '2009-07-06', -218.65, NULL, '2010-04-06 11:55:37', 341),
(3838, 1, 566, 3, '2009-07-06', '2.1', '41', 22, '', NULL, '2009-07-06', -308.16, NULL, '2010-04-06 11:55:38', 341),
(3839, 1, 566, 3, '2009-07-06', '2.1', '41', 23, 'JOSE ARMANDO SOARES', NULL, '2009-07-06', -637.52, NULL, '2010-04-06 11:55:38', 341),
(3840, 1, 566, 3, '2009-07-06', '2.3', '41', 24, 'CARMEM VIRGINIA DE OLIVEIRA GONDIM', NULL, '2009-07-06', -378.82, NULL, '2010-04-06 11:55:38', 341),
(3841, 1, 566, 3, '2009-07-06', '2.5', '41', 25, '', NULL, '2009-07-06', -779.04, NULL, '2010-04-06 11:55:39', 341),
(3842, 1, 566, 3, '2009-07-06', '1.2', '41', 6, '', NULL, '2009-07-06', -1184.53, NULL, '2010-04-06 11:55:39', 341),
(3843, 1, 566, 3, '2009-07-06', '1.2', '41', 26, 'IVANETE MARIA DA COSTA MIGUEL', NULL, '2009-07-06', -218.65, NULL, '2010-04-06 11:55:39', 341),
(3844, 1, 566, 3, '2009-07-06', '1.2', '41', 27, 'JOAO BATISTA DA SILVA FILHO', NULL, '2009-07-06', -438.25, NULL, '2010-04-06 11:55:40', 341),
(3845, 1, 566, 3, '2009-07-06', '2.1', '41', 28, 'JOBSON VIANA DA SILVA', NULL, '2009-07-06', -779.91, NULL, '2010-04-06 11:55:40', 341),
(3846, 1, 566, 3, '2009-07-06', '2.1', '41', 29, '', NULL, '2009-07-06', -649.35, NULL, '2010-04-06 11:55:40', 341),
(3847, 1, 566, 3, '2009-07-06', '2.1', '41', 31, 'MARIA CAROLINA LINS VIANA', NULL, '2009-07-06', -436.35, NULL, '2010-04-06 11:55:41', 341),
(3848, 1, 566, 3, '2009-07-06', '2.2', '41', 32, 'NATHALIA MELO ALVES DE BARROS', NULL, '2009-07-06', -239.93, NULL, '2010-04-06 11:55:41', 341),
(3849, 1, 566, 3, '2009-07-06', '2.1', '41', 33, '', NULL, '2009-07-06', -526.76, NULL, '2010-04-06 11:55:41', 341),
(3850, 1, 566, 3, '2009-07-06', '2.3', '41', 35, 'SERGIO RICARDO RODRIGUES DE MELO', NULL, '2009-07-06', -427.82, NULL, '2010-04-06 11:55:42', 341),
(3851, 1, 566, 3, '2009-07-06', '2.2', '41', 36, 'SHIRLEY DE CASTRO MILITAO', NULL, '2009-07-06', -420.55, NULL, '2010-04-06 11:55:42', 341),
(3852, 1, 566, 3, '2009-07-06', '2.3', '41', 37, 'SUSANCLEY MORAES DOS SANTOS LIMA', NULL, '2009-07-06', -400.99, NULL, '2010-04-06 11:55:42', 341),
(3853, 1, 566, 3, '2009-07-06', '2.2', '41', 39, 'Walter Pereira de Moura J?ior', NULL, '2009-07-06', -420.55, NULL, '2010-04-06 11:55:43', 341),
(3854, 1, 566, 3, '2009-07-06', '1.2', '41', 40, 'VANELLE', NULL, '2009-07-06', -218.65, NULL, '2010-04-06 11:55:43', 341),
(3855, 1, 566, 3, '2009-07-06', '2.1', '41', 41, '', NULL, '2009-07-06', -221.85, NULL, '2010-04-06 11:55:43', 341),
(3856, 1, 566, 3, '2009-07-06', '0', '11', 67, '', NULL, '2009-07-06', 18642.77, NULL, '2010-04-06 11:55:44', 1),
(3857, 1, 566, 3, '2009-07-06', '0', '99', 67, 'CAIXA', NULL, '2009-07-06', -1600.00, NULL, '2010-04-06 11:55:44', 1),
(3858, 1, 566, 3, '2009-07-07', '0', '99', 67, '', NULL, '2009-07-07', 3600.00, NULL, '2010-04-06 11:55:44', 399),
(3859, 1, 566, 3, '2009-07-07', '0', '11', 67, '', NULL, '2009-07-07', 22551.51, NULL, '2010-04-06 11:55:45', 341),
(3860, 1, 566, 3, '2009-07-07', '1.2', '42', 3, '', NULL, '2009-07-07', -1485.26, NULL, '2010-04-06 11:55:45', 341),
(3861, 1, 566, 3, '2009-07-07', '1.2', '42', 3, '', NULL, '2009-07-07', -182.14, NULL, '2010-04-06 11:55:45', 341),
(3862, 1, 566, 3, '2009-07-07', '1.4', '64', 59, '', NULL, '2009-07-07', -57.20, NULL, '2010-04-06 11:55:46', 341),
(3863, 1, 566, 3, '2009-07-07', '1.4', '64', 59, '', NULL, '2009-07-07', -7.80, NULL, '2010-04-06 11:55:46', 341),
(3864, 1, 566, 3, '2009-07-07', '1.1', '81', 1, '', NULL, '2009-07-07', -2725.58, NULL, '2010-04-06 11:55:47', 341),
(3865, 1, 566, 3, '2009-07-07', '1.1', '82', 2, '', NULL, '2009-07-07', -2747.21, NULL, '2010-04-06 11:55:47', 341),
(3866, 1, 566, 3, '2009-07-07', '0', '11', 67, 'RECEBIDO EM  DINHEIRO MUNDO GOSPEL', NULL, '2009-07-07', 232.50, NULL, '2010-04-06 11:55:47', 1),
(3867, 1, 566, 3, '2009-07-07', '0', '11', 67, '', NULL, '2009-07-07', 465.00, NULL, '2010-04-06 11:55:48', 1),
(3868, 1, 566, 3, '2009-07-07', '1.1', '81', 1, '', NULL, '2009-07-07', -7274.42, NULL, '2010-04-06 11:55:48', 1),
(3869, 1, 566, 3, '2009-07-07', '1.1', '82', 2, 'DIFERENA + O PLANO DE SAUDE.', NULL, '2009-07-07', -6628.71, NULL, '2010-04-06 11:55:49', 1),
(3870, 1, 566, 3, '2009-07-07', '0', '99', 67, 'HSBC', NULL, '2009-07-07', -3600.00, NULL, '2010-04-06 11:55:49', 1),
(3871, 1, 566, 3, '2009-07-07', '0', '99', 67, 'RECEBIDO EM  DINHEIRO MUNDO GOSPEL', NULL, '2009-07-07', -232.50, NULL, '2010-04-06 11:55:50', 1),
(3872, 1, 566, 3, '2009-07-08', '0', '99', 67, 'Luciano', NULL, '2009-07-08', 232.50, NULL, '2010-04-06 11:55:50', 9999),
(3873, 1, 566, 3, '2009-07-08', '1.2', '313', 66, 'agua', NULL, '2009-07-08', -14.00, NULL, '2010-04-06 11:55:51', 9999),
(3874, 1, 566, 3, '2009-07-08', '1.2', '315', 66, 'multas sindicato infonet', NULL, '2009-07-08', -211.75, NULL, '2010-04-06 11:55:51', 9999),
(3875, 1, 566, 3, '2009-06-10', '1.3', '305', 7, 'O VENCIMENTO 10/04', NULL, '2009-06-10', -1143.23, NULL, '2010-04-06 11:55:52', 341),
(3876, 1, 566, 3, '2009-06-10', '0', '11', 67, '', NULL, '2009-06-10', 822.69, NULL, '2010-04-06 11:55:52', 1),
(3877, 1, 566, 3, '2009-06-10', '1.3', '71', 17, 'PAGAMENTO A ALBERTO', NULL, '2009-06-10', -1150.00, NULL, '2010-04-06 11:55:53', 1),
(3878, 1, 566, 3, '2009-06-10', '1.1', '81', 1, '', NULL, '2009-06-10', -7274.42, NULL, '2010-04-06 11:55:53', 1),
(3879, 1, 566, 3, '2009-06-10', '1.1', '82', 2, 'DIFERENA + O PLANO DE SAUDE.', NULL, '2009-06-10', -6037.86, NULL, '2010-04-06 11:55:53', 1),
(3880, 1, 566, 3, '2009-06-10', '0', '99', 67, '', NULL, '2009-06-10', -950.00, NULL, '2010-04-06 11:55:55', 1),
(3881, 1, 566, 3, '2009-06-10', '0', '99', 67, '', NULL, '2009-06-10', -232.50, NULL, '2010-04-06 11:55:55', 1),
(3882, 1, 566, 3, '2009-06-11', '1.2', '44', 70, 'VT edileuza', NULL, '2009-06-11', -167.40, NULL, '2010-04-06 11:55:56', 9999),
(3883, 1, 566, 3, '2009-06-11', '1.2', '44', 70, 'VT elisama', NULL, '2009-06-11', -125.80, NULL, '2010-04-06 11:55:56', 9999),
(3884, 1, 566, 3, '2009-06-11', '1.2', '45', 69, 'VR edileuza', NULL, '2009-06-11', -117.00, NULL, '2010-04-06 11:55:56', 9999),
(3885, 1, 566, 3, '2009-06-11', '1.2', '45', 69, 'VR elisama', NULL, '2009-06-11', -110.50, NULL, '2010-04-06 11:55:57', 9999),
(3886, 1, 566, 3, '2009-06-11', '2.1', '41', 28, 'horas extras jobson', NULL, '2009-06-11', -183.32, NULL, '2010-04-06 11:55:57', 9999),
(3887, 1, 566, 3, '2009-06-11', '0', '11', 67, '', NULL, '2009-06-11', 232.50, NULL, '2010-04-06 11:55:57', 1),
(3888, 1, 566, 3, '2009-06-12', '0', '99', 67, 'srgio', NULL, '2009-06-12', 1059.35, NULL, '2010-04-06 11:55:58', 9999),
(3889, 1, 566, 3, '2009-06-12', '1.2', '314', 66, 'conserto da impressora', NULL, '2009-06-12', -50.00, NULL, '2010-04-06 11:55:58', 9999),
(3890, 1, 566, 3, '2009-06-12', '1.2', '314', 66, 'Olo moto', NULL, '2009-06-12', -10.00, NULL, '2010-04-06 11:55:58', 9999),
(40256, 1, 566, 3, '2016-03-16', '2.3', '315', 66, 'Antnio Brando - Despesas com refeio (jantar) dia 16/03/2016 - Pessoal', NULL, '2016-03-16', -12.50, NULL, '2016-04-01 10:57:38', 9999),
(40257, 1, 566, 3, '2016-03-16', '2.1', '315', 66, 'Ana Claudia - Despesas com refeiao (jantar) dia 16/03/2016 - Contbil', NULL, '2016-03-16', -12.50, NULL, '2016-04-01 10:57:38', 9999),
(40258, 1, 566, 3, '2016-03-16', '2.1', '315', 66, 'Marcelo Cavalcanti - Despesas com refeiao (jantar) dia 16/03/2016 - Contbil', NULL, '2016-03-16', -12.50, NULL, '2016-04-01 10:57:39', 9999),
(40259, 1, 566, 3, '2016-03-17', '1.2', '313', 66, 'AGE - Despesas com compra de frutas para diretoria (Ameixa, Kiwi, Melo e Morango)', NULL, '2016-03-17', -20.15, NULL, '2016-04-01 10:57:39', 9999),
(40260, 1, 566, 3, '2016-03-17', '1.4', '316', 66, 'Andreia Carla - Despesas com passagens para homologao de Carmem Heliany da NEW LIFE  - Dia 17/03/2016 (Cobrar ?)', NULL, '2016-03-17', -25.60, NULL, '2016-04-01 10:57:39', 9999),
(40261, 1, 566, 3, '2016-03-17', '1.4', '316', 66, 'CONSTRUSEL - Despesas com Certido do FORUM DO RECIFE (Cobrar)', NULL, '2016-03-17', -6.71, NULL, '2016-04-01 10:57:39', 9999),
(40262, 1, 566, 3, '2016-03-17', '1.4', '316', 66, 'CONSTRUSEL - Despesas com Certido Negativa do CARTORIO DE PROTESTO DO 1 OFCIO (Cobrar)', NULL, '2016-03-17', -10.20, NULL, '2016-04-01 10:57:39', 9999),
(40263, 1, 566, 3, '2016-03-17', '1.4', '316', 66, 'CONSTRUSEL - Despesas com Certido Negativa do CARTRIO DE PROTESTO DO 2 OFICIO (Cobrar)', NULL, '2016-03-17', -10.20, NULL, '2016-04-01 10:57:39', 9999),
(40264, 1, 566, 3, '2016-03-17', '1.4', '316', 66, 'CONSTRUSEL - Despesas com Certido Civel - PODER JUDICIRIO (DARJ) (Cobrar)', NULL, '2016-03-17', -6.71, NULL, '2016-04-01 10:57:40', 9999),
(40265, 1, 566, 3, '2016-03-17', '1.4', '316', 66, 'CONSTRUSEL - Despesas com Certido de Ao/Execuo - PODER JUDICIRIO (DARJ) (Cobrar)', NULL, '2016-03-17', -6.71, NULL, '2016-04-01 10:57:40', 9999),
(40266, 1, 566, 3, '2016-03-17', '2.2', '315', 66, 'Edileuza Ferraz - Despesas com Passagens para AGE/RECEITA/AGE - Dias 08 e 15/03/2016 - ALEXANDRE ALECRIM E TRIO EMPREENDIMENTOS', NULL, '2016-03-17', -16.80, NULL, '2016-04-01 10:57:40', 9999),
(40267, 1, 566, 3, '2016-03-17', '2.3', '315', 66, 'Wilma Santos - Despesas com refeio (jantar) dia 17/03/2016 - Pessoal', NULL, '2016-03-17', -12.50, NULL, '2016-04-01 10:57:40', 9999),
(40268, 1, 566, 3, '2016-03-17', '2.3', '315', 66, 'Evandro Francisco - Despesas com refeio (jantar) dia 17/03/2016 - Pessoal', NULL, '2016-03-17', -12.50, NULL, '2016-04-01 10:57:40', 9999),
(40269, 1, 566, 3, '2016-03-17', '2.3', '315', 66, 'Antnio Brando - Despesas com refeio (jantar) dia 17/03/2016 - Pessoal', NULL, '2016-03-17', -12.50, NULL, '2016-04-01 10:57:40', 9999),
(40270, 1, 566, 3, '2016-03-18', '0', '99', 67, 'CHEQUE N 000622  - BANCO ITA', NULL, '2016-03-18', 2800.00, NULL, '2016-04-01 10:57:40', 9999),
(40271, 1, 566, 3, '2016-03-18', '1.2', '315', 66, 'Luciano Leo - Despesas com estacionamento no banco Ita Casa Forte', NULL, '2016-03-18', -8.00, NULL, '2016-04-01 10:57:41', 9999),
(40272, 1, 566, 3, '2016-03-18', '2.1', '315', 66, 'Luciana Damascena - Despesas com combustivel e refeio (JANTAR) para reunio da AGE/DAM/ATIVA - DIAS 14, 16 E 17/03/2016', NULL, '2016-03-18', -92.50, NULL, '2016-04-01 10:57:41', 9999),
(40273, 1, 566, 3, '2016-03-18', '1.2', '51', 66, 'Joo - Despesas com combustivel para moto', NULL, '2016-03-18', -50.00, NULL, '2016-04-01 10:57:41', 9999),
(40274, 1, 566, 3, '2016-03-18', '2.3', '45', 66, 'Andreia Carla - Despesas com passagens e refeio (almoo) para os dias 15, 17 e 18 de MARO/2016', NULL, '2016-03-18', -71.10, NULL, '2016-04-01 10:57:41', 9999),
(40275, 1, 566, 3, '2016-03-18', '2.3', '41', 238, 'Andreia Carla - Despesas com prestao de servios realizado nos dias 15, 17 e 18 de MARO/2016', NULL, '2016-03-18', -125.00, NULL, '2016-04-01 10:57:41', 9999),
(40276, 1, 566, 3, '2016-03-18', '1.2', '51', 66, 'Wellington Freitas - Despesas com cinco diarias da moto + cinco diarias de combustivel. Perodos de 14 a 18/03/2016', NULL, '2016-03-18', -125.00, NULL, '2016-04-01 10:57:41', 9999),
(40277, 1, 566, 3, '2016-03-18', '2.1', '45', 66, 'Maria Carolina - Despesas com refeies (almoo) para o ms de MARO/2016', NULL, '2016-03-18', -275.00, NULL, '2016-04-01 10:57:42', 9999),
(40278, 1, 566, 3, '2016-03-18', '2.1', '41', 31, 'Maria Carolina - Despesas com adiantamento com prestao de servios no ms de MARO/2016', NULL, '2016-03-18', -1159.83, NULL, '2016-04-01 10:57:42', 9999),
(40279, 1, 566, 3, '2016-03-21', '1.2', '313', 66, 'AGE - Despesas com compra de frutas para diretoria (Mamo, Melo, Ameixa e Kiwi)', NULL, '2016-03-21', -31.24, NULL, '2016-04-01 10:57:42', 9999),
(40280, 1, 566, 3, '2016-03-21', '1.2', '315', 66, 'AGE - Despesas com complemento de medicamentos para repor a farmacia da empresa.', NULL, '2016-03-21', -46.87, NULL, '2016-04-01 10:57:42', 9999),
(40281, 1, 566, 3, '2016-03-21', '1.2', '314', 66, 'AGE - Despesas com compra complementar de puxadores e pilhas para calculadoras', NULL, '2016-03-21', -7.27, NULL, '2016-04-01 10:57:42', 9999),
(40282, 1, 566, 3, '2016-03-22', '1.2', '315', 66, 'AGE - Despesas com autenticaes e reconhecimento para Pernambuco Motos (Luciano Cherpak)', NULL, '2016-03-22', -49.00, NULL, '2016-04-01 10:57:42', 9999),
(40283, 1, 566, 3, '2016-03-22', '2.1', '315', 66, 'Maria Carolina - Despesas com refeiao (jantar) dia 21/03/2016 - Contbil', NULL, '2016-03-22', -12.50, NULL, '2016-04-01 10:57:43', 9999),
(40284, 1, 566, 3, '2016-03-22', '2.1', '315', 66, 'Ana Claudia - Despesas com refeiao (jantar) dia 21/03/2016 - Contbil ', NULL, '2016-03-22', -12.50, NULL, '2016-04-01 10:57:43', 9999),
(40285, 1, 566, 3, '2016-03-22', '2.1', '315', 66, 'Cidicleia - Despesas com refeiao (jantar) dia 21/03/2016 - Contbil', NULL, '2016-03-22', -12.50, NULL, '2016-04-01 10:57:43', 9999),
(40286, 1, 566, 3, '2016-03-22', '2.1', '315', 66, 'Maria Carolina - Despesas com refeiao (jantar) dia 22/03/2016 - Contbil', NULL, '2016-03-22', -12.50, NULL, '2016-04-01 10:57:43', 9999),
(40287, 1, 566, 3, '2016-03-22', '2.1', '315', 66, 'Luciana Damascena - Despesas com combustivel e fereio para AGE/CONSTRUSEL/JANGADEIRO - REUNIES - dias 21 e 22/03/2016 ', NULL, '2016-03-22', -72.50, NULL, '2016-04-01 10:57:43', 9999),
(40288, 1, 566, 3, '2016-03-22', '1.4', '316', 66, 'Wilma Santos - Despesas com passagens para homologaes de Carlos da PRODUTIVA - Dia 22/03/2016 (Cobrar ?)', NULL, '2016-03-22', -5.60, NULL, '2016-04-01 10:57:43', 9999),
(40289, 1, 566, 3, '2016-03-23', '1.4', '316', 66, 'Wilma Santos - Despesas com passagens para homologaes de Patricia Ferreira da SC COSTA - Dia 23/03/2016 (Cobrar ?)', NULL, '2016-03-23', -5.60, NULL, '2016-04-01 10:57:44', 9999),
(40290, 1, 566, 3, '2016-03-23', '1.2', '51', 66, 'Joo - Despesas com complemento de combustivel para moto', NULL, '2016-03-23', -30.00, NULL, '2016-04-01 10:57:44', 9999),
(40291, 1, 566, 3, '2016-03-23', '1.2', '313', 66, 'AGE - Despesas com compra de 400 copos descartaves  na Kinitos', NULL, '2016-03-23', -12.60, NULL, '2016-04-01 10:57:44', 9999),
(40292, 1, 566, 3, '2016-03-23', '2.3', '315', 66, 'Antnio Brando - Despesas com refeio (jantar) - dia 23/03/2016 - PESSOAL', NULL, '2016-03-23', -12.50, NULL, '2016-04-01 10:57:44', 9999),
(40293, 1, 566, 3, '2016-03-23', '2.3', '315', 66, 'Wilma Santos - Despesas com refeio (jantar) - dia 23/03/2016 - PESSOAL', NULL, '2016-03-23', -12.50, NULL, '2016-04-01 10:57:44', 9999),
(40294, 1, 566, 3, '2016-03-23', '2.3', '315', 66, 'Jnatha Emanuel - Despesas com refeio (jantar) - dia 23/03/2016 - PESSOAL', NULL, '2016-03-23', -12.50, NULL, '2016-04-01 10:57:44', 9999),
(40295, 1, 566, 3, '2016-03-23', '2.3', '315', 66, 'Evandro Francisco - Despesas com refeio (jantar) - dia 23/03/2016 - PESSOAL', NULL, '2016-03-23', -12.50, NULL, '2016-04-01 10:57:44', 9999),
(40296, 1, 566, 3, '2016-03-23', '1.2', '315', 66, 'AGE - Despesas com compra de chocolates para distribuio com funcionarios na ceia da Pscoa', NULL, '2016-03-23', -50.98, NULL, '2016-04-01 10:57:45', 9999),
(40297, 1, 566, 3, '2016-03-24', '1.2', '313', 66, 'AGE - Despesas com compra de Uvas (Diretoria) para a ceia da Pscoa', NULL, '2016-03-24', -10.41, NULL, '2016-04-01 10:57:45', 9999),
(40298, 1, 566, 3, '2016-03-24', '1.2', '313', 66, 'Srgio Costa - Despesas com compra de uma Coca-Cola Zero em lata. ', NULL, '2016-03-24', -4.00, NULL, '2016-04-01 10:57:45', 9999),
(40299, 1, 566, 3, '2016-03-24', '1.4', '316', 66, 'Wilma Santos - Despesas com passagens para homologaes de Erick, Jones e Iago da FP COMERCIO, e de Fbio da PARLA PIZZA (Cobrar ?)', NULL, '2016-03-24', -5.60, NULL, '2016-04-01 10:57:45', 9999),
(40300, 1, 566, 3, '2016-03-24', '1.2', '51', 66, 'Wellington Freitas - Despesas com quatro diarias da moto + quatro diarias de combustivel. Perodos de 21 a 24/03/2016', NULL, '2016-03-24', -100.00, NULL, '2016-04-01 10:57:45', 9999),
(40301, 1, 566, 3, '2016-03-28', '1.2', '51', 66, 'Joo - Despesas com combustivel para moto', NULL, '2016-03-28', -50.00, NULL, '2016-04-01 10:57:45', 9999),
(40302, 1, 566, 3, '2016-03-28', '1.2', '315', 66, 'AGE - Despesas com reconhecimento e autenticaes (Luciano Cherpak) para Pernambuco Motos.', NULL, '2016-03-28', -23.60, NULL, '2016-04-01 10:57:46', 9999),
(40303, 1, 566, 3, '2016-03-28', '1.2', '313', 66, 'AGE - Despesas com compra de frutas para diretoria (Abacaxi, Melncia, Ameixa, Limo, Mamo e Kiwi)', NULL, '2016-03-28', -33.84, NULL, '2016-04-01 10:57:46', 9999),
(40304, 1, 566, 3, '2016-03-28', '2.2', '315', 66, 'Edileuza Ferraz - Despesas com passagens para AGE/RECEITA/SEFAZ/JUNTA/AGE - dias 22, 28 e 29/03/2016 - TRIO/CHAINY/COSNTRUFIT/MIX/NAP', NULL, '2016-03-28', -33.60, NULL, '2016-04-01 10:57:46', 9999),
(40305, 1, 566, 3, '2016-03-28', '2.1', '315', 66, 'Marcelo Cavalcanti - Despesas com refeiao (jantar) dia 28/03/2016 - Contbil', NULL, '2016-03-28', -12.50, NULL, '2016-04-01 10:57:46', 9999),
(40306, 1, 566, 3, '2016-03-28', '2.1', '315', 66, 'Luciana Damascena - Despesas com refeiao (jantar) dia 28/03/2016 - Contbil', NULL, '2016-03-28', -12.50, NULL, '2016-04-01 10:57:46', 9999),
(40307, 1, 566, 3, '2016-03-28', '2.1', '315', 66, 'Jobson Viana - Despesas com refeiao (jantar) dia 28/03/2016 - Contbil', NULL, '2016-03-28', -12.50, NULL, '2016-04-01 10:57:46', 9999),
(40308, 1, 566, 3, '2016-03-28', '1.4', '316', 66, 'Wilma Santos - Despesas com passagens para homologao de Monica da CIDIZ  e Marcelo da EXPEDITO ALUMINIO - dia 28/03/2016 (Cobrar ?)', NULL, '2016-03-28', -5.60, NULL, '2016-04-01 10:57:46', 9999),
(40309, 1, 566, 3, '2016-03-29', '2.3', '315', 66, 'Wilma Santos - Despesas com refeio (jantar) dia 29/03/2016 - PESSOAL', NULL, '2016-03-29', -12.50, NULL, '2016-04-01 10:57:47', 9999),
(40310, 1, 566, 3, '2016-03-29', '2.3', '315', 66, 'Jnathan Emanuel - Despesas com refeio (jantar) dia 29/03/2016 - PESSOAL', NULL, '2016-03-29', -12.50, NULL, '2016-04-01 10:57:47', 9999),
(40311, 1, 566, 3, '2016-03-29', '2.3', '315', 66, 'Antnio Brando - Despesas com refeio (jantar) dia 29/03/2016 - PESSOAL', NULL, '2016-03-29', -12.50, NULL, '2016-04-01 10:57:47', 9999),
(40312, 1, 566, 3, '2016-03-29', '2.3', '315', 66, 'Evandro Francisco - Despesas com refeio (jantar) dia 29/03/2016 - PESSOAL', NULL, '2016-03-29', -12.50, NULL, '2016-04-01 10:57:47', 9999),
(40313, 1, 566, 3, '2016-03-29', '2.1', '315', 66, 'Marcelo Cavalcanti - Despesas com refeio (jantar) dia 29/03/2016 - CONTBIL', NULL, '2016-03-29', -12.50, NULL, '2016-04-01 10:57:47', 9999),
(40314, 1, 566, 3, '2016-03-29', '2.1', '315', 66, 'Jobson Viana - Despesas com refeio (jantar) dia 29/03/2016 - PESSOAL', NULL, '2016-03-29', -12.50, NULL, '2016-04-01 10:57:47', 9999),
(40315, 1, 566, 3, '2016-03-29', '1.2', '51', 66, 'Joo - Despesas com complemento de combustivel para moto', NULL, '2016-03-29', -30.00, NULL, '2016-04-01 10:57:48', 9999),
(40316, 1, 566, 3, '2016-03-29', '2.1', '315', 66, 'Jos Armando - Despesas com refeio (jantar) dia 29/03/2016 - CONTBIL', NULL, '2016-03-29', -12.50, NULL, '2016-04-01 10:57:48', 9999),
(40317, 1, 566, 3, '2016-03-30', '2.2', '315', 66, 'Maurilho Filho - Despesas com passagens para AGE/SEFAZ/AGE - CHAINY, LARISSA, AGUIAR NUTRIO. ', NULL, '2016-03-30', -15.60, NULL, '2016-04-01 10:57:48', 9999),
(40318, 1, 566, 3, '2016-03-30', '1.2', '51', 66, 'Joo / Wellington - Despesas com combustivel para as duas motos novas', NULL, '2016-03-30', -20.00, NULL, '2016-04-01 10:57:48', 9999),
(40319, 1, 566, 3, '2016-03-30', '1.2', '51', 66, 'Wellington Freiras - Despesas com combustivel para moto nova', NULL, '2016-03-30', -30.00, NULL, '2016-04-01 10:57:48', 9999),
(40320, 1, 566, 3, '2016-03-30', '1.2', '51', 66, 'Joo - Despesas com complemento de combustivel para moto nova', NULL, '2016-03-30', -30.00, NULL, '2016-04-01 10:57:48', 9999),
(40321, 1, 566, 3, '2016-03-30', '1.2', '44', 66, 'Wellington Freitas - Despesas com passagens AGE/CASA/AGE/CASA - dias 30, 31/03 e 01/04/2016', NULL, '2016-03-30', -14.00, NULL, '2016-04-01 10:57:48', 9999),
(40322, 1, 566, 3, '2016-03-30', '1.2', '44', 66, 'Joo - Despesas com passagens AGE/CASA/AGE/CASA - dias 30, 31/03 e 01/04/2016', NULL, '2016-03-30', -14.00, NULL, '2016-04-01 10:57:49', 9999),
(40323, 1, 566, 3, '2016-03-31', '1.2', '313', 66, 'AGE - Despesas com compra de frutas para diretoria (Ameixa, Uva e Banana)', NULL, '2016-03-31', -14.07, NULL, '2016-04-01 10:57:49', 9999),
(40324, 1, 566, 3, '2016-03-31', '1.2', '315', 66, 'Luciano Leo - Despesas com estacionamento no banco Ita Casa Forte', NULL, '2016-03-31', -4.00, NULL, '2016-04-01 10:57:49', 9999),
(40325, 1, 566, 3, '2016-03-31', '1.2', '315', 66, 'AGE - Despesas com reconhecimento de firmas de duas procuraes para Pernambuco Motos - Luciano Cherpak', NULL, '2016-03-31', -8.72, NULL, '2016-04-01 10:57:49', 9999),
(40326, 1, 566, 3, '2016-03-31', '0', '99', 67, 'CHEQUE N 000623  - BANCO ITA', NULL, '2016-03-31', 4500.00, NULL, '2016-04-01 10:57:49', 9999),
(40327, 1, 566, 3, '2016-03-31', '2.1', '41', 119, 'Luciana Damascena - Despesas com ajuda de Combustivel para o ms de ABRIL/2016', NULL, '2016-03-31', -300.00, NULL, '2016-04-01 10:57:49', 9999),
(40328, 1, 566, 3, '2016-03-31', '2.3', '41', 204, 'Jnatha Emanuel - Despesas com ajuda de Combustivel para o ms de ABRIL/2016', NULL, '2016-03-31', -128.00, NULL, '2016-04-01 10:57:50', 9999),
(40329, 1, 566, 3, '2016-03-31', '2.2', '41', 228, 'Luiz Santana - Despesas com ajuda de Combustivel para o ms de ABRIL/2016', NULL, '2016-03-31', -70.00, NULL, '2016-04-01 10:57:50', 9999),
(40330, 1, 566, 3, '2016-03-31', '1.2', '41', 97, 'Luciano Leo - Despesas com ajuda de Combustivel para o ms de ABRIL/2016', NULL, '2016-03-31', -200.00, NULL, '2016-04-01 10:57:50', 9999),
(40331, 1, 566, 3, '2016-03-31', '2.2', '41', 229, 'Maurilho Filho - Despesas com ajuda de Combustivel para o ms de ABRIL/2016', NULL, '2016-03-31', -88.00, NULL, '2016-04-01 10:57:50', 9999),
(40332, 1, 566, 3, '2016-03-31', '2.1', '41', 23, 'Jos Armando - Despesas com ajuda de Combustivel para o ms de ABRIL/2016', NULL, '2016-03-31', -70.00, NULL, '2016-04-01 10:57:50', 9999),
(40333, 1, 566, 3, '2016-03-31', '1.2', '41', 173, 'Simone Cmara - Despesas com ajuda de Combustivel para o ms de ABRIL/2016', NULL, '2016-03-31', -200.00, NULL, '2016-04-01 10:57:50', 9999),
(40334, 1, 566, 3, '2016-03-31', '1.2', '41', 184, 'Rafaela Albuquerque - Despesas com ajuda de Combustivel para o ms de ABRIL/2016', NULL, '2016-03-31', -70.00, NULL, '2016-04-01 10:57:51', 9999),
(40335, 1, 566, 3, '2016-03-31', '2.3', '45', 66, 'Jnatha Emanuel - Despesas com complemento de refeies (almoo) 14 dias para o ms de ABRIL/2016', NULL, '2016-03-31', -175.00, NULL, '2016-04-01 10:57:51', 9999),
(40336, 1, 566, 3, '2016-03-31', '1.2', '55', 73, 'Flvio Yaura  - Despesas com servios prestados de Informatica na AGE CONSULTING no ms de MARO/2016', NULL, '2016-03-31', -880.00, NULL, '2016-04-01 10:57:51', 9999),
(40337, 1, 566, 3, '2016-03-31', '1.2', '55', 73, 'Flvio Yaura  - Despesas com Servios Extra Prestados de Informatica na AGE CONSULTING no ms de MARO/2016', NULL, '2016-03-31', -676.90, NULL, '2016-04-01 10:57:51', 9999),
(40338, 1, 566, 3, '2016-03-31', '1.4', '55', 74, 'Ricardo - Vigia - MARO/2016', NULL, '2016-03-31', -100.00, NULL, '2016-04-01 10:57:51', 9999),
(40339, 1, 566, 3, '2016-03-31', '1.2', '315', 66, 'Luciano Leo - Despesas com quilometros rodados a servios da AGE CONSULTING no ms de MARO/2016', NULL, '2016-03-31', -40.63, NULL, '2016-04-01 10:57:51', 9999),
(40340, 1, 566, 3, '2016-03-31', '2.1', '315', 66, 'Jobson Viana - Despesas com refeio (jantar) dia 31/03/2016 - CONTBIL', NULL, '2016-03-31', -12.50, NULL, '2016-04-01 10:57:51', 9999),
(40341, 1, 566, 3, '2016-03-31', '2.1', '315', 66, 'Armando Soares - Despesas com refeio (jantar) dia 31/03/2016 - CONTBIL', NULL, '2016-03-31', -12.50, NULL, '2016-04-01 10:57:52', 9999),
(40342, 1, 566, 3, '2016-03-31', '2.1', '315', 66, 'Luciana Damascena - Despesas com combustivel para AGE/RECEITA/ESTACIONAMENTO - STAFF e refeies (jantar) dias 29/03 e 02/04/2016 ', NULL, '2016-03-31', -50.00, NULL, '2016-04-01 10:57:52', 9999),
(40343, 1, 566, 3, '2016-03-31', '2.2', '315', 66, 'Silvia Moura - Despesas com combustivel para AGE/PREFEITURA/AGE - BURIL dia 31/03/2016', NULL, '2016-03-31', -20.00, NULL, '2016-04-01 10:57:52', 9999),
(40344, 1, 566, 3, '2016-04-01', '1.2', '313', 66, 'Mercearia Import das guas - Despesas com gua mineral no periodo de 01 a 31/03/2016', '', '2016-03-31', -360.40, NULL, NULL, 9999),
(40345, 1, 566, 3, '2016-04-05', '0', '11', 67, 'OFICINA E MID', '', '2016-04-05', 558.40, 1, '2016-04-06 08:36:30', 341),
(40346, 1, 566, 3, '2016-04-07', '0', '99', 67, 'CAIXA', '', '2016-04-06', -4200.00, NULL, NULL, 341),
(40347, 1, 566, 3, '2016-04-08', '1.4', '64', 59, 'TARIFA FOLHA', '', '2016-04-07', -2.50, 1, '2016-04-08 09:34:55', 341),
(40374, 1, 566, 3, '2016-04-20', '2.2', '41', 226, 'SILVIA MOURA', NULL, '2016-04-20', -833.00, NULL, '2016-04-08 10:38:25', 341),
(40375, 1, 566, 3, '2016-04-20', '1.2', '41', 173, 'SIMONE R CAMARA', NULL, '2016-04-20', -859.13, NULL, '2016-04-08 10:38:25', 341),
(40376, 1, 566, 3, '2016-04-20', '2.2', '41', 233, 'VINNICIUS COSTA', NULL, '2016-04-20', -737.82, NULL, '2016-04-08 10:38:25', 341),
(40377, 1, 566, 3, '2016-04-20', '1.2', '41', 230, 'VIVANE GUERRA', NULL, '2016-04-20', -352.00, NULL, '2016-04-08 10:38:25', 341),
(40378, 1, 566, 3, '2016-04-20', '1.2', '41', 241, 'WELLINGTON FREITAS', NULL, '2016-04-20', -352.00, NULL, '2016-04-08 10:38:25', 341),
(40379, 1, 566, 3, '2016-04-20', '2.3', '41', 236, 'WILMA SANTOS', NULL, '2016-04-20', -500.00, NULL, '2016-04-08 10:38:25', 341),
(40380, 1, 566, 3, '2016-04-14', '1.2', '314', 66, 'HG - COMPRA CADEIRAS DIVERSAS (1/3)', '', '2016-04-22', -2000.00, 1, '2016-04-22 09:01:56', 356),
(40381, 1, 566, 3, '2016-04-18', '1.4', '62', 59, 'RENDIMENTO', '', '2016-04-14', 8.51, NULL, NULL, 341),
(40384, 1, 566, 3, '2016-04-25', '2.3', '41', 109, 'FERIAS EVANDRO LIMA', '', '2016-04-28', -3328.47, 1, '2016-05-02 10:30:12', 341),
(40385, 1, 566, 3, '2016-04-27', '1.4', '316', 3, 'MULTA DACON - PERNAMBUCANA SISTEMAS E METODOS', '', '2016-04-27', -643.35, 1, '2016-05-02 10:29:30', 356),
(40641, 1, 566, 3, '2016-04-27', '2.3', '315', 66, 'Jnatha Emanuel - Despesas com refeio (jantar) dia 27/04/2016 - PESSOAL', NULL, '2016-04-27', -12.50, NULL, '2016-05-02 11:39:03', 9999),
(40640, 1, 566, 3, '2016-04-27', '2.1', '315', 66, 'Luciana Damascena - Despesas com Combustivel e Refeio (jantar) Dias 26 e 27/04/2016 - Diversos', NULL, '2016-04-27', -62.50, NULL, '2016-05-02 11:39:03', 9999),
(40639, 1, 566, 3, '2016-04-27', '1.2', '313', 66, 'Srgio Costa - Despesas com compra de duas Coca-Cola Zero em lata.', NULL, '2016-04-27', -8.00, NULL, '2016-05-02 11:39:03', 9999),
(40638, 1, 566, 3, '2016-04-27', '1.2', '51', 66, 'Wellington - Despesas com combustivel para moto', NULL, '2016-04-27', -50.00, NULL, '2016-05-02 11:39:03', 9999),
(40637, 1, 566, 3, '2016-04-27', '1.2', '51', 66, 'Joo - Despesas com combustivel para moto', NULL, '2016-04-27', -50.00, NULL, '2016-05-02 11:39:02', 9999),
(40636, 1, 566, 3, '2016-04-27', '1.2', '313', 66, 'AGE - Despesas com compra de frutas para diretoria (Abacaxi, Banana, Melncia, Mamo, Kiwi e Melo)', NULL, '2016-04-27', -36.23, NULL, '2016-05-02 11:39:02', 9999),
(40635, 1, 566, 3, '2016-04-26', '2.1', '315', 66, 'Maria Carolina - Despesas com refeies (jantar) dias 22 e 26/04/2016 - CONTBIL', NULL, '2016-04-26', -25.00, NULL, '2016-05-02 11:39:02', 9999),
(40634, 1, 566, 3, '2016-04-26', '2.1', '315', 66, 'Cidicleia Rodrigues - Despesas com refeies (jantar) dias 22 e 26/04/2016 - CONTBIL', NULL, '2016-04-26', -25.00, NULL, '2016-05-02 11:39:02', 9999),
(40633, 1, 566, 3, '2016-04-26', '2.1', '315', 66, 'Ana Claudia - Despesas com refeio (jantar) dia 26/04/2016 - CONTBIL', NULL, '2016-04-26', -12.50, NULL, '2016-05-02 11:39:02', 9999),
(40632, 1, 566, 3, '2016-04-26', '2.1', '315', 66, 'Jobson Viana - Despesas com refeio (jantar) dia 26/04/2016 - CONTBIL', NULL, '2016-04-26', -12.50, NULL, '2016-05-02 11:39:01', 9999),
(40631, 1, 566, 3, '2016-04-26', '2.1', '315', 66, 'Jos Armando - Despesas com combustivel e refeio (jantar) dia 26/04/2016 - CONTBIL', NULL, '2016-04-26', -32.50, NULL, '2016-05-02 11:39:01', 9999),
(40630, 1, 566, 3, '2016-04-26', '2.1', '315', 66, 'Jos Armando - Despesas com passagens e refeio (jantar) dia 25/04/2016 - CONTBIL', NULL, '2016-04-26', -12.50, NULL, '2016-05-02 11:39:01', 9999),
(40629, 1, 566, 3, '2016-04-26', '2.1', '315', 66, 'Jobson Viana - Despesas com passagens e refeio (jantar) dia 25/04/2016 - CONTBIL', NULL, '2016-04-26', -12.50, NULL, '2016-05-02 11:39:01', 9999),
(40628, 1, 566, 3, '2016-04-26', '2.1', '315', 66, 'Luciana Damascena - Despesas com refeies (jantar) dias 18 e 25/04/2016 - CONTBIL', NULL, '2016-04-26', -25.00, NULL, '2016-05-02 11:39:01', 9999),
(40627, 1, 566, 3, '2016-04-26', '2.1', '315', 66, 'Ana Cludia - Despesas com passagens e refeio (jantar) dia 25/04/2016 - CONTBIL', NULL, '2016-04-26', -12.50, NULL, '2016-05-02 11:39:01', 9999),
(40626, 1, 566, 3, '2016-04-26', '1.2', '314', 66, 'AGE - Despesas com compra de cola Instantanea para o setor de Informatica', NULL, '2016-04-26', -21.90, NULL, '2016-05-02 11:39:00', 9999),
(40625, 1, 566, 3, '2016-04-26', '2.2', '315', 66, 'Edileuza Ferraz - Despesas com passagens para AGE/JUNTA/AGE - Dias 22, 25 e 26/04/2016 - JM/FR', NULL, '2016-04-26', -25.20, NULL, '2016-05-02 11:39:00', 9999),
(40624, 1, 566, 3, '2016-04-25', '2.1', '315', 66, 'Luciana Damascena - Despesas com refeio, combustivel e estacionamento para os dias 25, 27 e 28/04/2016 - Diversos', NULL, '2016-04-25', -27.50, NULL, '2016-05-02 11:39:00', 9999),
(40623, 1, 566, 3, '2016-04-22', '1.2', '51', 66, 'Wellington - Despesas com complemento de combustivel para moto', NULL, '2016-04-22', -30.00, NULL, '2016-05-02 11:39:00', 9999),
(40622, 1, 566, 3, '2016-04-22', '1.2', '51', 66, 'Joo - Despesas com complemento de combustivel para moto', NULL, '2016-04-22', -30.00, NULL, '2016-05-02 11:39:00', 9999),
(40621, 1, 566, 3, '2016-04-20', '2.1', '315', 66, 'Jos Armando - Despesas com refeio (jantar) dia 20/04/2016 - CONTBIL', NULL, '2016-04-20', -12.50, NULL, '2016-05-02 11:38:59', 9999),
(40620, 1, 566, 3, '2016-04-20', '2.1', '315', 66, 'Jobson Viana - Despesas com refeio (jantar) dia 20/04/2016 - CONTBIL', NULL, '2016-04-20', -12.50, NULL, '2016-05-02 11:38:59', 9999),
(40619, 1, 566, 3, '2016-04-20', '1.4', '316', 66, 'Wilma Santos - Despesas com passagens para homologao de Alexandre Laurentino da PRJ - dia 20/04/2016 (Cobrar ?)', NULL, '2016-04-20', -5.60, NULL, '2016-05-02 11:38:59', 9999),
(40618, 1, 566, 3, '2016-04-20', '1.4', '316', 66, 'Wilma Santos - Despesas com passagens para homologaes de Luiz e Oziel da TRIO NICA - dia 19/04/2016 (Cobrar ?)', NULL, '2016-04-20', -5.60, NULL, '2016-05-02 11:38:59', 9999),
(40617, 1, 566, 3, '2016-04-20', '2.3', '41', 204, 'Jnatha Emanuel - Despesas com adiantamento de servios prestados no ms de ABRIL/2016', NULL, '2016-04-20', -888.00, NULL, '2016-05-02 11:38:59', 9999),
(40615, 1, 566, 3, '2016-04-19', '0', '99', 67, 'CHEQUE N 000628 - BANCO ITA', NULL, '2016-04-19', 2000.00, NULL, '2016-05-02 11:38:58', 9999),
(40616, 1, 566, 3, '2016-04-20', '2.1', '41', 243, 'Joo Costa - Despesas com adiantamento da primeira quinzena referente ao salrio referente ao ms de ABRIL/2016', NULL, '2016-04-20', -264.00, NULL, '2016-05-02 11:38:59', 9999),
(40614, 1, 566, 3, '2016-04-19', '1.2', '315', 66, 'Luciano Leo - Despesas com estacionamento no banco Ita Casa Forte', NULL, '2016-04-19', -4.00, NULL, '2016-05-02 11:38:58', 9999),
(40613, 1, 566, 3, '2016-04-19', '2.1', '315', 66, 'Marcelo Cavalcanti - Despesas com refeio (jantar) dia 19/04/2016 - CONTBIL', NULL, '2016-04-19', -12.50, NULL, '2016-05-02 11:38:58', 9999),
(40612, 1, 566, 3, '2016-04-19', '2.1', '315', 66, 'Jos Armando - Despesas com refeio (jantar) dia 19/04/2016 - CONTBIL', NULL, '2016-04-19', -12.50, NULL, '2016-05-02 11:38:58', 9999),
(40611, 1, 566, 3, '2016-04-19', '2.1', '315', 66, 'Jobson Viana - Despesas com refeio (jantar) dia 19/04/2016 - CONTBIL', NULL, '2016-04-19', -12.50, NULL, '2016-05-02 11:38:58', 9999),
(40610, 1, 566, 3, '2016-04-19', '1.2', '51', 66, 'Wellington - Despesas com combustivel para moto', NULL, '2016-04-19', -50.00, NULL, '2016-05-02 11:38:58', 9999),
(40609, 1, 566, 3, '2016-04-19', '1.2', '51', 66, 'Joo - Despesas com combustivel para moto', NULL, '2016-04-19', -50.00, NULL, '2016-05-02 11:38:57', 9999),
(40608, 1, 566, 3, '2016-04-19', '1.2', '51', 66, 'AGE - Despesas com a primeira reviso da Moto Placa PCT5994 na PE MOTOS em Paulista (Wellington) ', NULL, '2016-04-19', -37.50, NULL, '2016-05-02 11:38:57', 9999),
(40607, 1, 566, 3, '2016-04-19', '1.2', '51', 66, 'Joo - Despesas com combustivel para reviso da moto', NULL, '2016-04-19', -10.00, NULL, '2016-05-02 11:38:57', 9999),
(40606, 1, 566, 3, '2016-04-19', '1.2', '51', 66, 'Wellington - Despesas com combustivel para reviso da moto', NULL, '2016-04-19', -20.00, NULL, '2016-05-02 11:38:57', 9999),
(40605, 1, 566, 3, '2016-04-18', '1.2', '315', 66, 'Luciano Leo - Despesas com estacionamento no banco Ita Casa Forte', NULL, '2016-04-18', -8.00, NULL, '2016-05-02 11:38:57', 9999),
(40604, 1, 566, 3, '2016-04-18', '1.2', '51', 66, 'AGE - Despesas com a primeira reviso da Moto Placa PCT5874 na MOTOPARTS em Casa Amarela (Joo) ', NULL, '2016-04-18', -45.20, NULL, '2016-05-02 11:38:56', 9999),
(40603, 1, 566, 3, '2016-04-18', '2.1', '315', 66, 'Marcelo Cavalcanti - Despesas com refeio (jantar) dia 18/04/2016 - CONTBIL', NULL, '2016-04-18', -12.50, NULL, '2016-05-02 11:38:56', 9999),
(40602, 1, 566, 3, '2016-04-18', '2.1', '315', 66, 'Jobson Viana - Despesas com refeio (jantar) dia 18/04/2016 - CONTBIL', NULL, '2016-04-18', -12.50, NULL, '2016-05-02 11:38:56', 9999),
(40601, 1, 566, 3, '2016-04-18', '2.2', '315', 66, 'Silvia Mattos - Despesas com combustivel para AGE/RECEITA/AGE - GRUPO JB - dia 18/04/2016', NULL, '2016-04-18', -20.00, NULL, '2016-05-02 11:38:56', 9999),
(40600, 1, 566, 3, '2016-04-18', '2.1', '53', 119, 'Luciana Damascena - Despesas com pagamento complementar de Comisso do ms de MARO/2016', NULL, '2016-04-18', -248.68, NULL, '2016-05-02 11:38:56', 9999),
(40599, 1, 566, 3, '2016-04-18', '2.1', '315', 66, 'Jos Armando - Despesas com combustivel para o dia 16/04/2016 (Sbado) - Contbil', NULL, '2016-04-18', -32.00, NULL, '2016-05-02 11:38:56', 9999),
(40598, 1, 566, 3, '2016-04-18', '1.2', '313', 66, 'AGE - Despesas com compra de frutas para diretoria (Melo, Goiaba, Maa, Banana, Ameixa, Kiwi, Mamo e Melncia)', NULL, '2016-04-18', -44.25, NULL, '2016-05-02 11:38:55', 9999),
(40597, 1, 566, 3, '2016-04-18', '1.2', '55', 66, 'Edna Silva - Despesas com servios de limpeza na empresa AGE (ajuda a Patricia) no dia 16/04/2016 (sbado)', NULL, '2016-04-18', -80.00, NULL, '2016-05-02 11:38:55', 9999),
(57666, 1, 566, 3, '2019-06-10', '2.2', '41', 261, 'FACULDADE JOELY', '', '2019-06-10', -248.49, 1, '2019-06-10 08:39:02', 356),
(57667, 1, 566, 3, '2019-06-10', '1.2', '51', 66, 'SF STOCK - REVISAO MOTOS (2/2)', '', '2019-06-10', -448.00, 1, '2019-06-10 08:39:11', 356),
(57668, 1, 566, 3, '2019-06-10', '1.4', '53', 263, 'COMISSAO FABIANO PINHEIRO', '', '2019-06-10', -438.52, 1, '2019-06-10 08:39:19', 356),
(57669, 1, 566, 3, '2019-06-10', '1.4', '53', 119, 'COMISSO LUCIANA DAMASCENA', '', '2019-06-10', -1286.15, 1, '2019-06-10 08:37:43', 341),
(57670, 1, 566, 3, '2019-06-10', '1.4', '53', 71, 'COMISSAO MAXIMA VENC 10', '', '2019-06-10', -1829.10, 1, '2019-06-10 08:39:28', 356),
(57671, 1, 566, 3, '2019-06-10', '1.4', '53', 57, 'COMISSO ROBERTO JACINTO', '', '2019-06-10', -55.23, 1, '2019-06-10 08:37:58', 341),
(57672, 1, 566, 3, '2019-06-10', '2.2', '53', 226, 'COMISSAO SILVIA MOURA', '', '2019-06-10', -157.65, 1, '2019-06-10 08:42:48', 341),
(57673, 1, 566, 3, '2019-06-10', '1.4', '62', 59, 'RENDIMENTO', '', '2019-06-07', 0.12, 1, '2019-06-10 08:43:28', 342),
(57674, 1, 566, 3, '2019-06-10', '0', '11', 67, 'LOGLINE', '', '2019-06-12', 2482.74, 1, '2019-06-13 09:08:51', 342),
(57675, 1, 566, 3, '2019-06-10', '1.4', '62', 59, 'RENDIMENTO', '', '2019-06-07', 1.73, 1, '2019-06-10 08:41:03', 341),
(57676, 1, 566, 3, '2019-06-10', '1.4', '64', 91, 'TARIFA COBRANCA', '', '2019-06-12', -8.68, 1, '2019-06-13 09:09:34', 356),
(57677, 1, 566, 3, '2019-06-10', '0', '11', 67, 'HENRIQUE WEBER', '', '2019-06-06', 500.00, 1, '2019-06-07 08:52:52', 356),
(57678, 1, 566, 3, '2019-06-10', '1.4', '64', 91, 'TARIFA COBRANCA', '', '2019-06-10', -70.68, 1, '2019-06-11 08:23:01', 356),
(57679, 1, 566, 3, '2019-06-10', '1.4', '64', 59, 'TARIFA COBRANCA', '', '2019-06-10', -5.60, 1, '2019-06-10 08:43:41', 342),
(57680, 1, 566, 3, '2019-06-10', '1.4', '64', 59, 'TARIFA COBRANCA', '', '2019-06-10', -5.60, 1, '2019-06-10 08:42:08', 341),
(57681, 1, 566, 3, '2019-06-10', '1.4', '64', 91, 'TARIFA TED', '', '2019-06-07', -8.02, 1, '2019-06-07 08:53:37', 356),
(57682, 1, 566, 3, '2019-06-10', '1.4', '64', 59, 'TARIFA TED', '', '2019-06-10', -10.60, 1, '2019-06-11 08:18:25', 341),
(57683, 1, 566, 3, '2019-06-11', '0', '11', 67, 'DIVERSOS', '', '2019-06-11', 19204.25, 1, '2019-06-11 08:15:21', 342),
(57684, 1, 566, 3, '2019-06-11', '0', '11', 67, 'DIVERSOS', '', '2019-06-11', 23711.31, 1, '2019-06-11 08:20:28', 341),
(57685, 1, 566, 3, '2019-06-11', '1.2', '304', 62, 'CELPE ', '', '2019-06-11', -2833.46, 1, '2019-06-11 08:19:51', 356),
(57686, 1, 566, 3, '2019-06-11', '1.4', '64', 91, 'TARIFA COBRANCA', '', '2019-06-11', -47.12, 1, '2019-06-12 08:06:25', 356),
(57687, 1, 566, 3, '2019-06-11', '1.4', '64', 59, 'TARIFA COBRANCA', '', '2019-06-11', -53.20, 1, '2019-06-11 08:21:07', 341),
(57688, 1, 566, 3, '2019-06-11', '1.4', '64', 59, 'TARIFA COBRANCA', '', '2019-06-11', -22.40, 1, '2019-06-11 08:15:35', 342),
(57689, 1, 566, 3, '2019-06-12', '1.1', '81', 1, 'DISTRIBUICAO COMPLEMENTAR SC', '', '2019-06-11', -10000.00, 1, '2019-06-12 08:02:10', 342),
(57691, 1, 566, 3, '2019-06-12', '1.1', '82', 2, 'DISTRIBUICAO COMPLEMENTAR LC', '', '2019-06-11', -10000.00, 1, '2019-06-12 08:02:19', 342),
(58034, 1, 566, 3, '2019-06-12', '0', '11', 67, 'COMPANHIA NACIONAL DE CIMENTO ', '', '2019-06-11', 5000.00, NULL, NULL, 342),
(57693, 1, 566, 3, '2019-06-12', '0', '99', 67, 'CAIXA', '', '2019-06-10', -2200.00, 1, '2019-06-11 08:14:20', 342),
(57694, 1, 566, 3, '2019-06-13', '0', '11', 67, 'DIVERSOS', '', '2019-06-13', 511.97, 1, '2019-06-14 08:54:09', 356),
(57695, 1, 566, 3, '2019-06-13', '1.2', '315', 83, 'NAGEM (2/3)', '', '2019-06-13', -428.91, 1, '2019-06-14 08:59:45', 356),
(57696, 1, 566, 3, '2019-06-13', '1.4', '64', 91, 'TARIFA COBRANCA', '', '2019-06-13', -7.44, 1, '2019-06-14 08:54:29', 356),
(57697, 1, 566, 3, '2019-06-13', '0', '11', 67, 'HENRIQUE WEBER', '', '2019-06-13', 500.00, 1, '2019-06-14 08:54:53', 356),
(57698, 1, 566, 3, '2019-06-14', '0', '11', 67, 'DIVERSOS', '', '2019-06-14', 418.44, 1, '2019-06-14 08:56:44', 341),
(57699, 1, 566, 3, '2019-06-14', '0', '11', 67, 'DIVERSOS', '', '2019-06-14', 750.00, 1, '2019-06-14 08:55:48', 342),
(57700, 1, 566, 3, '2019-06-14', '2.2', '41', 226, 'FERIAS SILVIA MOURA', '', '2019-06-14', -7003.72, 1, '2019-06-14 08:55:22', 341),
(57701, 1, 566, 3, '2019-06-14', '2.2', '41', 226, 'FERIAS SILVIA MOURA', '', '2019-06-14', -741.22, 1, '2019-06-14 08:55:30', 341),
(57702, 1, 566, 3, '2019-06-14', '1.4', '62', 59, 'RENDIMENTO', '', '2019-06-14', 2.55, 1, '2019-06-17 09:14:34', 341),
(57703, 1, 566, 3, '2019-06-14', '1.4', '64', 91, 'TARIFA COBRANCA', '', '2019-06-14', -2.48, 1, '2019-06-17 09:15:03', 356),
(57704, 1, 566, 3, '2019-06-14', '1.4', '64', 59, 'TARIFA COBRANCA', '', '2019-06-14', -2.80, 1, '2019-06-14 08:56:01', 342),
(57705, 1, 566, 3, '2019-06-14', '1.4', '64', 59, 'TARIFA COBRANCA', '', '2019-06-14', -2.80, 1, '2019-06-14 08:56:33', 341),
(57706, 1, 566, 3, '2019-06-15', '0', '11', 67, '100% - GRUPO ELIZABETH', '', '2019-06-19', 1500.00, 1, '2019-06-20 08:30:05', 341),
(57707, 1, 566, 3, '2019-06-17', '1.4', '62', 59, 'RENDIMENTO', '', '2019-06-17', 0.02, 1, '2019-06-18 11:04:06', 342),
(57708, 1, 566, 3, '2019-06-17', '0', '11', 67, 'DIVERSOS', '', '2019-06-18', 4593.64, 1, '2019-06-18 10:57:02', 342),
(57709, 1, 566, 3, '2019-06-17', '0', '11', 67, 'DIVERSOS', '', '2019-06-17', 3977.78, 1, '2019-06-18 11:05:35', 356),
(57710, 1, 566, 3, '2019-06-17', '0', '11', 67, 'JEF', '', '2019-06-17', 3000.00, 1, '2019-06-18 11:01:00', 341),
(57711, 1, 566, 3, '2019-06-17', '1.2', '305', 79, 'VIVO - INTERNET', '', '2019-06-17', -143.09, 1, '2019-06-17 09:15:25', 356),
(57712, 1, 566, 3, '2019-06-17', '1.3', '305', 79, 'VIVO FIXO', '', '2019-07-15', -436.62, 1, '2019-07-15 08:13:39', 356),
(57713, 1, 566, 3, '2019-06-17', '1.2', '315', 15, 'TELETAXI', '', '2019-08-16', -110.47, 1, '2019-08-16 08:22:50', 356),
(57714, 1, 566, 3, '2019-06-17', '1.2', '46', 115, 'HAPVIDA REF 06/2019', '', '2019-06-17', -8137.90, 1, '2019-06-17 09:15:33', 356),
(57715, 1, 566, 3, '2019-06-17', '1.4', '64', 91, 'TARIFA COBRANCA', '', '2019-06-17', -2.48, 1, '2019-06-18 11:05:12', 356),
(57716, 1, 566, 3, '2019-06-17', '1.4', '64', 59, 'TARIFA FOLHA', '', '2019-06-14', -3.00, 1, '2019-06-17 09:20:31', 341),
(57717, 1, 566, 3, '2019-06-17', '1.4', '64', 59, 'TARIFA COBRANCA', '', '2019-06-18', -11.20, 1, '2019-06-18 10:57:15', 342),
(57718, 1, 566, 3, '2019-06-17', '1.4', '64', 91, 'TARIFA TED', '', '2019-06-19', -5.47, 1, '2019-06-19 08:47:07', 356),
(57719, 1, 566, 3, '2019-06-18', '0', '11', 67, 'DIVERSOS', '', '2019-06-18', 2379.31, 1, '2019-06-19 08:45:05', 356),
(57721, 1, 566, 3, '2019-06-18', '0', '11', 67, 'DIVERSOS', '', '2019-06-18', 9782.88, 1, '2019-06-18 11:08:28', 341),
(57722, 1, 566, 3, '2019-06-18', '1.4', '64', 91, 'TARIFA COBRANCA', '', '2019-06-18', -31.00, 1, '2019-06-19 08:45:40', 356),
(57723, 1, 566, 3, '2019-06-18', '1.4', '64', 59, 'TARIFA COBRANCA', '', '2019-06-18', -11.20, 1, '2019-06-18 11:08:09', 341),
(57724, 1, 566, 3, '2019-06-18', '1.4', '55', 66, 'DESPACHANTE JP - COBRAR LOGLINE', '', '2019-06-18', -200.00, 1, '2019-06-19 08:44:50', 356),
(57725, 1, 566, 3, '2019-06-19', '0', '11', 67, 'DIVERSOS', '', '2019-06-19', 998.00, 1, '2019-06-20 08:27:00', 356),
(57726, 1, 566, 3, '2019-06-19', '1.4', '64', 91, 'TARIFA COBRANCA', '', '2019-06-19', -22.32, 1, '2019-06-20 08:27:23', 356),
(57727, 1, 566, 3, '2019-06-20', '0', '11', 67, 'DIGITAL-SIGN', '', '2019-06-27', 250.00, 1, '2019-06-28 08:55:16', 341),
(57728, 1, 566, 3, '2019-06-20', '0', '11', 67, '100% - GRUPO ELIZABETH', '', '2019-06-19', 4500.00, 1, '2019-06-20 08:33:10', 341),
(57729, 1, 566, 3, '2019-06-20', '0', '11', 67, 'DIVERSOS', '', '2019-06-14', 2080.54, 1, '2019-06-17 09:19:04', 356),
(57730, 1, 566, 3, '2019-06-20', '1.2', '21', 3, 'SIMPLES AGE CONSULTING', '', '2019-06-19', -16811.45, 1, '2019-06-19 08:47:32', 341),
(57731, 1, 566, 3, '2019-06-20', '1.2', '21', 3, 'SIMPLES LSC', '', '2019-06-19', -6015.60, 1, '2019-06-20 08:24:18', 342),
(58068, 1, 566, 3, '2019-06-19', '1.2', '41', 241, 'WELLINGTON FREITAS', NULL, '2019-06-19', -416.40, NULL, '2019-06-13 09:36:47', 341),
(58067, 1, 566, 3, '2019-06-19', '1.2', '41', 173, 'SIMONE R CAMARA', NULL, '2019-06-19', -1080.00, NULL, '2019-06-13 09:36:47', 341),
(58066, 1, 566, 3, '2019-06-19', '2.2', '41', 226, 'SILVIA MOURA', NULL, '2019-06-19', -809.90, NULL, '2019-06-13 09:36:47', 341),
(58065, 1, 566, 3, '2019-06-19', '2.1', '41', 253, 'SAMUEL SILVA', NULL, '2019-06-19', -1000.00, NULL, '2019-06-13 09:36:47', 341),
(58064, 1, 566, 3, '2019-06-19', '2.1', '41', 184, 'RAFAELA SILVA', NULL, '2019-06-19', -689.30, NULL, '2019-06-13 09:36:47', 341),
(58063, 1, 566, 3, '2019-06-19', '1.2', '41', 127, 'PATRICIA RIBEIRO', NULL, '2019-06-19', -520.00, NULL, '2019-06-13 09:36:47', 341),
(86326, 1, 566, 1, '2024-09-20', '1.4', '64', 91, 'TARIFA COBRANCA', NULL, '2024-09-20', -18.79, NULL, '2024-08-19 11:16:19', 356),
(86327, 1, 566, 1, '2024-09-20', '1.4', '64', 59, 'TARIFA COBRANCA', NULL, '2024-09-20', -7.28, NULL, '2024-08-19 11:16:19', 341),
(86328, 1, 566, 1, '2024-09-23', '0', '11', 67, 'DEPOSITO', NULL, '2024-09-23', 709.24, NULL, '2024-08-19 11:16:19', 356),
(86329, 1, 566, 1, '2024-09-23', '0', '11', 67, 'DEPOSITO', NULL, '2024-09-23', 8527.09, NULL, '2024-08-19 11:16:19', 341),
(86330, 1, 566, 1, '2024-09-23', '0', '11', 67, 'FW', NULL, '2024-09-23', 300.00, NULL, '2024-08-19 11:16:19', 341),
(86331, 1, 566, 1, '2024-09-23', '1.2', '51', 15, 'REEMBOLSO TELETAXI 16/09', NULL, '2024-09-23', 125.58, NULL, '2024-08-19 11:16:19', 341),
(86332, 1, 566, 1, '2024-09-23', '1.2', '51', 15, 'REEMBOLSO TELETAXI 30/09', NULL, '2024-09-23', 73.17, NULL, '2024-08-19 11:16:19', 341),
(86333, 1, 566, 1, '2024-09-23', '1.4', '62', 91, 'RENDIMENTO', NULL, '2024-09-23', 0.21, NULL, '2024-08-19 11:16:19', 356),
(86334, 1, 566, 1, '2024-09-23', '1.4', '62', 59, 'RENDIMENTO', NULL, '2024-09-23', 0.23, NULL, '2024-08-19 11:16:19', 342),
(86335, 1, 566, 1, '2024-09-23', '1.4', '62', 59, 'RENDIMENTO', NULL, '2024-09-23', 59.83, NULL, '2024-08-19 11:16:19', 341),
(86336, 1, 566, 1, '2024-09-23', '1.1', '63', 59, 'DEVOLUCAO  MUTUO SERGIO COSTA (30/42)', NULL, '2024-09-23', 1117.50, NULL, '2024-08-19 11:16:19', 342),
(86337, 1, 566, 1, '2024-09-23', '1.1', '63', 59, 'DEVOLUCAO  MUTUO SERGIO COSTA (32/42)', NULL, '2024-09-23', 1569.69, NULL, '2024-08-19 11:16:19', 341),
(86338, 1, 566, 1, '2024-09-23', '1.1', '63', 66, 'DEVOLUCAO MUTUO SERGIO COSTA (11/60)', NULL, '2024-09-23', 682.57, NULL, '2024-08-19 11:16:20', 342),
(86339, 1, 566, 1, '2024-09-23', '1.1', '63', 1, 'DEVOLUCAO MUTUO SERGIO COSTA (12/24)', NULL, '2024-09-23', 1761.15, NULL, '2024-08-19 11:16:20', 356),
(86340, 1, 566, 1, '2024-09-23', '1.1', '63', 1, 'DEVOLUCAO MUTUO SERGIO COSTA (16/42)', NULL, '2024-09-23', 7473.03, NULL, '2024-08-19 11:16:20', 341),
(86341, 1, 566, 1, '2024-09-23', '1.1', '63', 59, 'DEVOLUO MUTUO SERGIO COSTA (24/60) ', NULL, '2024-09-23', 5809.59, NULL, '2024-08-19 11:16:20', 341),
(86342, 1, 566, 1, '2024-09-23', '1.4', '64', 91, 'TARIFA COBRANCA', NULL, '2024-09-23', -8.46, NULL, '2024-08-19 11:16:20', 356),
(86343, 1, 566, 1, '2024-09-23', '1.4', '64', 59, 'TARIFA COBRANCA', NULL, '2024-09-23', -3.64, NULL, '2024-08-19 11:16:20', 341),
(86344, 1, 566, 1, '2024-09-23', '1.1', '81', 1, 'DISTRIBUICAO DE LUCRO SERGIO COSTA', NULL, '2024-09-23', -7473.03, NULL, '2024-08-19 11:16:20', 341),
(86345, 1, 566, 1, '2024-09-23', '1.1', '81', 1, 'DISTRIBUICAO DE LUCRO SERGIO COSTA', NULL, '2024-09-23', -1761.15, NULL, '2024-08-19 11:16:20', 356),
(86346, 1, 566, 1, '2024-09-23', '1.1', '81', 1, 'DISTRIBUICAO DE LUCRO SERGIO COSTA', NULL, '2024-09-23', -682.57, NULL, '2024-08-19 11:16:20', 342),
(86347, 1, 566, 1, '2024-09-23', '1.1', '81', 1, 'DISTRIBUICAO DE LUCRO SERGIO COSTA', NULL, '2024-09-23', -125.58, NULL, '2024-08-19 11:16:20', 341),
(86348, 1, 566, 1, '2024-09-23', '1.1', '81', 1, 'DISTRIBUICAO DE LUCRO SERGIO COSTA', NULL, '2024-09-23', -73.17, NULL, '2024-08-19 11:16:20', 341),
(86349, 1, 566, 1, '2024-09-23', '1.1', '81', 1, 'DISTRIBUICAO DE LUCRO SERGIO COSTA ', NULL, '2024-09-23', -5809.59, NULL, '2024-08-19 11:16:20', 341),
(86350, 1, 566, 1, '2024-09-23', '1.1', '81', 1, 'DISTRIBUICAO DE LUCRO SERGIO COSTA ', NULL, '2024-09-23', -1569.69, NULL, '2024-08-19 11:16:20', 341),
(86351, 1, 566, 1, '2024-09-23', '1.1', '81', 1, 'DISTRIBUICAO DE LUCRO SERGIO COSTA ', NULL, '2024-09-23', -1117.50, NULL, '2024-08-19 11:16:20', 342),
(86352, 1, 566, 1, '2024-09-23', '1.1', '81', 1, 'DISTRIBUICAO DE LUCRO SERGIO COSTA - MUTUO LUCIANO CHERPAK', NULL, '2024-09-23', -4000.00, NULL, '2024-08-19 11:16:21', 342),
(86353, 1, 566, 1, '2024-09-23', '1.1', '82', 2, 'DISTRIBUICAO DE LUCRO LUCIANO CHERPAK', NULL, '2024-09-23', -22612.28, NULL, '2024-08-19 11:16:21', 342),
(86354, 1, 566, 1, '2024-09-24', '0', '11', 67, 'DEPOSITO', NULL, '2024-09-24', 2619.40, NULL, '2024-08-19 11:16:21', 356),
(86355, 1, 566, 1, '2024-09-24', '1.4', '64', 91, 'TARIFA COBRANCA', NULL, '2024-09-24', -22.40, NULL, '2024-08-19 11:16:21', 356),
(86356, 1, 566, 1, '2024-09-25', '0', '11', 67, 'DEPOSITO', NULL, '2024-09-25', 2897.22, NULL, '2024-08-19 11:16:21', 356),
(86357, 1, 566, 1, '2024-09-25', '1.2', '305', 79, 'VIVO CELULAR', NULL, '2024-09-25', -253.72, NULL, '2024-08-19 11:16:21', 356),
(86358, 1, 566, 1, '2024-09-25', '1.4', '64', 91, 'TARIFA COBRANCA', NULL, '2024-09-25', -15.80, NULL, '2024-08-19 11:16:21', 356),
(86359, 1, 566, 1, '2024-09-26', '0', '11', 67, 'DEPOSITO', NULL, '2024-09-26', 1070.00, NULL, '2024-08-19 11:16:21', 341),
(86360, 1, 566, 1, '2024-09-26', '0', '11', 67, 'DEPOSITO', NULL, '2024-09-26', 1687.40, NULL, '2024-08-19 11:16:21', 356),
(86361, 1, 566, 1, '2024-09-26', '0', '11', 67, 'DEPOSITO', NULL, '2024-09-26', 5454.54, NULL, '2024-08-19 11:16:21', 342),
(86362, 1, 566, 1, '2024-09-26', '1.2', '44', 70, 'VEM ', NULL, '2024-09-26', -1149.48, NULL, '2024-08-19 11:16:21', 356),
(86363, 1, 566, 1, '2024-09-26', '1.2', '45', 69, 'SODEXO', NULL, '2024-09-26', -10479.25, NULL, '2024-08-19 11:16:21', 356),
(86364, 1, 566, 1, '2024-09-26', '1.4', '64', 91, 'TARIFA COBRANCA', NULL, '2024-09-26', -9.60, NULL, '2024-08-19 11:16:21', 356),
(86365, 1, 566, 1, '2024-09-26', '1.4', '64', 59, 'TARIFA COBRANCA', NULL, '2024-09-26', -5.46, NULL, '2024-08-19 11:16:22', 342),
(86366, 1, 566, 1, '2024-09-26', '1.4', '64', 59, 'TARIFA COBRANCA', NULL, '2024-09-26', -1.82, NULL, '2024-08-19 11:16:22', 341),
(86367, 1, 566, 1, '2024-09-27', '0', '11', 67, 'DEPOSITO', NULL, '2024-09-27', 3212.33, NULL, '2024-08-19 11:16:22', 341),
(86368, 1, 566, 1, '2024-09-27', '0', '11', 67, 'DEPOSITO', NULL, '2024-09-27', 3797.00, NULL, '2024-08-19 11:16:22', 356),
(86369, 1, 566, 1, '2024-09-27', '0', '11', 67, 'GRUPO CHINATOWN', NULL, '2024-09-27', 1412.00, NULL, '2024-08-19 11:16:22', 342),
(86370, 1, 566, 1, '2024-09-27', '1.4', '64', 91, 'TARIFA COBRANCA', NULL, '2024-09-27', -12.80, NULL, '2024-08-19 11:16:22', 356),
(86371, 1, 566, 1, '2024-09-27', '1.4', '64', 59, 'TARIFA COBRANCA', NULL, '2024-09-27', -1.82, NULL, '2024-08-19 11:16:22', 341),
(86372, 1, 566, 1, '2024-09-30', '0', '11', 67, 'DEPOSITO', NULL, '2024-09-30', 600.00, NULL, '2024-08-19 11:16:22', 356),
(86373, 1, 566, 1, '2024-09-30', '0', '11', 67, 'DEPOSITO', NULL, '2024-09-30', 1800.00, NULL, '2024-08-19 11:16:22', 341),
(86374, 1, 566, 1, '2024-09-30', '0', '11', 67, 'DEPOSITO', NULL, '2024-09-30', 3333.33, NULL, '2024-08-19 11:16:22', 342),
(86375, 1, 566, 1, '2024-09-30', '1.2', '21', 3, 'SIMPLES PARCELAMENTO (44/60)', NULL, '2024-09-30', -486.07, NULL, '2024-08-19 11:16:22', 341),
(86376, 1, 566, 1, '2024-09-30', '1.2', '21', 3, 'SIMPLES PARCELAMENTO PGFN (11/60)', NULL, '2024-09-30', -682.57, NULL, '2024-08-19 11:16:22', 342),
(86377, 1, 566, 1, '2024-09-30', '1.2', '308', 219, 'EBS - MENSALIDADE MODULO FINANCEIRO\r\n', NULL, '2024-09-30', -283.67, NULL, '2024-08-19 11:16:22', 356),
(86378, 1, 566, 1, '2024-09-30', '1.2', '313', 324, 'CRISTIANE CAVALCANTE - AGUA MINERAL', NULL, '2024-09-30', -258.50, NULL, '2024-08-19 11:16:23', 341),
(86379, 1, 566, 1, '2024-09-30', '1.2', '313', 66, 'MONICA ANDRADE - BOLO ANIVERSARIANTE MES', NULL, '2024-09-30', -200.00, NULL, '2024-08-19 11:16:23', 341),
(86380, 1, 566, 1, '2024-09-30', '1.2', '44', 66, 'COMBUSTIVEL EMANOEL', NULL, '2024-09-30', -360.80, NULL, '2024-08-19 11:16:23', 341),
(86381, 1, 566, 1, '2024-09-30', '1.2', '44', 66, 'COMBUSTIVEL SIMONE', NULL, '2024-09-30', -360.80, NULL, '2024-08-19 11:16:23', 341),
(86382, 1, 566, 1, '2024-09-30', '1.2', '51', 15, 'TELETAXI', NULL, '2024-09-30', -152.89, NULL, '2024-08-19 11:16:23', 356),
(86383, 1, 566, 1, '2024-09-30', '1.2', '55', 73, 'FLAVIO YAURA', NULL, '2024-09-30', -141.20, NULL, '2024-08-19 11:16:23', 341),
(86384, 1, 566, 1, '2024-09-30', '1.3', '55', 257, 'REGINALDO JARDIM', NULL, '2024-09-30', -250.00, NULL, '2024-08-19 11:16:23', 341),
(86385, 1, 566, 1, '2024-09-30', '1.4', '62', 59, 'DEVOLUCAO EMPRESTIMO PRONAMPE (32/42)', NULL, '2024-09-30', -1821.51, NULL, '2024-08-19 11:16:23', 342),
(86386, 1, 566, 1, '2024-09-30', '1.4', '62', 59, 'RENDIMENTO', NULL, '2024-09-30', 0.03, NULL, '2024-08-19 11:16:23', 341),
(86387, 1, 566, 1, '2024-09-30', '1.4', '62', 59, 'RENDIMENTO', NULL, '2024-09-30', 0.06, NULL, '2024-08-19 11:16:23', 341),
(86388, 1, 566, 1, '2024-09-30', '1.4', '62', 59, 'RENDIMENTO', NULL, '2024-09-30', 0.07, NULL, '2024-08-19 11:16:23', 342),
(86389, 1, 566, 1, '2024-09-30', '1.4', '62', 91, 'RENDIMENTO', NULL, '2024-09-30', 0.21, NULL, '2024-08-19 11:16:23', 356),
(86390, 1, 566, 1, '2024-09-30', '1.4', '64', 91, 'TARIFA COBRANCA', NULL, '2024-09-30', -9.40, NULL, '2024-08-19 11:16:23', 356),
(86391, 1, 566, 1, '2024-09-30', '1.4', '64', 59, 'TARIFA COBRANCA', NULL, '2024-09-30', -5.46, NULL, '2024-08-19 11:16:24', 342),
(86392, 1, 566, 1, '2024-09-30', '1.4', '64', 59, 'TARIFA COBRANCA', NULL, '2024-09-30', -1.63, NULL, '2024-08-19 11:16:24', 341),
(86393, 1, 566, 1, '2024-09-30', '1.4', '64', 91, 'TARIFA EXTRATO CONSOLIDADO', NULL, '2024-09-30', -15.00, NULL, '2024-08-19 11:16:24', 356),
(86394, 1, 566, 2, '2024-08-19', '1.2', '51', 15, 'TELETAXI', '', '2024-08-30', -258.67, NULL, NULL, 356),
(86395, 1, 566, 1, '2024-08-19', '1.2', '51', 15, 'REEMBOLSO TELETAXXI 30/08', '', '2024-08-21', 123.26, NULL, NULL, 341),
(86396, 1, 566, 1, '2024-08-19', '1.1', '81', 1, 'DISTRIBUICAO DE LUCRO SERGIO COSTA', '', '2024-08-21', -123.26, NULL, NULL, 341);


INSERT INTO `TBMUNICIPIO` (`CODIGOMUNICIPIO`, `DESCRICAOMUNICIPIO`, `UF`) VALUES
(1, 'RECIFE', 'PE'),
(2, 'PAULISTA', 'PE'),
(3, 'J. GUARARAPES', 'PE'),
(4, 'S+O PAULO', 'SP'),
(5, 'OLINDA', 'PE'),
(6, 'MORENO', 'PE'),
(7, 'CAMARAGIBE', 'PE'),
(8, 'SALVADOR', 'BA'),
(9, 'N+O DEFINIDO', 'XX'),
(10, 'CABO', 'PE'),
(11, 'JO+O PESSOA', 'PB');


INSERT INTO `TBOBRIGACOES` (`CODIGOOBRIGACAO`, `DESCRICAOOBRIGACAO`, `TIPOOBRIGACAO`, `ESFERAOBRIGACAO`, `ORIGEMOBRIGACAO`, `PERIODICIDADE`, `IDUA`, `DUA`, `DIASLIMITE`) VALUES
(1, 'DIPJ', 2, 1, 1, 1, 1, '2012-04-11', 2),
(2, 'DCTF', 2, 1, 1, 5, 1, NULL, 3),
(3, 'DACON', 2, 1, 1, 5, 1, '2013-10-28', 5),
(4, 'EFD PIS/COFINS', 2, 1, 1, 5, 856, '2013-08-14', 14),
(5, 'SPED CONTABIL', 2, 1, 3, 1, 1, '2013-02-08', 10),
(6, 'SPED FISCAL', 2, 2, 1, 5, 1, '2013-02-08', 20),
(7, 'DASN', 2, 1, 1, 1, 1, '2013-02-08', 20),
(8, 'DIRF', 2, 1, 1, 1, 1, '2012-04-11', 20),
(9, 'FCONT', 2, 1, 3, 1, 1, '2013-02-08', 20),
(10, 'DMA', 2, 2, 1, 5, 1, '2013-02-08', 20),
(11, 'GIM', 2, 2, 1, 5, 1, '2013-02-08', 25),
(12, 'DS ', 2, 3, 1, 5, 1, '2013-02-08', 20),
(13, 'DIEF', 2, 2, 1, 5, 1, '2013-02-08', 20),
(14, 'SEF', 2, 2, 1, 5, 856, '2013-08-14', 15),
(15, 'RAIS', 2, 1, 2, 1, 1, '2012-04-11', 20),
(16, 'GFIP', 2, 1, 2, 5, 1, '2013-02-08', 20),
(17, 'CAGED', 2, 1, 2, 5, 1, '2013-02-08', 20),
(18, 'PIS', 1, 1, 1, 5, 1, '2013-02-08', 20),
(19, 'COFINS', 1, 1, 1, 5, 1, '2013-03-06', 20),
(20, 'ISS', 1, 3, 1, 5, 1, '2013-02-07', 20),
(21, 'ICMS', 1, 2, 1, 5, 1, '2013-02-07', 20),
(22, 'IRPJ - MENSAL', 1, 1, 1, 5, 1, '2013-03-05', 20),
(23, 'CSLL - MENSAL', 1, 1, 1, 5, 1, '2013-02-07', 20),
(24, 'SIMPLES', 1, 1, 1, 5, 1, NULL, 20),
(25, 'GPS', 1, 1, 2, 5, 1, '2013-02-08', 20),
(26, 'FGTS', 1, 1, 2, 5, 1, '2013-02-08', 20),
(27, 'CONTRIBUICAO SIND. EMPREGADOS', 1, 1, 2, 5, 1, '2013-02-06', 20),
(28, 'CONTRIBUICAO SIND. EMPREGADOR', 1, 1, 2, 1, 1, '2012-04-11', 20),
(29, 'IRRF', 1, 1, 2, 5, 1, '2013-02-08', 20),
(30, 'DMS', 2, 2, 1, 5, 1, '2013-02-08', 20),
(31, 'ELALUR', 2, 1, 1, 1, 1, '2012-04-11', 20),
(32, 'FATURAMENTO', 3, 4, 4, 5, 1, '2013-02-08', 20),
(33, 'FOLHA MENSAL', 3, 4, 2, 5, 1, '2013-02-08', 20),
(34, 'FOLHA QUINZENAL', 3, 4, 2, 5, 1, '2013-02-08', 20),
(35, 'PLANILHA DE CUSTO', 3, 4, 2, 5, 1, '2013-02-08', 20),
(36, 'RELATORIO DE FERIAS', 3, 4, 2, 5, 1, '2013-02-08', 12),
(37, 'VALE REFEICAO', 3, 4, 2, 5, 1, '2013-02-08', 20),
(38, 'VALE TRANSPORTE', 3, 4, 2, 5, 1, '2013-02-08', 20),
(39, 'CSLL - TRIMESTRAL', 1, 1, 1, 3, 1, '2013-03-05', 20),
(40, 'ICMS - FRONTEIRA', 1, 2, 1, 5, 1, '2013-02-07', 20),
(41, 'IRPJ - TRIMESTRAL', 1, 1, 1, 3, 1, '2013-02-07', 12),
(42, 'PARCELAMENTO - NORMAL', 1, 1, 1, 5, 1, '2013-02-07', 20),
(43, 'PARCELAMENTO - PGNF', 1, 1, 1, 5, 1, '2013-02-07', 20),
(44, 'PIS - FOLHA', 1, 1, 2, 5, 1, '2013-02-08', 12),
(45, 'REFIS', 1, 1, 1, 5, 1, '2013-02-07', 20),
(46, 'TESTE', 2, 4, 2, 3, 1, '2013-03-05', 20);


INSERT INTO `TBOBRIGACOESMENSAL` (`COMPETENCIA`, `CODIGOEMPRESA`, `CODIGOOBRIGACAO`, `STATUS`, `IDUATICAR`, `DTTICAR`, `ANO`, `MOTIVO`) VALUES
(1, 4, 7, 'S', 8, '2013-01-01 02:00:00', 2013, 'inicio'),
(1, 4, 8, 'S', 8, '2013-01-01 02:00:00', 2013, 'inicio'),
(1, 4, 15, 'S', 8, '2013-01-01 02:00:00', 2013, 'inicio'),
(1, 4, 16, 'S', 8, '2013-01-01 02:00:00', 2013, 'inicio'),
(1, 4, 17, 'S', 8, '2013-01-01 02:00:00', 2013, 'inicio'),
(1, 4, 19, 'S', 8, '2013-01-01 02:00:00', 2013, 'inicio'),
(1, 4, 24, 'S', 8, '2013-01-01 02:00:00', 2013, 'inicio'),
(1, 4, 25, 'S', 8, '2013-01-01 02:00:00', 2013, 'inicio'),
(1, 4, 26, 'S', 8, '2013-01-01 02:00:00', 2013, 'inicio'),
(1, 4, 29, 'S', 8, '2013-01-01 02:00:00', 2013, 'inicio'),
(1, 409, 1, 'S', 8, '2013-01-01 02:00:00', 2013, 'inicio'),
(1, 409, 2, 'S', 8, '2013-01-01 02:00:00', 2013, 'inicio'),
(1, 409, 3, 'S', 8, '2013-01-01 02:00:00', 2013, 'inicio'),
(1, 409, 4, 'S', 8, '2013-01-01 02:00:00', 2013, 'inicio'),
(1, 409, 8, 'S', 8, '2013-01-01 02:00:00', 2013, 'inicio'),
(1, 409, 9, 'S', 8, '2013-01-01 02:00:00', 2013, 'inicio'),
(1, 409, 15, 'S', 8, '2013-01-01 02:00:00', 2013, 'inicio'),
(1, 409, 16, 'S', 8, '2013-01-01 02:00:00', 2013, 'inicio'),
(1, 409, 17, 'S', 8, '2013-01-01 02:00:00', 2013, 'inicio'),
(1, 409, 18, 'S', 8, '2013-01-01 02:00:00', 2013, 'inicio'),
(1, 409, 19, 'S', 8, '2013-01-01 02:00:00', 2013, 'inicio'),
(1, 409, 25, 'S', 8, '2013-01-01 02:00:00', 2013, 'inicio'),
(1, 409, 26, 'S', 8, '2013-01-01 02:00:00', 2013, 'inicio'),
(1, 409, 28, 'S', 8, '2013-01-01 02:00:00', 2013, 'inicio'),
(1, 409, 29, 'S', 8, '2013-01-01 02:00:00', 2013, 'inicio'),
(1, 409, 32, 'S', 8, '2013-01-01 02:00:00', 2013, 'inicio'),
(1, 409, 33, 'S', 8, '2013-01-01 02:00:00', 2013, 'inicio'),
(1, 409, 36, 'S', 8, '2013-01-01 02:00:00', 2013, 'inicio'),
(1, 409, 39, 'S', 8, '2013-01-01 02:00:00', 2013, 'inicio'),
(1, 409, 41, 'S', 8, '2013-01-01 02:00:00', 2013, 'inicio'),
(1, 410, 1, 'S', 8, '2013-01-01 02:00:00', 2013, 'inicio'),
(1, 410, 2, 'S', 8, '2013-01-01 02:00:00', 2013, 'inicio'),
(1, 410, 3, 'S', 8, '2013-01-01 02:00:00', 2013, 'inicio'),
(1, 410, 4, 'S', 8, '2013-01-01 02:00:00', 2013, 'inicio'),
(1, 410, 8, 'S', 8, '2013-01-01 02:00:00', 2013, 'inicio'),
(1, 410, 9, 'S', 8, '2013-01-01 02:00:00', 2013, 'inicio'),
(1, 410, 15, 'S', 8, '2013-01-01 02:00:00', 2013, 'inicio'),
(1, 410, 16, 'S', 8, '2013-01-01 02:00:00', 2013, 'inicio'),
(1, 410, 17, 'S', 8, '2013-01-01 02:00:00', 2013, 'inicio'),
(1, 410, 18, 'S', 8, '2013-01-01 02:00:00', 2013, 'inicio'),
(1, 410, 19, 'S', 8, '2013-01-01 02:00:00', 2013, 'inicio'),
(1, 410, 25, 'S', 8, '2013-01-01 02:00:00', 2013, 'inicio'),
(1, 410, 26, 'S', 8, '2013-01-01 02:00:00', 2013, 'inicio'),
(1, 410, 28, 'S', 8, '2013-01-01 02:00:00', 2013, 'inicio'),
(1, 410, 29, 'S', 8, '2013-01-01 02:00:00', 2013, 'inicio'),
(1, 410, 32, 'S', 8, '2013-01-01 02:00:00', 2013, 'inicio'),
(1, 410, 33, 'S', 8, '2013-01-01 02:00:00', 2013, 'inicio'),
(1, 410, 36, 'S', 8, '2013-01-01 02:00:00', 2013, 'inicio'),
(1, 410, 39, 'S', 8, '2013-01-01 02:00:00', 2013, 'inicio'),
(1, 410, 41, 'S', 8, '2013-01-01 02:00:00', 2013, 'inicio'),
(1, 411, 7, 'S', 8, '2013-01-01 02:00:00', 2013, 'inicio'),
(1, 411, 8, 'S', 8, '2013-01-01 02:00:00', 2013, 'inicio'),
(1, 411, 15, 'S', 8, '2013-01-01 02:00:00', 2013, 'inicio'),
(1, 411, 16, 'S', 8, '2013-01-01 02:00:00', 2013, 'inicio'),
(1, 411, 17, 'S', 8, '2013-01-01 02:00:00', 2013, 'inicio'),
(1, 411, 24, 'S', 8, '2013-01-01 02:00:00', 2013, 'inicio'),
(1, 411, 25, 'S', 8, '2013-01-01 02:00:00', 2013, 'inicio'),
(1, 411, 26, 'S', 8, '2013-01-01 02:00:00', 2013, 'inicio'),
(1, 411, 29, 'S', 8, '2013-01-01 02:00:00', 2013, 'inicio'),
(1, 411, 32, 'S', 8, '2013-01-01 02:00:00', 2013, 'inicio'),
(1, 412, 1, 'S', 8, '2013-01-01 02:00:00', 2013, 'inicio'),
(1, 412, 2, 'S', 8, '2013-01-01 02:00:00', 2013, 'inicio'),
(1, 412, 3, 'S', 8, '2013-01-01 02:00:00', 2013, 'inicio'),
(1, 412, 4, 'S', 8, '2013-01-01 02:00:00', 2013, 'inicio'),
(1, 412, 5, 'S', 8, '2013-01-01 02:00:00', 2013, 'inicio'),
(1, 412, 8, 'S', 8, '2013-01-01 02:00:00', 2013, 'inicio'),
(1, 412, 9, 'S', 8, '2013-01-01 02:00:00', 2013, 'inicio'),
(1, 412, 15, 'S', 8, '2013-01-01 02:00:00', 2013, 'inicio'),
(1, 412, 16, 'S', 8, '2013-01-01 02:00:00', 2013, 'inicio'),
(1, 412, 17, 'S', 8, '2013-01-01 02:00:00', 2013, 'inicio'),
(1, 412, 18, 'S', 8, '2013-01-01 02:00:00', 2013, 'inicio'),
(1, 412, 19, 'S', 8, '2013-01-01 02:00:00', 2013, 'inicio'),
(1, 412, 22, 'S', 8, '2013-01-01 02:00:00', 2013, 'inicio'),
(1, 412, 23, 'S', 8, '2013-01-01 02:00:00', 2013, 'inicio'),
(1, 412, 25, 'S', 8, '2013-01-01 02:00:00', 2013, 'inicio'),
(1, 412, 26, 'S', 8, '2013-01-01 02:00:00', 2013, 'inicio'),
(1, 412, 28, 'S', 8, '2013-01-01 02:00:00', 2013, 'inicio'),
(1, 412, 29, 'S', 8, '2013-01-01 02:00:00', 2013, 'inicio'),
(1, 412, 32, 'S', 8, '2013-01-01 02:00:00', 2013, 'inicio'),
(1, 412, 33, 'S', 8, '2013-01-01 02:00:00', 2013, 'inicio'),
(1, 412, 36, 'S', 8, '2013-01-01 02:00:00', 2013, 'inicio'),
(1, 413, 1, 'S', 8, '2013-01-01 02:00:00', 2013, 'inicio'),
(1, 413, 2, 'S', 8, '2013-01-01 02:00:00', 2013, 'inicio'),
(1, 413, 3, 'S', 8, '2013-01-01 02:00:00', 2013, 'inicio'),
(1, 413, 4, 'S', 8, '2013-01-01 02:00:00', 2013, 'inicio'),
(1, 413, 8, 'S', 8, '2013-01-01 02:00:00', 2013, 'inicio'),
(1, 413, 9, 'S', 8, '2013-01-01 02:00:00', 2013, 'inicio'),
(1, 413, 15, 'S', 8, '2013-01-01 02:00:00', 2013, 'inicio'),
(1, 413, 16, 'S', 8, '2013-01-01 02:00:00', 2013, 'inicio'),
(1, 413, 17, 'S', 8, '2013-01-01 02:00:00', 2013, 'inicio'),
(1, 413, 18, 'S', 8, '2013-01-01 02:00:00', 2013, 'inicio'),
(1, 413, 19, 'S', 8, '2013-01-01 02:00:00', 2013, 'inicio'),
(1, 413, 25, 'S', 8, '2013-01-01 02:00:00', 2013, 'inicio'),
(1, 413, 26, 'S', 8, '2013-01-01 02:00:00', 2013, 'inicio'),
(1, 413, 28, 'S', 8, '2013-01-01 02:00:00', 2013, 'inicio'),
(1, 413, 29, 'S', 8, '2013-01-01 02:00:00', 2013, 'inicio'),
(1, 413, 32, 'S', 8, '2013-01-01 02:00:00', 2013, 'inicio'),
(1, 413, 33, 'S', 8, '2013-01-01 02:00:00', 2013, 'inicio'),
(1, 413, 36, 'S', 8, '2013-01-01 02:00:00', 2013, 'inicio'),
(1, 413, 39, 'S', 8, '2013-01-01 02:00:00', 2013, 'inicio'),
(1, 413, 41, 'S', 8, '2013-01-01 02:00:00', 2013, 'inicio'),
(1, 414, 1, 'S', 8, '2013-01-01 02:00:00', 2013, 'inicio'),
(1, 414, 2, 'S', 8, '2013-01-01 02:00:00', 2013, 'inicio'),
(1, 414, 3, 'S', 8, '2013-01-01 02:00:00', 2013, 'inicio'),
(1, 414, 4, 'S', 8, '2013-01-01 02:00:00', 2013, 'inicio'),
(1, 414, 8, 'S', 8, '2013-01-01 02:00:00', 2013, 'inicio'),
(1, 414, 9, 'S', 8, '2013-01-01 02:00:00', 2013, 'inicio'),
(1, 414, 15, 'S', 8, '2013-01-01 02:00:00', 2013, 'inicio'),
(1, 414, 16, 'S', 8, '2013-01-01 02:00:00', 2013, 'inicio'),
(1, 414, 17, 'S', 8, '2013-01-01 02:00:00', 2013, 'inicio'),
(5, 695, 4, 'S', 8, '2013-01-01 02:00:00', 2013, 'inicio'),
(5, 695, 8, 'S', 8, '2013-01-01 02:00:00', 2013, 'inicio'),
(5, 695, 9, 'S', 8, '2013-01-01 02:00:00', 2013, 'inicio'),
(5, 695, 15, 'S', 8, '2013-01-01 02:00:00', 2013, 'inicio'),
(5, 695, 16, 'S', 8, '2013-01-01 02:00:00', 2013, 'inicio'),
(5, 695, 17, 'S', 8, '2013-01-01 02:00:00', 2013, 'inicio'),
(5, 695, 18, 'S', 8, '2013-01-01 02:00:00', 2013, 'inicio'),
(5, 695, 19, 'S', 8, '2013-01-01 02:00:00', 2013, 'inicio'),
(5, 695, 25, 'S', 8, '2013-01-01 02:00:00', 2013, 'inicio'),
(5, 695, 26, 'S', 8, '2013-01-01 02:00:00', 2013, 'inicio'),
(5, 695, 28, 'S', 8, '2013-01-01 02:00:00', 2013, 'inicio'),
(5, 695, 29, 'S', 8, '2013-01-01 02:00:00', 2013, 'inicio'),
(5, 695, 32, 'S', 8, '2013-01-01 02:00:00', 2013, 'inicio'),
(5, 695, 39, 'S', 8, '2013-01-01 02:00:00', 2013, 'inicio'),
(5, 695, 41, 'S', 8, '2013-01-01 02:00:00', 2013, 'inicio'),
(5, 698, 1, 'S', 8, '2013-01-01 02:00:00', 2013, 'inicio'),
(5, 698, 2, 'S', 8, '2013-01-01 02:00:00', 2013, 'inicio'),
(5, 698, 3, 'S', 8, '2013-01-01 02:00:00', 2013, 'inicio'),
(5, 698, 4, 'S', 8, '2013-01-01 02:00:00', 2013, 'inicio'),
(5, 698, 5, 'S', 8, '2013-01-01 02:00:00', 2013, 'inicio'),
(5, 698, 8, 'S', 8, '2013-01-01 02:00:00', 2013, 'inicio'),
(5, 698, 9, 'S', 8, '2013-01-01 02:00:00', 2013, 'inicio'),
(5, 698, 15, 'S', 8, '2013-01-01 02:00:00', 2013, 'inicio'),
(5, 698, 16, 'S', 8, '2013-01-01 02:00:00', 2013, 'inicio'),
(5, 698, 17, 'S', 8, '2013-01-01 02:00:00', 2013, 'inicio'),
(5, 698, 18, 'S', 8, '2013-01-01 02:00:00', 2013, 'inicio'),
(5, 698, 19, 'S', 8, '2013-01-01 02:00:00', 2013, 'inicio'),
(5, 698, 22, 'S', 8, '2013-01-01 02:00:00', 2013, 'inicio'),
(5, 698, 23, 'S', 8, '2013-01-01 02:00:00', 2013, 'inicio'),
(5, 698, 25, 'S', 8, '2013-01-01 02:00:00', 2013, 'inicio'),
(5, 698, 26, 'S', 8, '2013-01-01 02:00:00', 2013, 'inicio'),
(5, 698, 28, 'S', 8, '2013-01-01 02:00:00', 2013, 'inicio'),
(5, 698, 29, 'S', 8, '2013-01-01 02:00:00', 2013, 'inicio'),
(5, 698, 32, 'S', 8, '2013-01-01 02:00:00', 2013, 'inicio'),
(5, 698, 33, 'S', 8, '2013-01-01 02:00:00', 2013, 'inicio'),
(5, 698, 34, 'S', 8, '2013-01-01 02:00:00', 2013, 'inicio'),
(5, 698, 36, 'S', 8, '2013-01-01 02:00:00', 2013, 'inicio'),
(5, 699, 7, 'S', 8, '2013-01-01 02:00:00', 2013, 'inicio'),
(5, 699, 8, 'S', 8, '2013-01-01 02:00:00', 2013, 'inicio'),
(5, 699, 15, 'S', 8, '2013-01-01 02:00:00', 2013, 'inicio'),
(5, 699, 16, 'S', 8, '2013-01-01 02:00:00', 2013, 'inicio'),
(5, 699, 17, 'S', 8, '2013-01-01 02:00:00', 2013, 'inicio'),
(5, 699, 24, 'S', 8, '2013-01-01 02:00:00', 2013, 'inicio'),
(5, 699, 25, 'S', 8, '2013-01-01 02:00:00', 2013, 'inicio'),
(5, 699, 26, 'S', 8, '2013-01-01 02:00:00', 2013, 'inicio'),
(5, 699, 29, 'S', 8, '2013-01-01 02:00:00', 2013, 'inicio'),
(5, 699, 32, 'S', 8, '2013-01-01 02:00:00', 2013, 'inicio'),
(5, 699, 33, 'S', 8, '2013-01-01 02:00:00', 2013, 'inicio'),
(5, 699, 34, 'S', 8, '2013-01-01 02:00:00', 2013, 'inicio'),
(5, 699, 36, 'S', 8, '2013-01-01 02:00:00', 2013, 'inicio'),
(5, 700, 7, 'S', 8, '2013-01-01 02:00:00', 2013, 'inicio'),
(5, 700, 8, 'S', 8, '2013-01-01 02:00:00', 2013, 'inicio'),
(5, 700, 15, 'S', 8, '2013-01-01 02:00:00', 2013, 'inicio'),
(9, 690, 17, 'S', 1, '2013-10-28 02:00:00', 2013, 'LOTE'),
(9, 691, 17, 'S', 1, '2013-10-28 02:00:00', 2013, 'LOTE'),
(9, 699, 17, 'S', 1, '2013-10-28 02:00:00', 2013, 'LOTE'),
(9, 700, 17, 'S', 1, '2013-10-28 02:00:00', 2013, 'LOTE'),
(9, 707, 17, 'S', 1, '2013-10-28 02:00:00', 2013, 'LOTE'),
(9, 727, 17, 'S', 1, '2013-10-28 02:00:00', 2013, 'LOTE'),
(9, 728, 17, 'S', 1, '2013-10-28 02:00:00', 2013, 'LOTE'),
(9, 731, 17, 'S', 1, '2013-10-28 02:00:00', 2013, 'LOTE');

INSERT INTO `TBORIGEMOBRIGACAO` (`CODIGOORIGEM`, `DESCRICAOORIGEM`) VALUES
(1, 'FISCAL                        '),
(2, 'TRABALHISTA                   '),
(3, 'CONTABILIDADE                 '),
(4, 'FINANCEIRO                    ');

--
-- Extraindo dados da tabela `TBPERIODICIDADE`
--

INSERT INTO `TBPERIODICIDADE` (`CODIGOPERIODICIDADE`, `DESCRICAOPERIODICIDADE`) VALUES
(1, 'ANUAL                         '),
(2, 'SEMESTRAL                     '),
(3, 'TRIMESTRAL                    '),
(4, 'BIMESTRAL                     '),
(5, 'MENSAL                        ');

--
-- Extraindo dados da tabela `TBPLANOCONTAS`
--

INSERT INTO `TBPLANOCONTAS` (`CODIGOEMPRESA`, `CODIGOPLANO`, `DESCRICAOPLANO`, `TIPOPLANO`, `PLANOPAI`) VALUES
(566, '0', '0. SALDO INICIAL', 'S', '0'),
(566, '10', '1.0 RECEITA', 'S', NULL),
(566, '11', '1.1  Servios contbeis, fiscais e folha', 'A', '10'),
(566, '12', '1.2  Faturamento Medico', 'A', '10'),
(566, '13', '1.3  Pericia', 'A', '10'),
(566, '14', '1.4 Diversos', 'A', '10'),
(566, '20', '2.0 Impostos', 'S', NULL),
(566, '21', '2.1 SIMPLES', 'A', '20'),
(566, '22', '2.2 CS', 'A', '20'),
(566, '23', '2.3 ISS', 'A', '20'),
(566, '24', '2.4 PIS', 'A', '20'),
(566, '25', '2.5 Cofins', 'A', '20'),
(566, '26', '2.6 Cim', 'A', '20'),
(566, '30', '3.0 Infraestrutura', 'S', NULL),
(566, '40', '4.0 Salarios e Encargos', 'S', NULL),
(566, '41', '4.1. Salarios', 'A', '40'),
(566, '42', '4.2 FGTS', 'A', '40'),
(566, '43', '4.3 INSS', 'A', '40'),
(566, '44', '4.4 Vale Transporte', 'A', '40'),
(566, '45', '4.5 Vale Alimentao', 'A', '40'),
(566, '46', '4.6 Plano Sade', 'A', '40'),
(566, '47', '4.7 Outros', 'A', '40'),
(566, '50', '5.0 Servicos Prestados', 'S', NULL),
(566, '51', '5.1 Combustvel', 'A', '50'),
(566, '52', '5.2 Servios Gerais (limpeza)', 'A', '50'),
(566, '53', '5.3 Comisses', 'A', '50'),
(566, '54', '5.4 SOFTEX', 'A', '50'),
(566, '55', '5.5 SERVICOS PRESTADOS', 'A', '50'),
(566, '60', '6.0 Despesas Financeiras', 'S', NULL),
(566, '61', '6.1 Retenes de Impostos', 'A', '60'),
(566, '62', '6.2 Emprstimos / Rendimentos', 'A', '60'),
(566, '63', '6.3 Mutuo', 'A', '60'),
(566, '64', '6.4 Tarifas Cobrana e taxas bancrias', 'A', '60'),
(566, '70', '7.0 Investimentos', 'S', NULL),
(566, '71', '7.1 Reforma do Escritrio ', 'A', '70'),
(566, '72', '7.2 Instalaes sala Luciano e Srgio', 'A', '70'),
(566, '73', '7.3 Utensilios e Equipamentos', 'A', '70'),
(566, '80', '8.0 PL e Distribuicao de Lucro', 'S', NULL),
(566, '81', '8.1 Retiradas - Srgio', 'A', '80'),
(566, '82', '8.2 Retiradas - Luciano', 'A', '80'),
(566, '90', '9.0 Transferecias - Aplicacao', 'S', NULL),
(566, '91', '9.1 Aplicacao', 'A', '90'),
(566, '92', '9.2 Resgates', 'A', '90'),
(566, '99', '9.9 Transferencia entre contas', 'A', '90'),
(566, '301', '3.01 Vigilncia Eletronica', 'A', '30'),
(566, '302', '3.02 Aluguel Casa e Caixa Postal + IPTU', 'A', '30'),
(566, '303', '3.03 Agua', 'A', '30'),
(566, '304', '3.04 Luz', 'A', '30'),
(566, '305', '3.05 Telefone', 'A', '30'),
(566, '306', '3.06 Sindicato e outros orgos', 'A', '30'),
(566, '307', '3.07 IOB/ICONE/FISCOSOFT', 'A', '30'),
(566, '308', '3.08 Sistema de Escrt./Folha/Contab.', 'A', '30'),
(566, '309', '3.09 Internet - Cabo Mais + Domnio + Provedor', 'A', '30'),
(566, '310', '3.10 Hospedagem do servidor', 'A', '30'),
(566, '311', '3.11 Servios do Roteador', 'A', '30'),
(566, '312', '3.12 Sistema Adapta', 'A', '30'),
(566, '313', '3.13 Copa', 'A', '30'),
(566, '314', '3.14 Material escritrio, informtica, copa, manut', 'A', '30'),
(566, '315', '3.15 Diversos', 'A', '30'),
(566, '316', '3.16 Rembolso e Despesas Com Clientes', 'A', '30'),
(566, '74', '7.4 DAS - AGE Santa Cruz do Capibaribe', 'A', '70'),
(566, '56', '5.6 Despesas Compartilhadas', 'A', '50');


INSERT INTO `TBPLCONTA` (`CODIGOEMPRESA`, `CodigoConta`, `Descricao`, `TIPO`, `SUP`) VALUES
(4, 0, '0. SALDO INICIAL', 'S', 0),
(4, 10, '1.0 RECEITA', 'S', NULL),
(4, 11, '1.1  Servios contbeis, fiscais e folha', 'A', 10),
(4, 12, '1.2  Faturamento Medico', 'A', 10),
(4, 13, '1.3  Cesso da sala da EMAP', 'A', 10),
(4, 14, '1.4 Diversos', 'A', 10),
(4, 20, '2.0 Impostos', 'S', NULL),
(4, 21, '2.1 SIMPLES', 'A', 20),
(4, 22, '2.2 CS', 'A', 20),
(4, 23, '2.3 ISS', 'A', 20),
(4, 24, '2.4 PIS', 'A', 20),
(4, 25, '2.5 Cofins', 'A', 20),
(4, 26, '2.6 Cim', 'A', 20),
(4, 30, '3.0 Infraestrutura', 'S', NULL),
(4, 40, '4.0 Salarios e Encargos', 'S', NULL),
(4, 41, '4.1. Salarios', 'A', 40),
(4, 42, '4.2 FGTS', 'A', 40),
(4, 43, '4.3 INSS', 'A', 40),
(4, 44, '4.4 Vale Transporte', 'A', 40),
(4, 45, '4.5 Vale Alimentao', 'A', 40),
(4, 46, '4.6 Plano Sade', 'A', 40),
(4, 47, '4.7 Outros', 'A', 40),
(4, 50, '5.0 Servicos Prestados', 'S', NULL),
(4, 51, '5.1 Combustvel', 'A', 50),
(4, 52, '5.2 Servios Gerais (limpeza)', 'A', 50),
(4, 53, '5.3 Comisses', 'A', 50),
(4, 54, '5.4 SOFTEX', 'A', 50),
(4, 55, '5.5 SERVICOS PRESTADOS', 'A', 50),
(4, 60, '6.0 Despesas Financeiras', 'S', NULL),
(4, 61, '6.1 Retenes de Impostos', 'A', 60),
(4, 62, '6.2 Emprstimos / Rendimentos', 'A', 60),
(4, 63, '6.3 Leasing', 'A', 60),
(4, 64, '6.4 Tarifas Cobrana e taxas bancrias', 'A', 60),
(4, 70, '7.0 Investimentos', 'S', NULL),
(4, 71, '7.1 Reforma do Escritrio ', 'A', 70),
(4, 72, '7.2 Instalaes sala Luciano e Srgio', 'A', 70),
(4, 73, '7.3 Utensilios e Equipamentos', 'A', 70),
(4, 80, '8.0 PL e Distribuicao de Lucro', 'S', NULL),
(4, 81, '8.1 Retiradas - Srgio', 'A', 80),
(4, 82, '8.2 Retiradas - Luciano', 'A', 80),
(4, 90, '9.0 Transferecias - Aplicacao', 'S', NULL),
(4, 91, '9.1 Aplicacao', 'A', 90),
(4, 92, '9.2 Resgates', 'A', 90),
(4, 99, '9.9 Transferencia entre contas', 'A', 90),
(4, 301, '3.01 Vigilncia Eletronica', 'A', 30),
(4, 302, '3.02 Aluguel Casa e Caixa Postal + IPTU', 'A', 30),
(4, 303, '3.03 Agua', 'A', 30),
(4, 304, '3.04 Luz', 'A', 30),
(4, 305, '3.05 Telefone', 'A', 30),
(4, 306, '3.06 Sindicato e outros orgos', 'A', 30),
(4, 307, '3.07 IOB/ICONE/FISCOSOFT', 'A', 30),
(4, 308, '3.08 Sistema de Escrt./Folha/Contab.', 'A', 30),
(4, 309, '3.09 Internet - Cabo Mais + Domnio + Provedor', 'A', 30),
(4, 310, '3.10 Hospedagem do servidor', 'A', 30),
(4, 311, '3.11 Servios do Roteador', 'A', 30),
(4, 312, '3.12 Sistema Adapta', 'A', 30),
(4, 313, '3.13 Copa', 'A', 30),
(4, 314, '3.14 Material escritrio, informtica, copa, manut', 'A', 30),
(4, 315, '3.15 Diversos', 'A', 30),
(4, 316, '3.16 Reembolso e Despesas Com Clientes', 'A', 30);


INSERT INTO `TBPRODUTO` (`CODIGOPRODUTO`, `DESCRICAOPRODUTO`, `DVL`) VALUES
(1, 'ASSESSORIA CONTABIL FISCAL E FOLHA DE PAGAMENTO', NULL),
(2, 'ASSESSORIA CONTABIL', NULL),
(3, 'AUDITORIA', NULL),
(4, 'FATURAMENTO MEDICO', NULL),
(5, 'CONSULTORIA', NULL),
(6, 'TERCEIRIZACAO CONTABILIDADE E ESCRITA FISCAL', NULL),
(7, 'TERCEIRIZACAO DEPARTAMENTO PESSOAL', NULL),
(8, 'REGULARIZACAO E CONSTITUICAO DE EMPRESAS', NULL),
(9, 'ERP', NULL),
(10, 'ASSESSORIA FISCAL', NULL),
(11, 'ASSESSORIA CONTABIL E FISCAL', NULL),
(12, 'ASSESSORIA FISCAL E FOLHA', NULL),
(13, 'TERCEIRIZACAO DEPARTAMENTO FINANCEIRO', NULL),
(14, 'PERICIA', NULL),
(15, 'ESOCIAL', NULL);


INSERT INTO `TBPRODUTOSUBPRODUTO` (`CODIGOPRODUTO`, `CODIGOSUBPRODUTO`) VALUES
(1, 1),
(1, 2),
(1, 3),
(2, 1),
(3, 5),
(4, 4),
(5, 5),
(6, 1),
(6, 2),
(7, 3),
(8, 5),
(9, 5),
(10, 2),
(11, 1),
(11, 2),
(12, 2),
(12, 3),
(13, 5),
(14, 5),
(15, 5);


INSERT INTO `TBRESPONSAVEL_EMPRESA` (`CODIGOEMPRESA`, `CODIGOCOLABORADOR`, `CODIGOFUNCAO`, `DVGRESPONSAVEL`, `DVLRESPONSAVEL`) VALUES
(7, 18, 1, '2012-06-18 00:00:00', NULL),
(20, 18, 1, '2012-06-18 00:00:00', NULL),
(409, 20, 1, '2012-06-18 00:00:00', NULL),
(410, 20, 1, '2012-06-18 00:00:00', NULL),
(411, 9, 1, '2012-06-18 00:00:00', NULL),
(412, 20, 1, '2012-06-18 00:00:00', NULL),
(417, 20, 1, '2012-06-18 00:00:00', NULL),
(418, 20, 1, '2012-06-18 00:00:00', NULL),
(420, 20, 1, '2012-06-18 00:00:00', NULL),
(421, 20, 1, '2012-06-18 00:00:00', NULL),
(425, 20, 1, '2012-06-18 00:00:00', NULL),
(426, 18, 1, '2012-06-18 00:00:00', NULL),
(427, 18, 1, '2012-06-18 00:00:00', NULL),
(428, 20, 1, '2012-06-18 00:00:00', NULL),
(429, 9, 1, '2012-06-18 00:00:00', NULL),
(431, 20, 1, '2012-06-18 00:00:00', NULL),
(433, 20, 1, '2012-06-18 00:00:00', NULL),
(439, 18, 1, '2012-06-18 00:00:00', NULL),
(440, 20, 1, '2012-06-18 00:00:00', NULL),
(442, 9, 1, '2012-06-18 00:00:00', NULL),
(444, 20, 1, '2012-06-18 00:00:00', NULL),
(453, 9, 1, '2012-06-18 00:00:00', NULL),
(455, 20, 1, '2012-06-18 00:00:00', NULL),
(460, 9, 1, '2012-06-18 00:00:00', NULL),
(461, 9, 1, '2012-06-18 00:00:00', NULL),
(461, 20, 1, '2012-06-18 00:00:00', NULL),
(465, 9, 1, '2012-06-18 00:00:00', NULL),
(470, 20, 1, '2012-06-18 00:00:00', NULL),
(472, 18, 1, '2012-06-18 00:00:00', NULL),
(479, 9, 1, '2012-06-18 00:00:00', NULL),
(480, 9, 1, '2012-06-18 00:00:00', NULL),
(481, 9, 1, '2012-06-18 00:00:00', NULL),
(483, 18, 1, '2012-06-18 00:00:00', NULL),
(493, 9, 1, '2012-06-18 00:00:00', NULL),
(494, 9, 1, '2012-06-18 00:00:00', NULL),
(495, 18, 1, '2012-06-18 00:00:00', NULL),
(497, 20, 1, '2012-06-18 00:00:00', NULL),
(498, 20, 1, '2012-06-18 00:00:00', NULL),
(499, 9, 1, '2012-06-18 00:00:00', NULL),
(502, 9, 1, '2012-06-18 00:00:00', NULL),
(503, 9, 1, '2012-06-18 00:00:00', NULL),
(504, 9, 1, '2012-06-18 00:00:00', NULL),
(505, 9, 1, '2012-06-18 00:00:00', NULL),
(506, 9, 1, '2012-06-18 00:00:00', NULL),
(512, 18, 1, '2012-06-18 00:00:00', NULL),
(514, 20, 1, '2012-06-18 00:00:00', NULL),
(517, 9, 1, '2012-06-18 00:00:00', NULL),
(519, 18, 1, '2012-06-18 00:00:00', NULL),
(519, 20, 1, '2012-06-18 00:00:00', NULL),
(520, 9, 1, '2012-06-18 00:00:00', NULL),
(522, 18, 1, '2012-06-18 00:00:00', NULL),
(527, 18, 1, '2012-06-18 00:00:00', NULL),
(534, 20, 1, '2012-06-18 00:00:00', NULL),
(535, 9, 1, '2012-06-18 00:00:00', NULL),
(561, 20, 1, '2012-06-18 00:00:00', NULL),
(563, 20, 1, '2012-06-18 00:00:00', NULL),
(564, 18, 1, '2012-06-18 00:00:00', NULL),
(565, 20, 1, '2012-06-18 00:00:00', NULL),
(583, 20, 1, '2012-06-18 00:00:00', NULL),
(584, 9, 1, '2012-06-18 00:00:00', NULL),
(589, 9, 1, '2012-06-18 00:00:00', NULL),
(590, 20, 1, '2012-06-18 00:00:00', NULL),
(608, 18, 1, '2012-06-18 00:00:00', NULL),
(611, 9, 1, '2012-06-18 00:00:00', NULL),
(613, 20, 1, '2012-06-18 00:00:00', NULL),
(615, 20, 1, '2012-06-18 00:00:00', NULL),
(627, 18, 1, '2012-06-18 00:00:00', NULL),
(628, 9, 1, '2012-06-18 00:00:00', NULL),
(629, 9, 1, '2012-06-18 00:00:00', NULL),
(632, 20, 1, '2012-06-18 00:00:00', NULL),
(633, 20, 1, '2012-06-18 00:00:00', NULL),
(634, 9, 1, '2012-06-18 00:00:00', NULL),
(635, 18, 1, '2012-06-18 00:00:00', NULL),
(647, 9, 1, '2012-06-18 00:00:00', NULL),
(651, 18, 1, '2012-06-18 00:00:00', NULL),
(653, 9, 1, '2012-06-18 00:00:00', NULL),
(654, 20, 1, '2012-06-18 00:00:00', NULL),
(655, 9, 1, '2012-06-18 00:00:00', NULL),
(657, 20, 1, '2012-06-18 00:00:00', NULL),
(659, 20, 1, '2012-06-18 00:00:00', NULL),
(661, 20, 1, '2012-06-18 00:00:00', NULL),
(662, 9, 1, '2012-06-18 00:00:00', NULL),
(663, 9, 1, '2012-06-18 00:00:00', NULL),
(666, 18, 1, '2012-06-18 00:00:00', NULL),
(670, 20, 1, '2012-06-18 00:00:00', NULL),
(674, 20, 1, '2012-06-18 00:00:00', NULL),
(675, 9, 1, '2012-06-18 00:00:00', NULL),
(676, 18, 1, '2012-06-18 00:00:00', NULL),
(678, 18, 1, '2012-06-18 00:00:00', NULL),
(679, 20, 1, '2012-06-18 00:00:00', NULL),
(680, 18, 1, '2012-06-18 00:00:00', NULL),
(682, 9, 1, '2012-06-18 00:00:00', NULL),
(684, 9, 1, '2012-06-18 00:00:00', NULL),
(690, 20, 1, '2012-06-18 00:00:00', NULL),
(691, 20, 1, '2012-06-18 00:00:00', NULL),
(692, 18, 1, '2012-06-18 00:00:00', NULL),
(693, 18, 1, '2012-06-18 00:00:00', NULL),
(694, 18, 1, '2012-06-18 00:00:00', NULL),
(698, 18, 1, '2012-06-18 00:00:00', NULL),
(699, 20, 1, '2012-06-18 00:00:00', NULL),
(701, 20, 1, '2012-06-18 00:00:00', NULL),
(702, 9, 1, '2012-06-18 00:00:00', NULL),
(707, 9, 1, '2012-06-18 00:00:00', NULL),
(710, 18, 1, '2012-06-18 00:00:00', NULL),
(716, 18, 1, '2012-06-18 00:00:00', NULL),
(721, 18, 1, '2012-06-18 00:00:00', NULL),
(731, 18, 1, '2012-06-18 00:00:00', NULL),
(732, 18, 1, '2012-06-18 00:00:00', NULL),
(734, 18, 1, '2012-06-18 00:00:00', NULL);


INSERT INTO `TBSETOR` (`CODIGOSETOR`, `NOMESETOR`) VALUES
(1, 'DIRETORIA'),
(2, 'GERENCIA'),
(3, 'CONTABILIDADE'),
(4, 'DP'),
(6, 'FISCAL'),
(8, 'RECEPCAO'),
(9, 'TI'),
(5, 'FATURAMENTO'),
(7, 'FINANCEIRO');


INSERT INTO `TBSETORFTP` (`CODIGOSETOR`, `NOMEPASTA`, `DVL`) VALUES
(1, 'CONTABILIDADE', NULL),
(1, 'FISCAL', NULL),
(1, 'DP', NULL),
(1, 'FATURAMENTO', NULL),
(1, 'OUTROS', NULL),
(2, 'FATURAMENTO', NULL),
(3, 'CONTABILIDADE', NULL),
(4, 'DP', NULL),
(2, 'CONTABILIDADE', NULL),
(2, 'FISCAL', NULL),
(2, 'DP', NULL),
(2, 'OUTROS', NULL),
(9, 'CONTABILIDADE', NULL),
(9, 'OUTROS', NULL),
(7, 'FATURAMENTO', NULL),
(9, 'FISCAL', NULL),
(9, 'FATURAMENTO', NULL),
(6, 'FISCAL', NULL),
(8, 'OUTROS', NULL),
(5, 'FATURAMENTO', NULL),
(9, 'DP', NULL);


INSERT INTO `TBSINDICATO` (`CODIGOSINDICATO`, `DESCRICAOSINDICATO`, `TIPOSINDICATO`, `DATADISSIDIO`, `IDUA`, `DUA`) VALUES
(1, 'NAO INFORMADO', 'O', 1, 1, '2012-02-29'),
(2, 'SINDICATO DOS COMBUSTIVEIS/PE', 'O', 1, 1, '2012-02-29'),
(3, 'SINTAPPI/PE', 'P', 4, 1, '2012-02-29'),
(4, 'SIEMAC ', 'O', 4, 1, '1900-01-01'),
(5, 'SINDCLIN', 'O', 4, 1, '2012-03-01'),
(6, 'SINDESPAC- SINDICATO DE ANALISES CLINICAS', 'O', 4, 1, '1900-01-01'),
(7, 'SINPRO - SINDICATO DOS PROFESSORES', 'O', 4, 1, '1900-01-01'),
(8, 'SINEPE - SINDICATO DAS ESCOLAS', 'O', 4, 1, '1900-01-01'),
(9, 'SINDICATO DOS FUNCIONARIOS DAS ESCOLAS', 'O', 4, 1, '1900-01-01'),
(10, 'SINDICATO DOS AUXILIARES DE ENFERMAGEM', 'O', 4, 1, '1900-01-01'),
(11, 'SINDPD - SINDICATO DE PROCESSAMENTOS DE DADOS', 'O', 5, 1, '1900-01-01'),
(12, 'SINDICATO TRANSPORTES DE CARGA - SAO PAULO', 'O', 5, 1, '1900-01-01'),
(13, 'SINDICATO TRANSPORTES DE CARGA - SALVADOR', 'O', 5, 1, '1900-01-01'),
(14, 'SINDICATO DO COMERCIO DE JABOATAO', 'P', 6, 1, '1900-01-01'),
(15, 'SINDICATO DE TRANSPORTADORES DE CARGAS E MOTORISTA', 'O', 7, 1, '1900-01-01'),
(16, 'CONSTRUCAO', 'O', 6, 1, NULL),
(17, 'SINDICATO DOS EMPREGADOS DO COMERCIO DO RECIFE', 'O', 7, 1, '1900-01-01'),
(18, 'SINDICATO DOS ENFERMEIROS', 'O', 8, 1, '1900-01-01'),
(19, 'SINDICATO DOS FISIOTERAPEUTAS', 'O', 8, 1, '1900-01-01'),
(20, 'SINDICATO DOS MOTOQUEIROS', 'O', 4, 1, '1900-01-01'),
(21, 'SINDICATO DOS TRANSPORTADORES DE CARGAS DO RN', 'O', 9, 1, '1900-01-01'),
(22, 'SINDICATO DOS PANIFICADORES', 'O', 10, 1, '1900-01-01'),
(23, 'SINDICATO DOS MEDICOS', 'O', 11, 1, '1900-01-01'),
(24, 'CONTA UNICA DA UNIAO', 'P', 1, 1, '1900-01-01'),
(25, 'SINDICATO DOS EMPREGADOS DE EMPRESAS DE TURISMO DO ESTADO DE PERNAMBUCO', 'O', 1, 1, '1900-01-01'),
(26, 'SINDETUR - SINDICATO DAS EMPRESAS DE TURISMO ', 'P', 1, 1, '1900-01-01'),
(27, 'CORRETORAS', 'P', 1, 1, '1900-01-01'),
(28, 'FECOMBUSTIVEIS', 'P', 1, 1, '1900-01-01'),
(29, 'RESTAURANTES', 'P', 1, 1, '1900-01-01'),
(30, 'SEPROPE', 'P', 1, 1, '1900-01-01'),
(31, 'SESCAPPE - SESCON', 'P', 1, 1, '1900-01-01'),
(32, 'SETCEB', 'P', 1, 1, '1900-01-01'),
(33, 'SETCERN', 'P', 1, 1, '1900-01-01'),
(34, 'SIND EMP TRANSP PE', 'P', 1, 1, '1900-01-01'),
(35, 'SIND EMP TRANSP SP', 'P', 1, 1, '1900-01-01'),
(36, 'SIND FACTORING - PB', 'P', 1, 1, '1900-01-01'),
(37, 'SIND FACTORING - SP', 'O', 1, 1, '1900-01-01'),
(38, 'SIND PUBLICIDADE', 'P', 1, 1, '1900-01-01'),
(39, 'SIND REPRESENTANTES', 'P', 1, 1, '1900-01-01'),
(40, 'SINDHOSP', 'O', 1, 1, '1900-01-01'),
(41, 'SINDICATO DOS LOJISTAS', 'P', 1, 1, '1900-01-01'),
(42, 'SINDICOM - JABOATO', 'P', 1, 1, '1900-01-01'),
(43, 'SINDILOJAS', 'P', 1, 1, '1900-01-01'),
(44, 'SINEPE - SIND ESCOLAS', 'P', 1, 1, '1900-01-01'),
(45, 'SINFAC - PE', 'P', 1, 1, '1900-01-01'),
(46, 'XXXXX', 'O', 1, 1, NULL);


INSERT INTO `TBSITUACAO` (`CODIGOSITUACAO`, `DESCRICAOSITUACAO`) VALUES
(1, 'PREVISTO'),
(2, 'PROVISIONADO'),
(3, 'REALIZADO'),
(4, 'A VENCER'),
(5, 'VENCIDO'),
(6, 'PAGO'),
(7, 'FATURAMENTO CANCELADO');

INSERT INTO `TBSTATUS` (`COD_STATUS`, `NOME`) VALUES
(1, 'GERADO'),
(2, 'ENVIADO'),
(3, 'CONFIRMADO'),
(4, 'FINALIZADO');

INSERT INTO `TBSUBPRODUTO` (`CODIGOSUBPRODUTO`, `DESCRICAOSUBPRODUTO`) VALUES
(1, 'CONTABILIDADE'),
(2, 'FISCAL'),
(3, 'DP'),
(4, 'FATURAMENTO MEDICO'),
(5, 'OUTROS');

INSERT INTO `TBTEMP` (`COD`, `RAZAOSOCIAL`, `Inicio`, `certdig`, `fimcertdiig`, `fimprocuracao`) VALUES
(409, '100PORCENTO AUDIT - AUDITORES INDEPENDENTES S/S', '2009-01-01 00:00:00', '2010-07-21 00:00:00', '2013-07-19 00:00:00', '2013-07-21 00:00:00'),
(410, '100PORCENTO CONSULT - CONSULTORIA EMPRESARIAL LTDA', '2009-01-01 00:00:00', '2010-07-26 00:00:00', '2013-07-19 00:00:00', '2020-12-31 00:00:00'),
(657, '100PORCENTOSOLUCOES', '2010-07-01 00:00:00', '2010-07-28 00:00:00', '2013-07-19 00:00:00', '2020-12-31 00:00:00'),
(579, 'A2E ADMINISTRADORA DE BENS LTDA', '2009-01-01 00:00:00', '2012-01-06 00:00:00', '2014-02-20 00:00:00', '2013-12-31 00:00:00'),
(581, 'ABA EMPREENDIMENTOS', '2009-01-01 00:00:00', '2010-07-09 00:00:00', '2011-10-30 00:00:00', '2020-12-31 00:00:00'),
(684, 'ACG CONSULTORIA', '2011-03-01 00:00:00', '2011-05-06 00:00:00', '2013-06-21 00:00:00', '2016-05-04 00:00:00'),
(411, 'ACN - ASSESSORIA E CONSULTORIA EM GESTAO EMPRESARIAL LTDA', '2009-01-01 00:00:00', NULL, NULL, NULL),
(726, 'AFP ASSESSORIA E ATENDIMENTO EM AREA MEDICA LTDA', '2012-02-01 00:00:00', '2012-07-11 00:00:00', '2015-05-18 00:00:00', '2017-07-11 00:00:00'),
(566, 'AGE CONSULTING SERV. DE APOIO ADMIN. E CONTABILIDADE LTDA', '2009-01-01 00:00:00', '2013-03-19 00:00:00', '2013-03-19 00:00:00', '2013-03-19 00:00:00'),
(621, 'AGEPAR EMPREENDIMENTO E CONSULTIRIA EMPRESARIAL LTDA', '2009-01-01 00:00:00', NULL, NULL, NULL),
(412, 'AGIL FACTORING FOMENTO MERCANTIL LTDA', '2009-01-01 00:00:00', '2008-06-26 00:00:00', '2010-06-26 00:00:00', '2015-12-31 00:00:00'),
(689, 'AGUIAR E CAMPOS ADVOGADOS ASSOCIADOS', '2011-03-01 00:00:00', '2011-04-06 00:00:00', '2014-04-04 00:00:00', '2015-04-06 00:00:00'),
(810, 'AH COMERCIO DE ALIMENTOS LTDA', '2013-08-01 00:00:00', NULL, NULL, NULL),
(815, 'AIRAM TECNOLOGIA DA INFORMACAO LTDA', '2013-09-01 00:00:00', '2013-10-31 00:00:00', '2016-10-28 00:00:00', '2018-10-31 00:00:00'),
(414, 'ALEXANDRE ALECRIM & ADVOGADOS ASSOCIADOS', '2009-01-01 00:00:00', '2010-07-09 00:00:00', '2011-10-30 00:00:00', '2020-12-31 00:00:00'),
(415, 'ALEXANDRE JOSE PINTO DO REGO BARROS', '2009-01-01 00:00:00', '2013-08-12 00:00:00', '2016-08-01 00:00:00', '2018-08-12 00:00:00'),
(416, 'ALP CONSULTORIA EMPRESARIAL LTDA', '2009-01-01 00:00:00', '2010-06-22 00:00:00', '2013-06-17 00:00:00', '2020-12-31 00:00:00'),
(700, 'ANDERSON SILVIO DOS SANTOS MENEZES - ME', '2011-05-01 00:00:00', '2013-03-25 00:00:00', '2013-05-28 00:00:00', '2018-03-25 00:00:00'),
(757, 'ANDRADE LIMA E ALENCAR LTDA - ME', '2012-10-01 00:00:00', '2013-02-19 00:00:00', '2016-01-31 00:00:00', '2016-02-19 00:00:00'),
(633, 'ANJOS E SOLTO LTDA - ME', '2010-04-01 00:00:00', '2012-07-09 00:00:00', '2015-06-29 00:00:00', '2017-07-09 00:00:00'),
(812, 'APA COMERCIO DE BALAS BOMBONS EIRELI', '2013-09-01 00:00:00', '2013-10-09 00:00:00', '2016-09-15 00:00:00', '2018-10-09 00:00:00'),
(418, 'APPLY INFORMATICA LTDA', '2009-01-01 00:00:00', '2013-01-28 00:00:00', '2015-06-08 00:00:00', '2016-01-28 00:00:00'),
(417, 'APPLY SOLUTIONS LTDA', '2009-01-01 00:00:00', '2013-01-28 00:00:00', '2015-07-24 00:00:00', '2016-01-28 00:00:00'),
(609, 'ARCOVERDE PARTICIPACOES E EMPREENDIMENTOS LTDA', '2009-01-01 00:00:00', '2013-03-14 00:00:00', '2016-03-13 00:00:00', '2018-03-14 00:00:00'),
(653, 'ARHEN INDUSTRIA DE COSMETICOS LTDA', '2010-06-01 00:00:00', '2013-03-21 00:00:00', '2014-12-06 00:00:00', '2018-03-21 00:00:00'),
(420, 'ART TUDO FRANQUIA DOS CORREIOS LTDA', '2009-01-01 00:00:00', '2012-06-18 00:00:00', '2014-12-20 00:00:00', '2017-06-18 00:00:00'),
(422, 'ASSAMED ASSESSORIA E ATENDIMENTO EM AREA MEDICA LTDA', '2009-01-01 00:00:00', '2013-02-26 00:00:00', '2015-02-02 00:00:00', '2016-02-26 00:00:00'),
(423, 'ATIVA CONSULTORIA EM GESTAO EMPRESARIAL LTDA', '2009-01-01 00:00:00', '2013-02-20 00:00:00', '2016-01-25 00:00:00', '2016-02-20 00:00:00'),
(801, 'AUTO POSTO COSTA DOURADA LTDA', '2013-07-01 00:00:00', '2013-08-01 00:00:00', '2014-06-26 00:00:00', '2018-08-01 00:00:00'),
(425, 'BELWEB SERVICOS DE INFORMATICA LTDA ME', '2009-01-01 00:00:00', '2013-09-19 00:00:00', '2015-03-21 00:00:00', '2015-02-21 00:00:00'),
(426, 'BETEL EMPREENDIMENTOS E PARTICIPA+OES LTDA', '2009-01-01 00:00:00', '2010-06-22 00:00:00', '2013-06-14 00:00:00', '2013-12-31 00:00:00'),
(778, 'BIDCORP SOLUCOES EM ATIVO EXCEDENTES', '2013-01-01 00:00:00', '2013-02-05 00:00:00', '2015-08-08 00:00:00', '2016-02-05 00:00:00'),
(427, 'BIO FAIR TRADE COM. EXP. DE PRODUTOS ARTESANAIS LTDA', '2009-01-01 00:00:00', '2012-08-13 00:00:00', '2015-07-12 00:00:00', '2014-08-12 00:00:00'),
(428, 'BMF BUREAU MERCANTIL FACTORING LTDA', '2009-01-01 00:00:00', '2013-10-04 00:00:00', '2013-06-20 00:00:00', '2015-04-10 00:00:00'),
(431, 'BRAVA CONSULTORIA E SISTEMAS S/A', '2009-01-01 00:00:00', '2013-01-14 00:00:00', '2013-01-31 00:00:00', '2014-01-13 00:00:00'),
(680, 'BRINGEL CONSTRUTORA LTDA', '2011-01-01 00:00:00', '2012-05-31 00:00:00', '2014-12-22 00:00:00', '2017-05-31 00:00:00'),
(780, 'BSMF PARTICIPACOES LTDA', '2013-02-01 00:00:00', '2013-03-14 00:00:00', '2016-03-13 00:00:00', '2018-03-14 00:00:00'),
(662, 'CAFE DA GUIA COMERCIO DE ALIMENTOS LTDA', '2010-10-01 00:00:00', '2012-05-10 00:00:00', '2015-03-30 00:00:00', '2017-05-10 00:00:00'),
(610, 'CARLOS ROMA ADVOGADOS', '2009-01-01 00:00:00', '2010-10-04 00:00:00', '2013-08-18 00:00:00', '2020-12-31 00:00:00'),
(432, 'CASA DA ESPERANCA', '2009-01-01 00:00:00', '2010-06-30 00:00:00', '2013-06-29 00:00:00', '2020-12-31 00:00:00'),
(776, 'CASTRO GERENCIAMENTO DE OBRAS', '2013-01-01 00:00:00', '2013-03-14 00:00:00', '2016-02-20 00:00:00', '2016-03-14 00:00:00'),
(578, 'CASTRO SERVICOS', '2009-01-01 00:00:00', NULL, NULL, NULL),
(777, 'CASTRO TECH', '2013-01-01 00:00:00', '2013-03-13 00:00:00', '2016-02-20 00:00:00', '2016-03-13 00:00:00'),
(433, 'CATENA PLANEJAMNETO GESTAO E INFORMATICA LTDA', '2009-01-01 00:00:00', '2013-06-12 00:00:00', '2016-01-31 00:00:00', '2014-06-12 00:00:00'),
(677, 'CATENAIMAGE', '2011-01-01 00:00:00', NULL, NULL, NULL),
(532, 'CBJ CONSULTORIA EM GESTAO EMP. LTDA', '2009-01-01 00:00:00', '2013-07-09 00:00:00', '2016-07-03 00:00:00', '2018-07-09 00:00:00'),
(794, 'CENTRO DE APOIO E EXECUO DE PROJETOS SOCIAIS CAEPS', '2013-04-01 00:00:00', '2013-04-09 00:00:00', '2015-06-29 00:00:00', '2018-04-09 00:00:00'),
(691, 'CENTRO DE ENSINO PROF JAIRO TEIXIERA', '2011-04-01 00:00:00', '2012-04-20 00:00:00', '2014-12-27 00:00:00', '2017-04-20 00:00:00'),
(515, 'CENTRO DE EXCELENCIA EM TECNOLOGIA DE SOFT DO RECIFE', '2009-01-01 00:00:00', '2010-07-07 00:00:00', '2012-07-06 00:00:00', '2020-07-07 00:00:00'),
(434, 'CHERPAK SERVICOS MEDICOS LTDA', '2013-05-01 00:00:00', '2013-03-25 00:00:00', '2015-02-28 00:00:00', '2018-03-25 00:00:00'),
(741, 'CIDIZ COMERCIO LTDA', '2012-07-01 00:00:00', '2012-09-28 00:00:00', '2015-09-27 00:00:00', '2015-09-28 00:00:00'),
(733, 'CLICHERIA PECOREL LTDA', '2012-04-01 00:00:00', '2012-05-09 00:00:00', '2013-12-15 00:00:00', '2014-05-09 00:00:00'),
(799, 'CLINICA ODONTOLOGICA ARAUJO LTDA', '2013-06-01 00:00:00', '2013-08-12 00:00:00', '2016-08-11 00:00:00', '2018-08-12 00:00:00'),
(436, 'CLINICA ODONTOLOGICA DR. GUILHERME DE MORAIS DE ARAUJO S/S', '2009-01-01 00:00:00', '2010-06-29 00:00:00', '2013-06-22 00:00:00', '2020-12-31 00:00:00'),
(676, 'COBRIL COMERCIAL BRINGEL LTDA', '2011-01-01 00:00:00', '2012-05-31 00:00:00', '2014-12-22 00:00:00', '2017-05-31 00:00:00'),
(628, 'CONCEITO', '2009-01-01 00:00:00', '2013-09-18 00:00:00', '2016-09-09 00:00:00', '2018-09-18 00:00:00'),
(611, 'CONSTRUSEL - CONSTRUCOES E SERVICOS LTDA', '2009-01-01 00:00:00', '2013-05-27 00:00:00', '2014-05-11 00:00:00', '2018-05-27 00:00:00'),
(782, 'CONSTRUTORA E IMOBILIRIA TERRA LTDA ME', '2013-02-01 00:00:00', '2013-03-11 00:00:00', '2015-04-01 00:00:00', '2016-03-11 00:00:00'),
(711, 'CONSULGESTING CONSULTORIA EM GESTAO LTDA', '2011-08-01 00:00:00', '2011-08-24 00:00:00', '2012-06-29 00:00:00', '2016-08-23 00:00:00'),
(816, 'CORDEIRO & MAGALHAES COMERCIO DE PRODUTOS PARA SAUDE LTDA - EPP', '2013-10-01 00:00:00', NULL, NULL, NULL),
(802, 'COSTA DOURADA CAMARES LTDA', '2013-07-01 00:00:00', '2013-08-01 00:00:00', '2014-07-04 00:00:00', '2018-08-01 00:00:00'),
(699, 'CRT INSTALACOES E MANUTENCAO ELETRICA', '2011-05-01 00:00:00', NULL, NULL, NULL),
(438, 'CUNHA MARINHO S/C ADVOGADOS ASSOCIADOS', '2009-01-01 00:00:00', '2010-06-23 00:00:00', '2012-06-22 00:00:00', '2020-12-31 00:00:00'),
(619, 'DAMACENA CONSULTORIA', '2009-01-01 00:00:00', '2010-09-29 00:00:00', '2013-09-26 00:00:00', '2020-12-31 00:00:00'),
(753, 'DAS SERVICOS DE APOIO ADM E CONTABILIDADE LTDA', '2012-08-01 00:00:00', '2013-06-10 00:00:00', '2013-11-30 00:00:00', '2013-07-31 00:00:00'),
(440, 'DATAVOLUS TECNOLOGIA DA INFORMACAO LTDA', '2009-01-01 00:00:00', '2012-01-09 00:00:00', '2013-04-05 00:00:00', '2015-04-20 00:00:00'),
(648, 'DCR EMPREENDIMENTOS IMOBILIARIOS', '2010-06-01 00:00:00', '2013-06-07 00:00:00', '2016-06-05 00:00:00', '2020-06-07 00:00:00'),
(786, 'DEDETO PSICOLOGIA LTDA', '2013-03-01 00:00:00', '2013-03-28 00:00:00', NULL, '2018-03-28 00:00:00'),
(742, 'DELIFE COMERCIO LTDA', '2012-07-01 00:00:00', '2012-10-23 00:00:00', '2015-10-22 00:00:00', '2015-10-22 00:00:00'),
(813, 'DERBY FORNECIMENTO DE ALIMENTOS LTDA', '2013-09-01 00:00:00', '2013-09-25 00:00:00', '2016-09-18 00:00:00', '2018-09-25 00:00:00'),
(442, 'DIAGNO SAO MARCOS LTDA', '2009-01-01 00:00:00', '2013-02-14 00:00:00', '2016-02-06 00:00:00', '2016-02-14 00:00:00'),
(731, 'DIALGRAF GRAFICA EDITORIAL NORTE BRASILEIRO LTDA', '2012-03-01 00:00:00', NULL, NULL, NULL),
(765, 'DISTLOG DISTRIBUIDORA DE JORNAIS E REVISTAS LTDA', '2012-11-01 00:00:00', '2013-01-21 00:00:00', '2013-07-05 00:00:00', '2015-01-21 00:00:00'),
(443, 'DOM PARTICIPACOES E EMPREENDIMENTOS LTDA', '2009-01-01 00:00:00', '2013-01-16 00:00:00', '2014-12-12 00:00:00', '2015-01-16 00:00:00'),
(805, 'DRX INVESTIMENTOS E PARTICIPACOES LTDA', '2013-06-01 00:00:00', '2013-08-27 00:00:00', '2016-08-12 00:00:00', '2018-08-27 00:00:00'),
(446, 'EMAP ADMINISTRACAO E PARTICIPACOES LTDA.', '2009-01-01 00:00:00', '2013-06-27 00:00:00', '2016-06-25 00:00:00', '2015-06-27 00:00:00'),
(459, 'EMPRESA CINEMAS SAO LUIZ S.A.', '2009-01-01 00:00:00', NULL, NULL, NULL),
(785, 'ENGECAD PROJETOS E CONSTRUCOES LTDA - EPP', '2013-03-01 00:00:00', NULL, NULL, NULL),
(534, 'ENGENHO DE MIDIA COMUNICACAO LTDA', '2009-01-01 00:00:00', '2010-07-09 00:00:00', '2011-02-12 00:00:00', '2020-12-31 00:00:00'),
(493, 'ESCOLA PERALTA LTDA', '2009-01-01 00:00:00', '2011-06-01 00:00:00', '2012-05-30 00:00:00', '2016-05-30 00:00:00'),
(659, 'ESFERA SERVICOS DE MONTAGENS', '2010-09-01 00:00:00', '2013-10-23 00:00:00', '2016-07-09 00:00:00', '2018-10-23 00:00:00'),
(632, 'EXECULTIVE CONSULTORIA DE CREDITOS', '2010-04-01 00:00:00', '2011-03-03 00:00:00', NULL, '2015-12-31 00:00:00'),
(449, 'EXPEDITO S. DE MENEZES - EPP', '2009-01-01 00:00:00', '2013-02-27 00:00:00', '2015-12-03 00:00:00', '2016-02-27 00:00:00'),
(796, 'FABIOLA RIGAUD CYSNEIROS EIRELI', '2013-06-01 00:00:00', '2013-06-26 00:00:00', '2016-06-23 00:00:00', '2020-06-26 00:00:00'),
(453, 'FAMOSO CONFECAO INFANTIL LTDA', '2009-01-01 00:00:00', '2013-10-04 00:00:00', '2013-10-06 00:00:00', '2018-10-04 00:00:00'),
(763, 'FASTGRAF GRAFICA E EDITORA EIRELI - ME', '2012-11-01 00:00:00', '2013-07-19 00:00:00', '2016-07-04 00:00:00', '2018-07-19 00:00:00'),
(770, 'FELIZ COMUNICAO LTDA', '2012-11-01 00:00:00', '2013-01-10 00:00:00', '2015-04-25 00:00:00', '2015-01-10 00:00:00'),
(455, 'FKTEC - EMPREENDIMENTOS EM TECNOLOGIA LTDA', '2009-01-01 00:00:00', '2013-01-29 00:00:00', '2016-01-22 00:00:00', '2016-01-22 00:00:00'),
(775, 'FONTE CASTRO ARQUITETURA E URBANISMO LTDA', '2013-01-01 00:00:00', '2013-02-20 00:00:00', '2016-02-20 00:00:00', '2016-02-20 00:00:00'),
(674, 'GDR ADMINISTRACAO LTDA', '2011-01-01 00:00:00', '2011-04-05 00:00:00', '2011-06-27 00:00:00', '2016-12-31 00:00:00'),
(565, 'GEM COMERCIO DE MOVEIS LTDA', '2009-01-01 00:00:00', '2010-01-12 00:00:00', '2011-08-14 00:00:00', '2012-12-31 00:00:00'),
(806, 'GERCELIA MENEZES DOS SANTOS EIRELI', '2013-07-01 00:00:00', '2013-07-24 00:00:00', '2016-07-18 00:00:00', '2018-07-24 00:00:00'),
(651, 'GIGAMUNDO', '2010-06-01 00:00:00', '2011-10-24 00:00:00', '2014-09-13 00:00:00', '2014-10-24 00:00:00'),
(670, 'GMR PROJETOS E CONSTRUCOES LTDA', '2011-01-01 00:00:00', '2011-02-25 00:00:00', '2013-05-11 00:00:00', '2015-12-31 00:00:00'),
(755, 'GRACA LEAL COMERCIO DE COSMETICOS LTDA', '2012-08-01 00:00:00', '2012-10-31 00:00:00', '2015-10-29 00:00:00', '2015-10-31 00:00:00'),
(460, 'GTI - GRUPO DE TERAPIA INTENSIVA DE PERNAMBUCO S/C LTDA', '2009-01-01 00:00:00', '2010-07-30 00:00:00', '2013-07-29 00:00:00', '2013-07-29 00:00:00'),
(808, 'GUARD CENTER TERCEIRIZACAO EIRELI', '2013-07-01 00:00:00', '2013-08-02 00:00:00', '2016-07-31 00:00:00', '2018-08-02 00:00:00'),
(461, 'HABILIS TECNOLOGIA DE RESULTADOS E INFORMATICA LTDA', '2009-01-01 00:00:00', '2011-04-20 00:00:00', '2014-04-13 00:00:00', '2014-04-13 00:00:00'),
(462, 'HENRIQUE BURIL WEBER ADVOGADOS ASSOCIADOS', '2009-01-01 00:00:00', '2010-07-06 00:00:00', '2012-01-07 00:00:00', '2020-12-31 00:00:00'),
(723, 'IGREJA DO NAZARENO', '2012-01-01 00:00:00', '2013-10-17 00:00:00', '2016-10-14 00:00:00', '2018-10-17 00:00:00'),
(465, 'IN FORMA SOFTWARE LTDA', '2009-01-01 00:00:00', '2013-07-05 00:00:00', '2016-06-26 00:00:00', '2018-07-05 00:00:00'),
(698, 'INCOFIO INDUSTRIA E COMERCIO DE FIO LTDA', '2011-05-01 00:00:00', '2011-05-26 00:00:00', '2014-05-10 00:00:00', '2014-05-26 00:00:00'),
(573, 'INST. HELENA ANDRADE', '2009-01-01 00:00:00', NULL, NULL, NULL),
(447, 'INSTITUTO BRASILEIRO DE ENGENHARIA, INOVACAO E ESTRATEIGIA', '2009-01-01 00:00:00', '2012-06-27 00:00:00', '2013-07-29 00:00:00', '2017-06-27 00:00:00'),
(466, 'INTERDONT SC LTDA', '2009-01-01 00:00:00', '2012-11-06 00:00:00', '2015-11-05 00:00:00', '2015-11-06 00:00:00'),
(468, 'IPK CONSULTORIA', '2009-01-01 00:00:00', '2013-06-28 00:00:00', '2016-06-26 00:00:00', '2018-06-28 00:00:00'),
(800, 'IT CENTRO DE BELEZA LTDA EPP', '2013-07-01 00:00:00', '2013-07-31 00:00:00', '2015-11-04 00:00:00', '2018-07-31 00:00:00'),
(707, 'J.M. COMERCIO DE ALIMENTOS LTDA ME', '2011-08-01 00:00:00', '2013-02-27 00:00:00', '2014-12-18 00:00:00', '2016-02-27 00:00:00'),
(814, 'JARDIM EMPREENDIMENTOS E PARTICIPACOES LTDA', '2013-09-01 00:00:00', '2013-10-03 00:00:00', '2016-10-01 00:00:00', '2018-10-03 00:00:00'),
(803, 'JB ANDRADE CONSTRUCOES E INCORPORACOES LTDA', '2013-07-01 00:00:00', '2013-08-01 00:00:00', '2014-07-09 00:00:00', '2018-08-01 00:00:00'),
(469, 'JCAA ADMINISTRACAO E PARTICIPACOES S/A', '2009-01-01 00:00:00', '2013-10-04 00:00:00', '2015-01-05 00:00:00', '2018-10-04 00:00:00'),
(693, 'JMS SERVICOS DE SAUDE', '2011-04-01 00:00:00', '2011-05-06 00:00:00', '2013-06-14 00:00:00', '2016-05-04 00:00:00'),
(429, 'JOAO BOSCO DE ALBUQUERQUE SILVA - ADVOGADOS ASSOCIADOS S/C', '2009-01-01 00:00:00', '2010-08-06 00:00:00', '2012-07-04 00:00:00', '2015-08-06 00:00:00'),
(722, 'JR ADMINISTRADORA DE BENS', '2012-01-01 00:00:00', '2012-04-09 00:00:00', '2015-03-30 00:00:00', '2015-04-08 00:00:00'),
(675, 'JRF SERVICOS DE ENGENHARIA LTDA', '2011-01-01 00:00:00', '2011-03-01 00:00:00', '2013-06-27 00:00:00', '2015-12-31 00:00:00'),
(735, 'JRLREIS CONSULTORIA EM GESTAO EMPRESARIAL LTDA', '2012-05-01 00:00:00', '2012-10-01 00:00:00', '2015-09-28 00:00:00', '2015-10-01 00:00:00'),
(804, 'JVE PARTICIPACOES LTDA', '2013-07-01 00:00:00', '2013-09-11 00:00:00', '2014-09-04 00:00:00', '2016-09-11 00:00:00'),
(793, 'KODAS TECNOLOGIA DA INFORMACAO LTDA', '2013-04-04 00:00:00', '2013-04-25 00:00:00', '2016-04-23 00:00:00', '2018-04-25 00:00:00'),
(792, 'L.D.JUNQUEIRA ALIMENTOS LTDA', '2013-04-01 00:00:00', '2013-04-18 00:00:00', '2016-01-30 00:00:00', '2018-04-18 00:00:00'),
(629, 'LA SERVICOS DE APOIO - MATRIZ', '2009-01-01 00:00:00', NULL, NULL, NULL),
(491, 'LABORATORIO FERNANDO TRAVASSOS S/S LTDA', '2009-01-01 00:00:00', '2010-07-06 00:00:00', '2013-07-01 00:00:00', '2020-12-31 00:00:00'),
(819, 'LACET, CORDEIRO & TIGRE ODONTOLOGIA LTDA - ME', '2013-10-01 00:00:00', '2013-10-10 00:00:00', '2016-03-25 00:00:00', '2018-10-10 00:00:00'),
(649, 'LB BARROS REPRESENTACAO', '2010-06-01 00:00:00', '2013-08-09 00:00:00', '2016-08-07 00:00:00', '2018-08-09 00:00:00'),
(682, 'LBA SERVEBEM', '2009-01-01 00:00:00', '2011-03-02 00:00:00', '2011-10-30 00:00:00', '2015-12-31 00:00:00'),
(661, 'LEAL ENGENHARIA EIRELI', '2010-09-01 00:00:00', '2013-10-18 00:00:00', '2016-10-16 00:00:00', '2018-10-18 00:00:00'),
(727, 'LEOMAR COMERCIO DE VESTUARIO LTDA', '2012-02-01 00:00:00', '2013-10-04 00:00:00', '2013-10-06 00:00:00', '2013-10-04 00:00:00'),
(743, 'LIMA & LIMA ADVOCACIA E CONSULTORIA JURIDICA LTDA', '2012-07-01 00:00:00', '2012-07-13 00:00:00', '2013-03-11 00:00:00', '2017-07-13 00:00:00'),
(820, 'LIMA, CORDEIRO & LACET CLINICA DE ODONTOLOGIA LTDA - ME', '2013-10-01 00:00:00', '2013-10-10 00:00:00', '2016-03-25 00:00:00', '2018-10-10 00:00:00'),
(535, 'LIMONGI SIAL E REINALDO ALVES - ADVOCACIA E CONSULTORIA JURIDIUCA', '2009-01-01 00:00:00', '2013-03-12 00:00:00', '2015-07-13 00:00:00', '2016-03-13 00:00:00'),
(678, 'LINN SOLUTIONS INFORMATICA LTDA', '2011-01-01 00:00:00', NULL, NULL, NULL),
(470, 'LMR CONSULTORIA EMPRESARIAL LTDA', '2009-01-01 00:00:00', '2013-07-11 00:00:00', '2016-06-13 00:00:00', '2018-07-10 00:00:00'),
(613, 'LOK BRASIL', '2009-01-01 00:00:00', '2011-02-25 00:00:00', '2014-02-23 00:00:00', '2015-12-31 00:00:00'),
(608, 'LRW COBRANCA', '2010-01-01 00:00:00', '2010-07-06 00:00:00', '2012-07-01 00:00:00', '2020-12-31 00:00:00'),
(795, 'LUCIA DUARTE DE SOUZA AROUCHA EIRELI', '2013-05-01 00:00:00', '2013-06-07 00:00:00', '2016-06-03 00:00:00', '2020-06-07 00:00:00'),
(473, 'LVN CONSULTORIA EM GESTAO EMPRESARIAL LTDA', '2009-01-01 00:00:00', '2011-01-05 00:00:00', '2013-01-17 00:00:00', '2015-12-31 00:00:00'),
(663, 'MARFO COMERCIO DE VESTUARIOS', '2010-10-01 00:00:00', '2013-10-04 00:00:00', '2013-10-06 00:00:00', '2018-10-04 00:00:00'),
(575, 'MARIA DAS GRACAS VIEIRA DE MELO', '2009-01-01 00:00:00', '2011-05-09 00:00:00', '2014-05-07 00:00:00', '2016-05-08 00:00:00'),
(761, 'MARTA SOUTO ATELIER COMERCIO DE JOIAS LTDA - ME', '2012-11-01 00:00:00', '2012-12-03 00:00:00', '2015-11-27 00:00:00', '2015-12-03 00:00:00'),
(564, 'MAXIMA CONTROLADORIA E CONSULTORIA LTDA', '2009-01-01 00:00:00', '2013-01-23 00:00:00', '2016-01-20 00:00:00', '2016-01-23 00:00:00'),
(478, 'MELO E PRADO CONSULTORIA EM GESTAO EMP. DE SEGURANCA LTDA', '2009-01-01 00:00:00', '2013-02-22 00:00:00', '2016-02-22 00:00:00', '2016-02-22 00:00:00'),
(664, 'METHODOS BETA CONSULTORIA', '2010-10-01 00:00:00', '2011-01-07 00:00:00', '2014-01-06 00:00:00', '2015-12-31 00:00:00'),
(479, 'MHS COMERCIO E SERVICOS LTDA', '2009-01-01 00:00:00', '2013-09-18 00:00:00', '2016-09-11 00:00:00', '2018-09-18 00:00:00'),
(480, 'MHS PARTICIPACOES LTDA.', '2009-01-01 00:00:00', '2008-06-27 00:00:00', '2010-12-17 00:00:00', '2015-12-31 00:00:00'),
(729, 'MIG ADMINISTRACAO E PARTICIPACOES LTDA', '2012-02-01 00:00:00', '2012-04-04 00:00:00', '2015-03-30 00:00:00', '2016-12-31 00:00:00'),
(483, 'MIRA ASSESSORIA DE COMUNICA+O LTDA', '2009-01-01 00:00:00', '2012-09-06 00:00:00', '2015-08-28 00:00:00', '2017-09-06 00:00:00'),
(484, 'MIX CONSULTORIA MARKETING E ADMINISTRACAO LTDA', '2009-01-01 00:00:00', '2010-03-03 00:00:00', '2012-12-21 00:00:00', '2013-12-31 00:00:00'),
(760, 'MMJ CAFETERIA E DIVERSOES LTDA', '2012-11-01 00:00:00', '2012-12-03 00:00:00', '2015-11-27 00:00:00', '2015-12-03 00:00:00');

INSERT INTO `TBTIPOCERTIFICADO` (`IDTIPOCERT`, `DESCRICAOTIPOCERT`) VALUES
(1, 'E-CPF/E-CNPJ'),
(2, 'A1'),
(3, 'A3'),
(4, 'TOKEN');

INSERT INTO `TBTIPOFATURAMENTO` (`CODIGOTPFATURAMENTO`, `DESCRICAOTPFATURAMENTO`) VALUES
(1, 'FIXO MENSAL COM 13'),
(2, 'FIXO MENSAL SEM 13'),
(3, 'SERVICOS EVENTUAIS %'),
(4, 'SERVICOS EVENTUAIS VALOR');

INSERT INTO `TBTIPOOBRIGACAO` (`CODIGOTIPOOBRIGACAO`, `DESCRICAOTIPOOBRIGACAO`) VALUES
(1, 'TRIBUTO                       '),
(2, 'DECLARACAO                    '),
(3, 'INTERNO                       ');

INSERT INTO `TBTRIBUTACAO` (`CODIGOTRIBUTACAO`, `DESCRICAOTRIBUTACAO`) VALUES
(1, 'SIMPLES NACIONAL'),
(2, 'LUCRO PRESUMIDO TRIMESTRAL'),
(3, 'LUCRO REAL TRIMESTRAL'),
(4, 'LUCRO REAL ESTIMADO'),
(5, 'INATIVA'),
(6, 'ISENTA'),
(7, 'SEM REGISTRO'),
(8, 'PESSOA FISICA'),
(9, 'PESSOA FISICA - LIVRO CAIXA'),
(10, 'SIMEI');

INSERT INTO `TBUSUARIO` (`CODIGO_USUARIO`, `NOME`, `LOGIN`, `SENHA`, `TIPO_USUARIO`, `DVG`, `DVL`, `EMAIL1`, `EMAIL2`, `FONECOM`, `FONERES`, `FONECEL`, `FONEFAX`, `OBSERVACAO`, `NASCIMENTO`) VALUES
(1, 'admin', 'root', 'age0012200', 'S', NULL, NULL, '', '', '', '', '', '', '', NULL),
(2, 'usuario da empresa teste', 'teste', '123456', 'E', NULL, NULL, NULL, NULL, NULL, NULL, NULL, NULL, NULL, NULL),
(3, 'Sergio Costa', 'scosta', '1010', 'E', NULL, NULL, NULL, NULL, NULL, NULL, NULL, NULL, NULL, NULL),
(579, 'NELSON', '1066', '123456', 'E', '2010-01-25', NULL, '', '', '', '', '', '', '', NULL),
(580, 'FABIANA CAVALCANTI', '1067', NULL, 'E', NULL, NULL, 'fcavalcanti@100porcento.srv.br', '', '', '', '', '', '', NULL),
(585, 'HILARIA COSTA', '1068', NULL, 'E', NULL, NULL, 'hilariacosta@hotmail.com', '', '', '', '', '', '', NULL),
(587, 'SERGIO COSTA', 'sergiocosta', '1010', 'E', NULL, NULL, 'sergiocosta@ageconsulting.com.br', '', '', '', '', '', '', NULL),
(590, 'RILDACI', '1070', NULL, 'E', NULL, NULL, 'agil@agilfactoring.com.br', 'agilfactoring@veloxmail.com.br', '', '', '', '', '', NULL),
(591, 'SERGIO POSTERNAK', '1071', NULL, 'E', NULL, NULL, 'posterna@atiaiaenergia.com.br', '', '', '', '', '', '', NULL),
(593, 'NALVA', '1072', NULL, 'E', NULL, NULL, 'adm@alecrimadvogados.com.br', '', '', '', '', '', '', NULL),
(594, 'ALEXANDRE PINTO', 'alexandre.pinto', '123456', 'E', NULL, NULL, 'ajpdrb@uol.com.br', 'alexandre.pinto@gisanet.com.br', '', '', '', '', '', NULL),
(597, 'INGRID', '1074', NULL, 'E', NULL, NULL, 'ingrid@applysolutions.com.br', '', '', '', '', '', '', NULL),
(599, 'CALDELENE', '1075', NULL, 'E', NULL, NULL, 'caldelene@applysolutions.com.br', '', '', '', '', '', '', NULL),
(601, 'LUCIANA', '1076', NULL, 'E', NULL, NULL, 'luciana@applysolutions.com.br', '', '', '', '', '', '', NULL),
(602, 'CASSIO', '1077', NULL, 'E', NULL, NULL, 'cassiombc@gmail.com', '', '', '', '', '', '', NULL),
(603, 'JOANA', '1078', NULL, 'E', NULL, NULL, 'arttudo@veloxmail.com.br', '', '', '', '', '', '', NULL),
(604, 'PAULA', '1079', NULL, 'E', NULL, NULL, 'financeiro@asadeprata.com.br', '', '', '', '', '', '', NULL),
(605, 'pagar@asadeprata.com.br', '1080', NULL, 'E', NULL, NULL, 'pagar@asadeprata.com.br', '', '', '', '', '', '', NULL),
(606, 'rh@asadeprata.com.br', '1081', NULL, 'E', NULL, NULL, 'rh@asadeprata.com.br', '', '', '', '', '', '', NULL),
(608, 'ANGELA', '1082', NULL, 'E', NULL, NULL, 'angela.viana@norclinicas.com.br', '', '', '', '', '', '', NULL),
(609, 'ROMUALDO', '1083', NULL, 'E', NULL, NULL, 'romualdo@norclinicas.com.br', '', '', '', '', '', '', NULL),
(610, 'MICHELE', '1084', NULL, 'E', NULL, NULL, 'michele@civ.com.br', '', '', '', '', '', '', NULL),
(611, 'GIZA POSTERNAK', '1085', NULL, 'E', NULL, NULL, 'p.giza@globo.com', 'audioclinicarecife@hotmail.com', '', '', '', '', '', NULL),
(615, 'BELZA', '1086', NULL, 'E', NULL, NULL, 'belza@truenet.com.br', '', '', '', '', '', '', NULL),
(616, 'VERA', '1087', NULL, 'E', NULL, NULL, 'veronise@fktec.com.br', '', '', '', '', '', '', NULL),
(617, 'NILSON PAZ JR', '1088', NULL, 'E', NULL, NULL, 'nilson.pazjr@gmail.com', '', '', '', '', '', '', NULL),
(618, 'MARTA', '1089', NULL, 'E', NULL, NULL, 'marta@neurotech.com.br', '', '', '', '', '', '', NULL),
(619, 'FABIANA DUMONT', '1090', NULL, 'E', NULL, NULL, 'fabiana.dumont@biofairtrade.com.br', '', '', '', '', '', '', NULL),
(620, 'ADRIANO', '1091', NULL, 'E', NULL, NULL, 'adriano@bmfactor.com.br', '', '', '', '', '', '', NULL),
(621, 'BETELENE BEZERRA', '1092', NULL, 'E', NULL, NULL, 'betelene.bezerra@bmfactor.com.br', '', '', '', '', '', '', NULL),
(622, 'CIMARA', '1093', NULL, 'E', NULL, NULL, 'cimararego@gmail.com', '', '', '', '', '', '', NULL),
(624, 'ALEXANDRE', '1094', NULL, 'E', NULL, NULL, 'alexandre@bravaautonomia.com.br', '', '', '', '', '', '', NULL),
(625, 'FABIANA SCMIDT', '1095', NULL, 'E', NULL, NULL, 'Fabiana.schmidt@casaesperanca.org.br', '', '', '', '', '', '', NULL),
(626, 'ALBERTO CHERPAK', '1096', NULL, 'E', NULL, NULL, 'acherpak@terra.com.br', '', '', '', '', '', '', NULL),
(627, 'ANA ROBERTA', '1097', NULL, 'E', NULL, NULL, 'ana@catenna.com.br', '', '', '', '', '', '', NULL),
(629, 'SILVIO CHERPAK', '1098', NULL, 'E', NULL, NULL, 'scherpak@medialsaude.com.br', '', '', '', '', '', '', NULL),
(630, 'JOSE DE MELLO', '1099', NULL, 'E', NULL, NULL, 'chinaespinheiro@ig.com.br', 'josedemello@uol.com.br', '', '', '', '', '', NULL),
(632, 'ROSIVALDO ARAUJO', '1100', NULL, 'E', NULL, NULL, 'rosivaldo.araujo@hotmail.com', '', '', '', '', '', '', NULL),
(635, 'KENIA', '1101', NULL, 'E', NULL, NULL, 'cunhamarinho@hotmail.com', '', '', '', '', '', '', NULL),
(636, 'AURELIA EMERICIANO', '1102', NULL, 'E', NULL, NULL, 'aurelia.emericiano@datasul.com.br', 'aurelia.emericiano@totvs.com.br', '', '', '', '', '', NULL),
(637, 'JOELMA', '1103', NULL, 'E', NULL, NULL, 'joelma.bezerra@totvs.com.br', '', '', '', '', '', '', NULL),
(639, 'DJAIR', '1104', NULL, 'E', NULL, NULL, '', '', '', '', '', '', '', NULL),
(642, 'SIMONE', '1105', NULL, 'E', NULL, NULL, 'diagno_adm@hospitalsaomarcos.com.br', '', '', '', '', '', '', NULL),
(643, 'RAQUEL CHERPAK', '1106', NULL, 'E', NULL, NULL, 'rcherpak@terra.com.br', '', '', '', '', '', '', NULL),
(644, 'ANA BEATRIZ EVELYN', '1107', NULL, 'E', NULL, NULL, 'ana_beatriz_evelyn@hotmail.com', '', '', '', '', '', '', NULL),
(645, 'CRISTIANE', '1108', NULL, 'E', NULL, NULL, 'cristianecobranca@ebge.com.br', '', '', '', '', '', '', NULL),
(647, 'PAULO DE TARSO', '1109', NULL, 'E', NULL, NULL, 'paulodetarso@ebge.com.br', '', '', '', '', '', '', NULL),
(650, 'EDUARDO AZEVEDO', '1110', NULL, 'E', NULL, NULL, 'eduardo@engine.org.br', 'eduardo.azevedo@gmail.com', '', '', '', '', '', NULL),
(651, 'VERUSKA', '1111', NULL, 'E', NULL, NULL, 'veruska@enservengenharia.com.br', 'enserv@enservengenharia.com.br', '', '', '', '', '', NULL),
(652, 'MARCELO', '1112', NULL, 'E', NULL, NULL, 'expeditoaluminios@uol.com.br', '', '', '', '', '', '', NULL),
(653, 'MARIO MORAES', '1113', NULL, 'E', NULL, NULL, 'mariodmoraes@yahoo.com.br', '', '', '', '', '', '', NULL),
(654, 'FREDERICO DAFONTE', '1114', NULL, 'E', NULL, NULL, 'fred@dragonmotos.com.br', '', '', '', '', '', '', NULL),
(655, 'LUANA', '1115', NULL, 'E', NULL, NULL, 'adm@dragonmotos.com.br', '', '', '', '', '', '', NULL),
(658, 'CARLA', '1116', NULL, 'E', NULL, NULL, 'carla_fam@hotmail.com', '', '', '', '', '', '', NULL),
(660, 'SERGIO SENA', '1117', NULL, 'E', NULL, NULL, 'infonet.web@uol.com.br', '', '', '', '', '', '', NULL),
(664, 'DANIEL DUARTE DOS SANTOS', '1118', NULL, 'E', NULL, NULL, 'danielduartedossantos@hotmail.com', '', '', '', '', '', '', NULL),
(666, 'LUCIANO CHERPAK', 'lucianocherpak', 'emc1997', 'E', NULL, NULL, 'lucianocherpak@ageconsulting.com.br', '', '', '', '', '', '', NULL),
(667, 'PATRICIA', '1120', NULL, 'E', NULL, NULL, 'financeiro-pe@btpe.com.br', '', '', '', '', '', '', NULL),
(669, 'HELOISA RAMOS', '1121', NULL, 'E', NULL, NULL, 'helramos@terra.com.br', '', '', '', '', '', '', NULL),
(671, 'ADILMA', '1122', NULL, 'E', NULL, NULL, 'adilma@lrw.adv.br', '', '', '', '', '', '', NULL),
(673, 'ANDREA GUILHERME', '1123', NULL, 'E', NULL, NULL, 'diagno_supervisao@hospitalsaomarcos.com.br', '', '', '', '', '', '', NULL),
(674, 'ANA MOUTINHO', '1124', NULL, 'E', NULL, NULL, 'amoutinho@informa.com.br', '', '', '', '', '', '', NULL),
(675, 'GRASIELLE CYSNEIROS', '1125', NULL, 'E', NULL, NULL, 'grasiellecysneiros@yahoo.com.br', '', '', '', '', '', '', NULL),
(677, 'MERCIA', '1126', NULL, 'E', NULL, NULL, 'financeiro@interdentepe.com.br', '', '', '', '', '', '', NULL),
(680, 'CARLOS MOTA', '1127', NULL, 'E', NULL, NULL, 'cmota@gruposaude.com.br', '', '', '', '', '', '', NULL),
(685, 'MARCIO VANDERLEI', '1128', NULL, 'E', NULL, NULL, 'marvs2003@oi.com.br', 'marcio.vanderlei@boris.com.br', '', '', '', '', '', NULL),
(686, 'LUIZ VIERA', '1129', NULL, 'E', NULL, NULL, 'luizvieiraf@gmail.com', '', '', '', '', '', '', NULL),
(694, 'RUBEM', '1130', NULL, 'E', NULL, NULL, 'pradorf@state.gov', 'pradorf@globo.com', '', '', '', '', '', NULL),
(697, 'MARCELO SILVA', '1131', NULL, 'E', NULL, NULL, 'marcelo.silva@parlapizza.com.br', '', '', '', '', '', '', NULL),
(702, 'ANA MARIA', '1132', NULL, 'E', NULL, NULL, 'anamaria@midiavox.com.br', '', '', '', '', '', '', NULL),
(703, 'EDJANE', '1133', NULL, 'E', NULL, NULL, 'edjane@midiavox.com.br', '', '', '', '', '', '', NULL),
(704, 'CRISTIANE', '1134', NULL, 'E', NULL, NULL, 'financeiro@miraeventos.com.br', '', '', '', '', '', '', NULL),
(705, 'RENATA DRUMMON', '1135', NULL, 'E', NULL, NULL, 'drummondrenata@hotmail.com', '', '', '', '', '', '', NULL),
(714, 'odontoface.orthoplus@hotmail.com', '1136', NULL, 'E', NULL, NULL, 'odontoface.orthoplus@hotmail.com', '', '', '', '', '', '', NULL),
(715, 'ALBERTO', '1137', NULL, 'E', NULL, NULL, 'alberto@padariacapela.com.br', '', '', '', '', '', '', NULL),
(716, 'ANIBAL', '1138', NULL, 'E', NULL, NULL, 'padaria@padariacapela.com.br', '', '', '', '', '', '', NULL),
(717, 'NEIDE', '1139', NULL, 'E', NULL, NULL, 'neide@paulocarneiroimoveis.com.br', '', '', '', '', '', '', NULL),
(718, 'PAULO CARNEIRO', '1140', NULL, 'E', NULL, NULL, 'paulo@paulocarneiroimoveis.com.br', '', '', '', '', '', '', NULL),
(720, 'FERNADA TRAVASSOS', '1141', NULL, 'E', NULL, NULL, 'laboratoriofernandotravassos@yahoo.com.br', '', '', '', '', '', '', NULL),
(721, 'EDSON', '1142', NULL, 'E', NULL, NULL, 'edsonpennaleal@hotmail.com', '', '', '', '', '', '', NULL),
(722, 'AURINEIDE EPAMINONDAS', '1143', NULL, 'E', NULL, NULL, 'auriepaminondas@hotmail.com', '', '', '', '', '', '', NULL),
(723, 'DANIELE', '1144', NULL, 'E', NULL, NULL, 'administrativo@perpark.com.br', '', '', '', '', '', '', NULL),
(724, 'IRAVAN', '1145', NULL, 'E', NULL, NULL, 'iravan@globo.com', 'iravan.mendes@estapar.com.br', '', '', '', '', '', NULL),
(725, 'ANA VALERIA', '1146', NULL, 'E', NULL, NULL, 'anavaleria@produtiva.srv.br', '', '', '', '', '', '', NULL),
(731, 'RENATA LEAO', '1045', NULL, 'E', NULL, NULL, 'renata-cleao@uol.com.br', '', '', '', '', '', '', NULL),
(733, 'RODIGO', '1046', NULL, 'E', NULL, NULL, 'rodrigo@rededigital.com', '', '', '', '', '', '', NULL),
(734, 'SIMONE MARQUES', '1047', NULL, 'E', NULL, NULL, 'simone.marques@rededigital.com', '', '', '', '', '', '', NULL),
(735, 'ANTONIO FIGUEIRAS', '1048', NULL, 'E', NULL, NULL, 'antoniofigueiras@giraffas.com', '', '', '', '', '', '', NULL),
(736, 'GLAUCIA', '1049', NULL, 'E', NULL, NULL, 'glaucia@giraffas.com', '', '', '', '', '', '', NULL),
(744, 'AGUERA', '1050', NULL, 'E', NULL, NULL, 'sabinotenorio@hotmail.com', '', '', '', '', '', '', NULL),
(746, 'CLAUDIO FARIAS', '1051', NULL, 'E', NULL, NULL, 'claudio.farias@saudeexcelsior.com.br', '', '', '', '', '', '', NULL),
(747, 'JUNIOR', '1052', NULL, 'E', NULL, NULL, 'securitycenter@uol.com.br', '', '', '', '', '', '', NULL),
(749, 'SILVIA DA FONTE', '1053', NULL, 'E', NULL, NULL, 'gabycaule@hotmail.com', '', '', '', '', '', '', NULL),
(752, 'FABIOLA PORFIRIO', '1054', NULL, 'E', NULL, NULL, 'fabiola.porfirio@recife.softex.br', '', '', '', '', '', '', NULL),
(753, 'MANOEL BORBA', '1055', NULL, 'E', NULL, NULL, 'manoel.borba@recife.softex.br', '', '', '', '', '', '', NULL),
(762, 'MOACIR JUCA', '1056', NULL, 'E', NULL, NULL, 'moacirjuca@hotmail.com', '', '', '', '', '', '', NULL),
(763, 'SERGIO CUNHA', '1057', NULL, 'E', NULL, NULL, 'sergio.cunha@v2fseguros.com.br', 'sergio_cunha65@hotmail.com', '', '', '', '', '', NULL),
(764, 'SOCORRO', '1058', NULL, 'E', NULL, NULL, 'socorro@vianagalvao.com.br', '', '', '', '', '', '', NULL),
(766, 'LUIZ ANDRE', '1059', NULL, 'E', NULL, NULL, 'luizandre3009@superig.com.br', '', '', '', '', '', '', NULL),
(767, 'VITORIA', '1060', NULL, 'E', NULL, NULL, 'infanto13recife@hotmail.com', '', '', '', '', '', '', NULL),
(768, 'RODIGO MUNIZ', '1061', NULL, 'E', NULL, NULL, 'rodrigomuniz@wenetus.com', '', '', '', '', '', '', NULL),
(769, 'WALMAR', '1062', NULL, 'E', NULL, NULL, 'walmarandrade@wenetus.com', 'wenetus@wenetus.com', '', '', '', '', '', NULL),
(770, 'JORGE', '1063', NULL, 'E', NULL, NULL, 'jorge@civ.com.br', '', '', '', '', '', '', NULL),
(772, 'ANITA BEZERRA SILVA', '1064', NULL, 'E', NULL, NULL, 'anita.bezerrasilva@gmail.com', '', '', '', '', '', '', NULL),
(774, 'psergio@hotlink.com.br', '1065', NULL, 'E', NULL, NULL, 'psergio@hotlink.com.br', '', '', '', '', '', '', NULL),
(776, 'ANA LUCIA MACHADO', '1044', NULL, 'E', NULL, NULL, 'analuciamachado5@hotmail.com', '', '', '', '', '', '', NULL),
(780, 'Albuquerque Pinto - comisso', '1003', NULL, 'E', NULL, NULL, '', '', '', '', '', '', '', NULL),
(781, 'ALP', '1004', NULL, 'E', NULL, NULL, '', '', '', '', '', '', '', NULL),
(783, 'Brasilencorp', '1005', NULL, 'E', NULL, NULL, '', '', '', '', '', '', '', NULL),
(784, 'CBJ Consultoria em Gestao Emp. Ltda', '1006', NULL, 'E', NULL, NULL, '', '', '', '', '', '', '', NULL),
(786, 'FERNANDO CASTRO', '1007', NULL, 'E', NULL, NULL, '', '', '', '', '', '', '', NULL),
(787, 'SERGIO MOURY', '1008', NULL, 'E', NULL, NULL, 'smoury@engenhodemidia.com.br', '', '', '', '', '', '', NULL),
(788, 'MANOEL LEAL', '1009', NULL, 'E', NULL, NULL, 'mpleal@hotlink.com.br', '', '', '', '', '', '', NULL),
(790, 'GC Consultoria', '1010', NULL, 'E', NULL, NULL, '', '', '', '', '', '', '', NULL),
(791, 'Grupo Severiano Ribeiro', '1011', NULL, 'E', NULL, NULL, '', '', '', '', '', '', '', NULL),
(792, 'Herman Diogo Braga', '1012', NULL, 'E', NULL, NULL, '', '', '', '', '', '', '', NULL),
(793, 'Intermedica', '1013', NULL, 'E', NULL, NULL, '', '', '', '', '', '', '', NULL),
(794, 'PEDRO FERREIRA', '1014', NULL, 'E', NULL, NULL, 'pedrolferreira@hormail.com', '', '', '', '', '', '', NULL),
(795, 'LG SERV RAPIDOS', '1015', NULL, 'E', NULL, NULL, '', '', '', '', '', '', '', NULL),
(796, 'LIMONGI SIAL', '1016', NULL, 'E', NULL, NULL, '', '', '', '', '', '', '', NULL),
(797, 'LMR Consultoria', '1017', NULL, 'E', NULL, NULL, '', '', '', '', '', '', '', NULL),
(798, 'LUCIANO SCHULER', '1018', NULL, 'E', NULL, NULL, 'luciano@rapidaocometa.com.br', '', '', '', '', '', '', NULL),
(799, 'Maria das Neves', '1019', NULL, 'E', NULL, NULL, '', '', '', '', '', '', '', NULL),
(800, 'CLARIBENOR', '1020', NULL, 'E', NULL, NULL, 'claribenor@oi.com.br', 'claribenor@rapidaocometa.com.br', '', '', '', '', '', NULL),
(801, 'Mecadinho Omeda + lanchonete', '1021', NULL, 'E', NULL, NULL, '', '', '', '', '', '', '', NULL),
(802, 'MERCONORTE', '1022', NULL, 'E', NULL, NULL, '', '', '', '', '', '', '', NULL),
(803, 'Montarroios', '1023', NULL, 'E', NULL, NULL, '', '', '', '', '', '', '', NULL),
(804, 'LUIZ MORAES', '1024', NULL, 'E', NULL, NULL, 'morais.lula@gmail.com', ' ', ' ', ' ', ' ', ' ', ' ', NULL),
(805, 'MS Clinicas', '1025', NULL, 'E', NULL, NULL, '', '', '', '', '', '', '', NULL),
(806, 'Next Net', '1026', NULL, 'E', NULL, NULL, '', '', '', '', '', '', '', NULL),
(807, 'NOS NA FITA', '1027', NULL, 'E', NULL, NULL, '', '', '', '', '', '', '', NULL),
(808, 'Novo Rumo Servios', '1028', NULL, 'E', NULL, NULL, '', '', '', '', '', '', '', NULL),
(809, 'Parque do Saber', '1029', NULL, 'E', NULL, NULL, '', '', '', '', '', '', '', NULL),
(810, 'R & G Publicaes', '1030', NULL, 'E', NULL, NULL, '', '', '', '', '', '', '', NULL),
(811, 'R2', '1031', NULL, 'E', NULL, NULL, '', '', '', '', '', '', '', NULL),
(812, 'ROSEMBERG', '1032', NULL, 'E', NULL, NULL, '', '', '', '', '', '', '', NULL),
(813, 'RECIFE CONSULTORIA', '1033', NULL, 'E', NULL, NULL, '', '', '', '', '', '', '', NULL),
(815, 'ROSE', '1034', NULL, 'E', NULL, NULL, '', '', '', '', '', '', '', NULL),
(816, 'RR', '1035', NULL, 'E', NULL, NULL, '', '', '', '', '', '', '', NULL),
(817, 'Sandra e Jairo', '1036', NULL, 'E', NULL, NULL, '', '', '', '', '', '', '', NULL),
(818, 'Selim', '1037', NULL, 'E', NULL, NULL, '', '', '', '', '', '', '', NULL),
(820, 'SOC. DA INFORMACAO', '1038', NULL, 'E', NULL, NULL, '', '', '', '', '', '', '', NULL),
(821, 'STI', '1039', NULL, 'E', NULL, NULL, '', '', '', '', '', '', '', NULL),
(822, 'SUPREMA', '1040', NULL, 'E', NULL, NULL, '', '', '', '', '', '', '', NULL),
(823, 'TENIT', '1041', NULL, 'E', NULL, NULL, '', '', '', '', '', '', '', NULL),
(824, 'TMG INFORMATICA', '1042', NULL, 'E', NULL, NULL, '', '', '', '', '', '', '', NULL),
(825, 'Vinagretes', '1043', NULL, 'E', NULL, NULL, '', '', '', '', '', '', '', NULL),
(826, 'EVERALDO', '1001', NULL, 'E', NULL, NULL, 'everaldo@lrw.adv.br', '', '', '', '', '', '', NULL),
(827, 'MARCOS', '1002', NULL, 'E', NULL, NULL, 'marquinhosmega@msn.com', '', '', '', '', '', '', NULL),
(828, 'Flavio Yaura', 'flavioyaura', '1234', 'C', NULL, NULL, 'flavioyaura@ageconsulting.com.br', 'flavioyaura@yahoo.com.br', ' ', ' ', ' ', ' ', ' ', NULL),
(829, 'Carlos Menezes', 'cmenezes', '123456', 'E', '2010-01-11', NULL, 'carlos.ramenezes@hotmail.com', 'informatica@ageconsulting.com.br', '', '', '', '', '', NULL),
(830, 'Gil Ventura', 'gilventura', '123456', 'C', '2010-02-22', NULL, ' ', ' ', ' ', ' ', ' ', ' ', ' ', NULL),
(831, 'Karla Taciany', 'karlataciany', 'ktaciany', 'C', '2010-01-01', NULL, ' karlataciany@ageconsulting.com.br', ' ', ' ', ' ', ' ', ' ', ' ', NULL),
(832, 'Andressa Lima', 'andressa', '12345678', 'C', NULL, '2010-01-01', ' ', ' ', ' ', ' ', ' ', ' ', ' ', NULL),
(833, 'Isaias Costa', 'isaiascosta', '123456', 'C', NULL, '2010-02-22', '', '', '', '', '', '', '', NULL),
(834, 'Evelina Costa', 'evelinacosta', '123456', 'C', '2010-02-22', NULL, NULL, NULL, NULL, NULL, NULL, NULL, NULL, NULL),
(835, 'Ikaro Vasconcelos', 'ikarovasconcelos', '12345678', 'C', '2010-01-01', '2010-01-31', ' ', ' ', ' ', ' ', ' ', ' ', ' ', NULL),
(836, 'Susan Moraes', 'susanmoraes', '123456', 'C', '2010-02-22', NULL, NULL, NULL, NULL, NULL, NULL, NULL, NULL, NULL),
(837, 'Jose Pessoa', 'josepessoa', '123456', 'C', '2010-02-22', NULL, NULL, NULL, NULL, NULL, NULL, NULL, NULL, NULL),
(838, 'Maria Carolina', 'mariacarolina', '123456', 'C', '2010-02-22', NULL, NULL, NULL, NULL, NULL, NULL, NULL, NULL, NULL),
(839, 'Jobson Viana', 'jobsonviana', '123456', 'C', '2010-02-22', NULL, NULL, NULL, NULL, NULL, NULL, NULL, NULL, NULL),
(840, 'Armando Soares', 'armandosoares', '123456', 'C', '2010-02-22', NULL, NULL, NULL, NULL, NULL, NULL, NULL, NULL, NULL),
(841, 'Karoline', 'karoline', '123456', 'C', '2010-02-22', NULL, NULL, NULL, NULL, NULL, NULL, NULL, NULL, NULL),
(842, 'Pollyana', 'pollyana', '123456', 'C', '2010-02-22', NULL, NULL, NULL, NULL, NULL, NULL, NULL, NULL, NULL),
(843, 'Roberto', 'roberto', '123456', 'C', '2010-02-22', NULL, NULL, NULL, NULL, NULL, NULL, NULL, NULL, NULL),
(844, 'Nathalia', 'nathalia', '123456', 'C', '2010-02-22', NULL, NULL, NULL, NULL, NULL, NULL, NULL, NULL, NULL),
(845, 'Walter', 'walter', '123456', 'C', '2010-02-22', NULL, NULL, NULL, NULL, NULL, NULL, NULL, NULL, NULL),
(846, 'Alexandre', 'alexandre', '12345678', 'C', '2010-02-22', NULL, '', '', '', '', '', '', '', NULL),
(847, 'Fabiana', 'fabiana', 'fab123456', 'C', '2010-02-22', NULL, '', '', '', '', '', '', '', NULL),
(848, 'Fabiola Ferreira', 'fabiolaferreira', '12345678', 'C', '2010-02-22', NULL, ' ', ' ', ' ', ' ', ' ', ' ', ' ', NULL),
(849, 'LUCIANO CHERPAK', 'lucianoage', 'emc1997', 'S', '2009-01-01', NULL, 'lucianocherpak@ageconsulting.com.br', '', '', '', '', '', '', NULL),
(850, 'David Cunha', 'davidc', '801206', 'C', '2010-04-06', NULL, 'informatica@ageconsulting.com.br', '', '', '', '', '', '', NULL),
(851, 'MARIZA DA FONTE', 'marizadafonte', '', 'E', '2009-01-01', NULL, 'marizafonte@uol.com.br', '', '', '', '', '', '', NULL),
(852, 'JOAO BOSCO', 'joaobosco', '', 'E', '2009-01-01', NULL, 'giriquiti@gmail.com.br', 'giriquiti@hotmail.com', '', '', '', '', '', NULL),
(853, 'ALMIR GALVAO', 'almir', 'almir', 'E', '2010-06-01', NULL, 'almir.galvao@fyllos.com.br', '', '', '', '', '', '', NULL),
(854, 'ARTHUR GALVAO', 'arthur', '123456', 'E', '2010-06-01', NULL, 'arthur.galvao@fyllos.com.br', '', '', '', '', '', '', NULL),
(855, 'EDILEUZA FERRAZ', 'edileuzaferraz', 'ed1234', 'C', '2010-04-01', NULL, 'edileuzaferraz@ageconsulting.com.br', '', '', '', '', '', '', NULL),
(856, 'Luciana Damascena', 'damascena', 'age123', 'C', NULL, NULL, 'lucianadamascena@ageconsulting.com.br', '', '', '', '', '', '', NULL),
(857, 'Marconi', 'marconi', 'age123', 'C', NULL, NULL, 'marconialves@ageconsulting.com.br', '', '', '', '', '', '', NULL),
(858, 'Gabriella', 'gabriella', 'age123', 'C', NULL, NULL, 'gabriellanascimento@ageconsulting.com.br', '', '', '', '', '', '', NULL),
(859, 'Veridiana', 'Veridiana', 'age123', 'C', NULL, NULL, 'veridianaserpa@ageconsulting.com.br', '', '', '', '', '', '', NULL),
(860, 'Simone Vitor', 'simonevitor', 'age123', 'C', NULL, NULL, 'simonevitor@ageconsulting.com.br', '', '', '', '', '', '', NULL),
(861, 'Katia Nascimento', 'katianascimento', 'age123', 'C', NULL, NULL, 'katianascimento@ageconsulting.com.br', '', '', '', '', '', '', NULL),
(862, 'Conceicao', 'conceicao', 'age123', 'C', NULL, NULL, 'conceicao@ageconsulting.com.br', '', '', '', '', '', '', NULL),
(863, 'SIMONE CAMARA', 'simonecamara', 'sc1189', 'C', NULL, NULL, 'simonecamara@ageconsulting.com.br', '', '', '', '', '', '', NULL),
(864, 'SaudecorpFin', 'SaudecorpFin', '1234', 'E', NULL, NULL, 'simonecamara@ageconsulting.com.br', '', '', '', '', '', '', NULL),
(865, 'DEBORA ROLIM', 'deborarolim', '123456', 'C', NULL, NULL, 'protocolo@ageconsulting.com.br', '', '', '', '', '', '', NULL),
(866, 'XPTO', 'xpto', '123456', 'E', NULL, NULL, 'xpto@xpto.com.br', '', '', '', '', '', '', NULL),
(867, 'Emanoel Barros', 'emanoelbarros', '0012200', 'S', NULL, NULL, 'informatica@ageconsulting.com.br', '', '8134212078', '', '81999388260', '', 'TI (Segurana da Informao)', NULL);


